#Exudyn explicit time integration (ExplicitEuler) solver solution file
#simulation started=2026-01-27,10:19:59
#columns contain: time, ODE2 displacements, ODE2 velocities, ODE2 accelerations
#number of system coordinates [nODE2, nODE1, nAlgebraic, nData] = [18,0,0,0]
#number of written coordinates [nODE2, nVel2, nAcc2, nODE1, nVel1, nAlgebraic, nData] = [18,18,18,0,0,0,0]
#total columns exported  (excl. time) = 54
#number of time steps (planned) = 200
#Exudyn version = 1.10.0; Python3.11.11; Windows AVX2 FLOAT64
#
#solution information = DogEnv
#Exudyn explicit time integration (ExplicitEuler) solver solution file
#simulation started=2026-01-27,10:19:59
#columns contain: time, ODE2 displacements, ODE2 velocities, ODE2 accelerations
#number of system coordinates [nODE2, nODE1, nAlgebraic, nData] = [18,0,0,0]
#number of written coordinates [nODE2, nVel2, nAcc2, nODE1, nVel1, nAlgebraic, nData] = [18,18,18,0,0,0,0]
#total columns exported  (excl. time) = 54
#number of time steps (planned) = 200
#Exudyn version = 1.10.0; Python3.11.11; Windows AVX2 FLOAT64
#
#solution information = DogEnv
0,0,0,0.55,0,0,0,0,0,0,0,0,0,0,0,0,0,0,0,0,0,0,0,0,0,0,0,0,0,0,0,0,0,0,0,0,0,0,0,0,0,0,0,0,0,0,0,0,0,0,0,0,0,0,0
0.01,9.186585557e-05,1.390442186e-08,0.5496569203,-1.478226166e-06,-0.0001754868294,1.342893111e-06,2.621845904e-06,-4.49658837e-07,2.629676131e-06,-4.486978601e-07,-0.003170224832,0.006818882699,0.005792371231,-0.002957019742,0.009859654237,-0.003442911199,-0.004101505976,0.009952418741,0.01675421911,5.619124906e-06,-0.05784966351,-0.0004157929913,-0.02505206967,0.0009524927286,0.001142904645,-0.0005517723269,0.001147564977,-0.0005567381494,-0.3904776702,0.7079501578,0.5892051493,-0.3860925839,0.9865410039,-0.4631247262,-0.4988190932,0.9831459562,1.613925363,0.001259367023,-2.945427335,-0.03673810773,-0.8802543494,0.223801016,0.1671656073,-0.1002283412,0.1683301326,-0.1023228537,5.56005723,-25.8362312,-15.40504532,3.62855542,-7.185036195,4.480925309,5.330895236,-6.674658285
0.02,0.0003440731066,1.497049161e-07,0.5489828823,-6.664613759e-06,-0.0004471764652,1.968768609e-05,2.06733047e-05,-1.027406676e-05,2.079010107e-05,-1.040303954e-05,-0.006770719152,0.01315029444,0.01123927292,-0.006545614384,0.01935205947,-0.007820428619,-0.008800035572,0.01941309681,0.03406189757,2.334094647e-05,-0.07328250499,-0.000589397488,-0.02754456692,0.002574563909,0.002372834654,-0.001388330065,0.002390548331,-0.001408700768,-0.3293533384,0.5880433281,0.5184852185,-0.3291623053,0.9115225122,-0.4114322462,-0.4400181476,0.9076821894,1.759519407,0.002216552564,-0.5892799089,-0.01205213498,0.1759472998,0.124059267,0.09684048576,-0.07302243513,0.0982560549,-0.074485276,5.860764389,-5.429446423,-2.988501244,5.789941613,-7.301019417,5.248154978,5.872913053,-7.467445825
#Exudyn explicit time integration (ExplicitEuler) solver solution file
#simulation started=2026-01-27,10:20:00
#columns contain: time, ODE2 displacements, ODE2 velocities, ODE2 accelerations
#number of system coordinates [nODE2, nODE1, nAlgebraic, nData] = [18,0,0,0]
#number of written coordinates [nODE2, nVel2, nAcc2, nODE1, nVel1, nAlgebraic, nData] = [18,18,18,0,0,0,0]
#total columns exported  (excl. time) = 54
#number of time steps (planned) = 200
#Exudyn version = 1.10.0; Python3.11.11; Windows AVX2 FLOAT64
#
#solution information = DogEnv
0.02,0.0003440731066,1.497049161e-07,0.5489828823,-6.664613759e-06,-0.0004471764652,1.968768609e-05,2.06733047e-05,-1.027406676e-05,2.079010107e-05,-1.040303954e-05,-0.006770719152,0.01315029444,0.01123927292,-0.006545614384,0.01935205947,-0.007820428619,-0.008800035572,0.01941309681,0.03406189757,2.334094647e-05,-0.07328250499,-0.000589397488,-0.02754456692,0.002574563909,0.002372834654,-0.001388330065,0.002390548331,-0.001408700768,-0.3293533384,0.5880433281,0.5184852185,-0.3291623053,0.9115225122,-0.4114322462,-0.4400181476,0.9076821894,1.759519407,0.002216552564,-0.5892799089,-0.01205213498,0.1759472998,0.124059267,0.09684048576,-0.07302243513,0.0982560549,-0.074485276,5.860764389,-5.429446423,-2.988501244,5.789941613,-7.301019417,5.248154978,5.872913053,-7.467445825
0.03,0.0009506210593,1.481200254e-06,0.548217581,-0.0001046325015,-0.001015992792,7.058291029e-05,0.0001455806048,1.382215721e-05,0.0001430701888,2.251708195e-05,-0.01089863198,0.03019503094,0.0180071304,-0.01028337992,0.03332174767,0.003960656423,-0.004438756353,0.03349059295,0.08423718964,0.0004053742073,-0.07992801101,-0.02648587298,-0.05406841717,0.0133682897,0.03334889824,0.004104437721,0.03282969687,0.008374435037,-0.3877237729,2.402239917,0.6357288312,-0.3465296567,1.379230337,1.317853954,0.4143963914,1.376068071,4.113682145,0.09394559931,-0.7482885105,-4.423904152,3.631991806,2.600725397,5.690897557,0.02662064058,5.552894603,1.191576647,6.884735724,71.94319614,-0.9189650359,6.099271275,-10.3629289,10.92926009,12.22009431,-11.16654703
0.04,0.001979195512,1.270620917e-05,0.547374399,-0.0006085957307,-0.001341919412,0.0003495392239,0.0007833134059,5.161503174e-05,0.000737470585,0.0001750026202,-0.01448240711,0.05644503547,0.02539595909,-0.01347886172,0.04658133367,0.01752708216,0.0006713144054,0.04671263957,0.1201371781,0.002113370879,-0.08956635714,-0.07573515087,-0.00882338968,0.04329212112,0.095429893,0.003130755474,0.08242349073,0.02299149111,-0.3324545429,2.770403941,0.9354794285,-0.2944445007,1.27110262,1.389110295,0.6376293908,1.269310676,3.076970209,0.2462651413,-1.204609457,-5.064868937,4.887805083,3.011477104,6.17833536,-0.1879977695,3.264461296,1.639707728,4.42799346,19.77770275,53.84683709,4.538300527,-10.80752213,6.200276043,29.89447969,-10.04038743
#Exudyn explicit time integration (ExplicitEuler) solver solution file
#simulation started=2026-01-27,10:20:00
#columns contain: time, ODE2 displacements, ODE2 velocities, ODE2 accelerations
#number of system coordinates [nODE2, nODE1, nAlgebraic, nData] = [18,0,0,0]
#number of written coordinates [nODE2, nVel2, nAcc2, nODE1, nVel1, nAlgebraic, nData] = [18,18,18,0,0,0,0]
#total columns exported  (excl. time) = 54
#number of time steps (planned) = 200
#Exudyn version = 1.10.0; Python3.11.11; Windows AVX2 FLOAT64
#
#solution information = DogEnv
0.04,0.001979195512,1.270620917e-05,0.547374399,-0.0006085957307,-0.001341919412,0.0003495392239,0.0007833134059,5.161503174e-05,0.000737470585,0.0001750026202,-0.01448240711,0.05644503547,0.02539595909,-0.01347886172,0.04658133367,0.01752708216,0.0006713144054,0.04671263957,0.1201371781,0.002113370879,-0.08956635714,-0.07573515087,-0.00882338968,0.04329212112,0.095429893,0.003130755474,0.08242349073,0.02299149111,-0.3324545429,2.770403941,0.9354794285,-0.2944445007,1.27110262,1.389110295,0.6376293908,1.269310676,3.076970209,0.2462651413,-1.204609457,-5.064868937,4.887805083,3.011477104,6.17833536,-0.1879977695,3.264461296,1.639707728,4.42799346,19.77770275,53.84683709,4.538300527,-10.80752213,6.200276043,29.89447969,-10.04038743
0.05,0.003331568047,5.340703884e-05,0.5462878521,-0.002081639033,-0.000998553001,0.0009387730433,0.002458829492,0.0001757548093,0.001640037252,0.000868802983,-0.01919358788,0.0934850343,0.04195071692,-0.01751123963,0.06392947213,0.05660106473,0.03048219792,0.06420643759,0.1453136099,0.006787628981,-0.1384226083,-0.2400778846,0.1043942958,0.07732236936,0.2602001809,0.002059278928,0.07205126558,0.1337744049,-0.51393216,4.958531549,2.909201801,-0.4640398782,1.673458597,4.567059492,3.794214099,1.681056435,0.259770007,0.6888714717,-8.79240028,-23.24985396,19.03646671,4.108858466,23.16123364,-7.19182132,-14.06976274,17.40661728,-12.26524079,328.8580425,388.6724438,-16.59017335,-18.82574372,199.7559662,264.4569295,-16.41079569
0.06,0.004700783722,0.0001227299044,0.5446602917,-0.002512474917,-0.0004553709866,0.00180237884,0.003361083647,-0.001001300166,-0.000295757604,0.0003860852817,-0.02381291502,0.129996731,0.09211666861,-0.02178943882,0.08005801092,0.08623879722,0.07684623913,0.08058844734,0.1232881331,0.003542725846,-0.19162801,0.2597479061,-0.05628763993,0.07530803519,-0.1832176781,-0.2047697726,-0.4136265173,-0.3062293031,-0.372711506,2.625951984,7.401105754,-0.3519104202,1.577269945,2.652151508,5.831697326,1.613906669,-4.201241693,-1.421815787,-8.328710872,87.02842093,-32.69947695,-5.939456582,-81.23084931,-22.75284022,-33.77205841,-72.64400932,23.40960327,-93.43126273,641.3186261,19.7219399,-1.54293782,-28.70214364,409.58055,-0.7145625734
#Exudyn explicit time integration (ExplicitEuler) solver solution file
#simulation started=2026-01-27,10:20:00
#columns contain: time, ODE2 displacements, ODE2 velocities, ODE2 accelerations
#number of system coordinates [nODE2, nODE1, nAlgebraic, nData] = [18,0,0,0]
#number of written coordinates [nODE2, nVel2, nAcc2, nODE1, nVel1, nAlgebraic, nData] = [18,18,18,0,0,0,0]
#total columns exported  (excl. time) = 54
#number of time steps (planned) = 200
#Exudyn version = 1.10.0; Python3.11.11; Windows AVX2 FLOAT64
#
#solution information = DogEnv
0.06,0.004700783722,0.0001227299044,0.5446602917,-0.002512474917,-0.0004553709866,0.00180237884,0.003361083647,-0.001001300166,-0.000295757604,0.0003860852817,-0.02381291502,0.129996731,0.09211666861,-0.02178943882,0.08005801092,0.08623879722,0.07684623913,0.08058844734,0.1232881331,0.003542725846,-0.19162801,0.2597479061,-0.05628763993,0.07530803519,-0.1832176781,-0.2047697726,-0.4136265173,-0.3062293031,-0.372711506,2.625951984,7.401105754,-0.3519104202,1.577269945,2.652151508,5.831697326,1.613906669,-4.201241693,-1.421815787,-8.328710872,87.02842093,-32.69947695,-5.939456582,-81.23084931,-22.75284022,-33.77205841,-72.64400932,23.40960327,-93.43126273,641.3186261,19.7219399,-1.54293782,-28.70214364,409.58055,-0.7145625734
0.07,0.005670478302,8.878792443e-05,0.5426529494,0.0008570863217,-0.001466948366,0.002141871063,0.0006415320913,-0.001437633237,-0.002312335915,-0.002880248413,-0.03043879591,0.1527950171,0.1518236883,-0.02836026044,0.1031099737,0.1113892788,0.1117626979,0.1039113897,0.08337102898,-0.00710200385,-0.1873140898,0.2328923818,-0.08782191636,0.004619283789,-0.1941250393,0.09407474325,0.01790825747,-0.198562689,-0.6751636153,2.055247052,3.105849275,-0.6769323024,2.252123221,2.384373756,2.421618233,2.249185963,-0.1462050622,-0.3086694987,2.824976434,-11.60073278,-0.1952779698,-2.298055054,9.252410858,-3.923889687,10.66776631,13.3078482,9.774317574,-24.811968,-284.5115165,8.562366536,-20.30348959,-24.19261809,-34.48841729,-162.1881989
0.08,0.006535558741,3.56223098e-06,0.540899586,0.002921900948,-0.002406574371,0.002130283347,-0.00107694769,-0.0008368570995,-0.00200748139,-0.004535599497,-0.03665368449,0.1722860036,0.1751931012,-0.0345140531,0.1247691941,0.1340842774,0.1345700515,0.1254838123,0.09188740063,-0.01007422304,-0.1647504894,0.1981744906,-0.1015019215,-0.003844749995,-0.1630333732,0.02892200099,0.02706826238,-0.1511061935,-0.5651827671,1.848052017,1.919137742,-0.552553457,2.082938265,2.15639598,2.155332506,2.065295658,1.284577576,-0.3423080048,1.835373687,0.4203496584,-1.372093856,-0.1980221201,0.232223093,-4.214168177,-1.489209686,0.7799449217,11.04843492,-19.36031467,-43.45260793,11.95139967,-15.85147626,-21.65184504,-22.55866019,-17.07805344
#Exudyn explicit time integration (ExplicitEuler) solver solution file
#simulation started=2026-01-27,10:20:00
#columns contain: time, ODE2 displacements, ODE2 velocities, ODE2 accelerations
#number of system coordinates [nODE2, nODE1, nAlgebraic, nData] = [18,0,0,0]
#number of written coordinates [nODE2, nVel2, nAcc2, nODE1, nVel1, nAlgebraic, nData] = [18,18,18,0,0,0,0]
#total columns exported  (excl. time) = 54
#number of time steps (planned) = 200
#Exudyn version = 1.10.0; Python3.11.11; Windows AVX2 FLOAT64
#
#solution information = DogEnv
0.08,0.006535558741,3.56223098e-06,0.540899586,0.002921900948,-0.002406574371,0.002130283347,-0.00107694769,-0.0008368570995,-0.00200748139,-0.004535599497,-0.03665368449,0.1722860036,0.1751931012,-0.0345140531,0.1247691941,0.1340842774,0.1345700515,0.1254838123,0.09188740063,-0.01007422304,-0.1647504894,0.1981744906,-0.1015019215,-0.003844749995,-0.1630333732,0.02892200099,0.02706826238,-0.1511061935,-0.5651827671,1.848052017,1.919137742,-0.552553457,2.082938265,2.15639598,2.155332506,2.065295658,1.284577576,-0.3423080048,1.835373687,0.4203496584,-1.372093856,-0.1980221201,0.232223093,-4.214168177,-1.489209686,0.7799449217,11.04843492,-19.36031467,-43.45260793,11.95139967,-15.85147626,-21.65184504,-22.55866019,-17.07805344
0.09,0.007517135114,-0.0001156467559,0.5393332258,0.00494620087,-0.003466088611,0.002086713818,-0.002707921381,-0.0006713555142,-0.001786172149,-0.006029780317,-0.04186781086,0.1898244814,0.1928265259,-0.03957988289,0.1449389387,0.1546114713,0.1550646254,0.145433709,0.1047198752,-0.01392883049,-0.149167497,0.207843177,-0.1094700666,-0.004603468944,-0.1636688515,0.009765376169,0.01904631416,-0.1487520666,-0.4709497456,1.66110688,1.641501007,-0.4546079318,1.940546777,1.950418475,1.946216631,1.915532112,1.304260733,-0.4174198682,1.341745266,1.118050681,-0.4977245302,-0.01952060603,-0.09182632064,-0.5767260596,-0.3120738173,0.08615459325,9.772101357,-17.75570077,-19.88887428,9.937383861,-15.00908749,-19.59139495,-19.63564546,-15.45609807
0.1,0.008628327396,-0.0002762728397,0.5379026486,0.007073811641,-0.004577489567,0.002040155969,-0.004341935449,-0.0005861059568,-0.001603406326,-0.007507435549,-0.04611251585,0.20558719,0.2083422182,-0.04365754342,0.1636205919,0.1731778706,0.1735888972,0.1638479446,0.1175779358,-0.01829650428,-0.1372987312,0.216987303,-0.1121375888,-0.004683341815,-0.1622885043,0.008279550828,0.01800404325,-0.1460457101,-0.3788939971,1.492764287,1.466023544,-0.3621761172,1.796266109,1.764117394,1.760010863,1.768152097,1.26384097,-0.4517757462,1.057948338,0.6634273026,-0.07437932108,-0.002693863161,0.3957432263,0.06849771703,0.006538111501,0.4958466857,8.677589707,-15.95084443,-16.01417626,8.625632027,-13.85610304,-17.71864858,-17.68558274,-14.06592391
#Exudyn explicit time integration (ExplicitEuler) solver solution file
#simulation started=2026-01-27,10:20:00
#columns contain: time, ODE2 displacements, ODE2 velocities, ODE2 accelerations
#number of system coordinates [nODE2, nODE1, nAlgebraic, nData] = [18,0,0,0]
#number of written coordinates [nODE2, nVel2, nAcc2, nODE1, nVel1, nAlgebraic, nData] = [18,18,18,0,0,0,0]
#total columns exported  (excl. time) = 54
#number of time steps (planned) = 200
#Exudyn version = 1.10.0; Python3.11.11; Windows AVX2 FLOAT64
#
#solution information = DogEnv
0.1,0.008628327396,-0.0002762728397,0.5379026486,0.007073811641,-0.004577489567,0.002040155969,-0.004341935449,-0.0005861059568,-0.001603406326,-0.007507435549,-0.04611251585,0.20558719,0.2083422182,-0.04365754342,0.1636205919,0.1731778706,0.1735888972,0.1638479446,0.1175779358,-0.01829650428,-0.1372987312,0.216987303,-0.1121375888,-0.004683341815,-0.1622885043,0.008279550828,0.01800404325,-0.1460457101,-0.3788939971,1.492764287,1.466023544,-0.3621761172,1.796266109,1.764117394,1.760010863,1.768152097,1.26384097,-0.4517757462,1.057948338,0.6634273026,-0.07437932108,-0.002693863161,0.3957432263,0.06849771703,0.006538111501,0.4958466857,8.677589707,-15.95084443,-16.01417626,8.625632027,-13.85610304,-17.71864858,-17.68558274,-14.06592391
0.11,0.009856993631,-0.000481657823,0.5365771305,0.009242532435,-0.005665561861,0.001992800276,-0.005913030444,-0.0004856600131,-0.001409773872,-0.00891493297,-0.04975969432,0.2198208137,0.2222980292,-0.04716908801,0.181227831,0.183415162,0.1837871047,0.1811747731,0.1281600438,-0.02282155699,-0.1279587854,0.2151810409,-0.1061575237,-0.004774490103,-0.1505557096,0.01137646823,0.0202892989,-0.1340511886,-0.3284826305,1.339958985,1.312457956,-0.3164088156,1.694669664,0.9623918123,0.9586401771,1.667085451,1.052796505,-0.4513232085,0.8589210587,-0.4989394903,0.4953064043,-0.008036292652,1.430129973,0.1157377392,0.03064089508,1.462169115,7.462054613,-14.87693862,-14.70765333,7.295004779,-13.33965418,-9.699419233,-9.663715284,-13.35229938
0.12,0.01119024919,-0.0007322020674,0.535338088,0.01136470897,-0.006701194175,0.001944592761,-0.007343681527,-0.000369923673,-0.00120912529,-0.01017920715,-0.05268748975,0.2325247332,0.2347362354,-0.04998444504,0.1975341797,0.1925754087,0.1929116027,0.1972051207,0.1385404137,-0.02733061446,-0.1199465371,0.2087388801,-0.1007482626,-0.004874278389,-0.135044014,0.01153157303,0.01960077488,-0.118301586,-0.2575751219,1.202739301,1.177148843,-0.2472128694,1.567220812,0.8703131046,0.8669154486,1.539701163,1.02089218,-0.4501502263,0.7519817182,-0.7716544042,0.5917248594,-0.01179647631,1.656748869,-0.03900054566,-0.1200456936,1.670962956,6.738178178,-12.84137914,-12.64660621,6.554167686,-12.19655963,-8.750397046,-8.716234308,-12.15703393
#Exudyn explicit time integration (ExplicitEuler) solver solution file
#simulation started=2026-01-27,10:20:00
#columns contain: time, ODE2 displacements, ODE2 velocities, ODE2 accelerations
#number of system coordinates [nODE2, nODE1, nAlgebraic, nData] = [18,0,0,0]
#number of written coordinates [nODE2, nVel2, nAcc2, nODE1, nVel1, nAlgebraic, nData] = [18,18,18,0,0,0,0]
#total columns exported  (excl. time) = 54
#number of time steps (planned) = 200
#Exudyn version = 1.10.0; Python3.11.11; Windows AVX2 FLOAT64
#
#solution information = DogEnv
0.12,0.01119024919,-0.0007322020674,0.535338088,0.01136470897,-0.006701194175,0.001944592761,-0.007343681527,-0.000369923673,-0.00120912529,-0.01017920715,-0.05268748975,0.2325247332,0.2347362354,-0.04998444504,0.1975341797,0.1925754087,0.1929116027,0.1972051207,0.1385404137,-0.02733061446,-0.1199465371,0.2087388801,-0.1007482626,-0.004874278389,-0.135044014,0.01153157303,0.01960077488,-0.118301586,-0.2575751219,1.202739301,1.177148843,-0.2472128694,1.567220812,0.8703131046,0.8669154486,1.539701163,1.02089218,-0.4501502263,0.7519817182,-0.7716544042,0.5917248594,-0.01179647631,1.656748869,-0.03900054566,-0.1200456936,1.670962956,6.738178178,-12.84137914,-12.64660621,6.554167686,-12.19655963,-8.750397046,-8.716234308,-12.15703393
0.13,0.01261511092,-0.001027347825,0.5341721966,0.01337840964,-0.007636825594,0.001894534199,-0.008579158736,-0.0002410065054,-0.001003722363,-0.01125078184,-0.05527656907,0.2440610188,0.2460084025,-0.05251146797,0.2129933286,0.1900617588,0.1903659031,0.2124118887,0.1463331813,-0.03169202112,-0.1132000196,0.1927100094,-0.08772831549,-0.005124165524,-0.1111113234,0.01351517918,0.02082643696,-0.0949483509,-0.2325984866,1.079576524,1.053873074,-0.228378175,1.487828612,-0.2558730531,-0.2589591124,1.46455594,0.7797191644,-0.4220667805,0.6503486701,-1.75512661,1.029621353,-0.02398614415,2.460697888,-0.07304085993,-0.1390351986,2.43371199,5.742698899,-12.45573312,-12.19993689,5.525705385,-11.9113291,2.506315889,2.535938927,-11.70824545
0.14,0.0141169018,-0.00136480247,0.5330716357,0.01522001973,-0.008464811821,0.001842049058,-0.009570767092,-0.000113340001,-0.0008061841355,-0.01208199162,-0.05732606045,0.2542860611,0.2559893642,-0.05452887772,0.2273005629,0.1876240153,0.1878987741,0.2264960206,0.1540738731,-0.03580611063,-0.1069186753,0.1755867523,-0.07788174342,-0.005379614931,-0.08719832075,0.01180360192,0.01846813797,-0.07128456394,-0.1775334086,0.9676774959,0.9445681035,-0.1753405997,1.374210706,-0.2317782765,-0.2345690039,1.35291793,0.7638518887,-0.4014887963,0.6083347404,-1.669156628,0.9572369811,-0.02655245823,2.324938633,-0.2069834146,-0.268758457,2.298773406,5.274347646,-10.33558178,-10.08682263,5.072697016,-10.86508248,2.303979502,2.332396821,-10.64943618
#Exudyn explicit time integration (ExplicitEuler) solver solution file
#simulation started=2026-01-27,10:20:00
#columns contain: time, ODE2 displacements, ODE2 velocities, ODE2 accelerations
#number of system coordinates [nODE2, nODE1, nAlgebraic, nData] = [18,0,0,0]
#number of written coordinates [nODE2, nVel2, nAcc2, nODE1, nVel1, nAlgebraic, nData] = [18,18,18,0,0,0,0]
#total columns exported  (excl. time) = 54
#number of time steps (planned) = 200
#Exudyn version = 1.10.0; Python3.11.11; Windows AVX2 FLOAT64
#
#solution information = DogEnv
0.14,0.0141169018,-0.00136480247,0.5330716357,0.01522001973,-0.008464811821,0.001842049058,-0.009570767092,-0.000113340001,-0.0008061841355,-0.01208199162,-0.05732606045,0.2542860611,0.2559893642,-0.05452887772,0.2273005629,0.1876240153,0.1878987741,0.2264960206,0.1540738731,-0.03580611063,-0.1069186753,0.1755867523,-0.07788174342,-0.005379614931,-0.08719832075,0.01180360192,0.01846813797,-0.07128456394,-0.1775334086,0.9676774959,0.9445681035,-0.1753405997,1.374210706,-0.2317782765,-0.2345690039,1.35291793,0.7638518887,-0.4014887963,0.6083347404,-1.669156628,0.9572369811,-0.02655245823,2.324938633,-0.2069834146,-0.268758457,2.298773406,5.274347646,-10.33558178,-10.08682263,5.072697016,-10.86508248,2.303979502,2.332396821,-10.64943618
0.15,0.01569142608,-0.001742168706,0.5320305587,0.01687609046,-0.009173248698,0.001786533754,-0.01031250726,3.862837079e-06,-0.0006254633636,-0.01266805351,-0.0590053904,0.263627036,0.2651002149,-0.05621123228,0.2406877759,0.1730616449,0.1733100128,0.2396980006,0.1605582073,-0.03964983141,-0.1012010086,0.1552376914,-0.06489763988,-0.005712730644,-0.06096743563,0.01115777979,0.01724496147,-0.04563917633,-0.1456033238,0.870113925,0.8482583515,-0.1473127568,1.286865169,-1.403205714,-1.40573923,1.270319126,0.6335729671,-0.3683696961,0.5611781974,-1.979647549,1.059176538,-0.03118796294,2.514978731,-0.2240718418,-0.2763866049,2.480307018,4.665037853,-10.36719814,-10.072489,4.479503785,-10.2771948,14.00763511,14.03308817,-10.00902825
0.16,0.01732832157,-0.002156457015,0.5310458199,0.01833501332,-0.009771898498,0.001727887598,-0.01080286548,0.000103149828,-0.0004678710573,-0.01300680178,-0.06023616506,0.2718605201,0.2731290649,-0.05746810494,0.253063319,0.1597012766,0.1599255574,0.2519216427,0.1668624499,-0.04320036948,-0.09574003341,0.1367684121,-0.0548985956,-0.006015999891,-0.03733703891,0.008667600213,0.01424259511,-0.0223484125,-0.100685476,0.7788721903,0.7597437706,-0.1042164877,1.188722958,-1.269696088,-1.271981116,1.174987825,0.6220584373,-0.3424296887,0.532086979,-1.734145058,0.9548507585,-0.02910514284,2.231271856,-0.2395403959,-0.2885284041,2.19630367,4.317559484,-8.334008796,-8.085921408,4.133658641,-9.392751909,12.71308486,12.73666875,-9.088331878
#Exudyn explicit time integration (ExplicitEuler) solver solution file
#simulation started=2026-01-27,10:20:00
#columns contain: time, ODE2 displacements, ODE2 velocities, ODE2 accelerations
#number of system coordinates [nODE2, nODE1, nAlgebraic, nData] = [18,0,0,0]
#number of written coordinates [nODE2, nVel2, nAcc2, nODE1, nVel1, nAlgebraic, nData] = [18,18,18,0,0,0,0]
#total columns exported  (excl. time) = 54
#number of time steps (planned) = 200
#Exudyn version = 1.10.0; Python3.11.11; Windows AVX2 FLOAT64
#
#solution information = DogEnv
0.16,0.01732832157,-0.002156457015,0.5310458199,0.01833501332,-0.009771898498,0.001727887598,-0.01080286548,0.000103149828,-0.0004678710573,-0.01300680178,-0.06023616506,0.2718605201,0.2731290649,-0.05746810494,0.253063319,0.1597012766,0.1599255574,0.2519216427,0.1668624499,-0.04320036948,-0.09574003341,0.1367684121,-0.0548985956,-0.006015999891,-0.03733703891,0.008667600213,0.01424259511,-0.0223484125,-0.100685476,0.7788721903,0.7597437706,-0.1042164877,1.188722958,-1.269696088,-1.271981116,1.174987825,0.6220584373,-0.3424296887,0.532086979,-1.734145058,0.9548507585,-0.02910514284,2.231271856,-0.2395403959,-0.2885284041,2.19630367,4.317559484,-8.334008796,-8.085921408,4.133658641,-9.392751909,12.71308486,12.73666875,-9.088331878
0.17,0.019057672,-0.002598976671,0.5301722335,0.01897801824,-0.009984683402,0.001682178568,-0.01048588291,0.0004955951217,-9.472789251e-05,-0.01258619086,-0.0609487509,0.2793745869,0.284094789,-0.05821868002,0.2640314519,0.1358709917,0.1388969304,0.2628133464,0.1775876651,-0.04444823555,-0.07837303649,-0.01570289762,0.02137664553,-0.00539051553,0.102396399,0.04800552401,0.07508231231,0.1119194435,-0.06812765374,0.6930327404,1.17236906,-0.07880349874,1.024363949,-2.282845285,-2.072168878,1.031164453,0.6633225766,0.08234513267,1.113680738,-9.650793978,5.784320131,-0.6673933934,7.671579185,-4.383532655,3.093862644,8.538812996,1.750383633,-8.082619287,-25.26836546,-0.07509449871,-12.20921986,22.90425427,10.57674299,-9.42392628
0.18,0.02086445801,-0.003037461047,0.5294264615,0.01848023896,-0.009575830977,0.001590848413,-0.009211988974,0.0007834150434,0.0006921485807,-0.01116140444,-0.06150898213,0.2859632315,0.2946867331,-0.05895298412,0.2737638487,0.1141396869,0.1188397555,0.2726995215,0.1837298659,-0.04310690521,-0.0718686922,-0.07481338794,0.05428961001,-0.01309727353,0.1438547567,0.01338292473,0.07564441339,0.1651821449,-0.04143049485,0.6268462781,0.9575438805,-0.06382447056,0.9280566966,-2.064873251,-1.930128302,0.9483690161,0.5938973373,0.1646699606,0.382673437,-3.549201563,1.748403259,-0.778647416,1.983879178,-2.229765065,-1.318289185,3.244082288,3.180313137,-6.095383065,-17.54887281,2.467023618,-7.936249923,20.72755211,15.82513135,-7.467187245
#Exudyn explicit time integration (ExplicitEuler) solver solution file
#simulation started=2026-01-27,10:20:00
#columns contain: time, ODE2 displacements, ODE2 velocities, ODE2 accelerations
#number of system coordinates [nODE2, nODE1, nAlgebraic, nData] = [18,0,0,0]
#number of written coordinates [nODE2, nVel2, nAcc2, nODE1, nVel1, nAlgebraic, nData] = [18,18,18,0,0,0,0]
#total columns exported  (excl. time) = 54
#number of time steps (planned) = 200
#Exudyn version = 1.10.0; Python3.11.11; Windows AVX2 FLOAT64
#
#solution information = DogEnv
0.18,0.02086445801,-0.003037461047,0.5294264615,0.01848023896,-0.009575830977,0.001590848413,-0.009211988974,0.0007834150434,0.0006921485807,-0.01116140444,-0.06150898213,0.2859632315,0.2946867331,-0.05895298412,0.2737638487,0.1141396869,0.1188397555,0.2726995215,0.1837298659,-0.04310690521,-0.0718686922,-0.07481338794,0.05428961001,-0.01309727353,0.1438547567,0.01338292473,0.07564441339,0.1651821449,-0.04143049485,0.6268462781,0.9575438805,-0.06382447056,0.9280566966,-2.064873251,-1.930128302,0.9483690161,0.5938973373,0.1646699606,0.382673437,-3.549201563,1.748403259,-0.778647416,1.983879178,-2.229765065,-1.318289185,3.244082288,3.180313137,-6.095383065,-17.54887281,2.467023618,-7.936249923,20.72755211,15.82513135,-7.467187245
0.19,0.02277812087,-0.003458552364,0.5287442282,0.01753732435,-0.008998168557,0.001419523582,-0.007663078798,0.0008594583517,0.00156524016,-0.009333922198,-0.06056326873,0.2921031005,0.3057195511,-0.05823277301,0.2813440143,0.08675736919,0.09390474852,0.2804171783,0.1972856202,-0.04100991874,-0.06530434555,-0.1043753945,0.06105160727,-0.02249351638,0.1561101116,-3.946906743e-05,0.07705087168,0.1928093132,0.1271347233,0.5743666754,1.045587738,0.1018857472,0.7165050006,-2.613974828,-2.420380489,0.7283762326,1.120068591,0.2195308263,0.4466633155,-1.07197504,0.3914730296,-1.06094013,-0.5580246876,-1.180104988,-2.110246132,1.17627008,4.039411546,-6.684130841,-15.84908061,3.403953772,-4.808879288,26.17989353,22.01777812,-4.997255597
0.2,0.02480575817,-0.003857780993,0.5281092448,0.01646290037,-0.008376850916,0.001144571234,-0.006146935205,0.0008173207036,0.00223868447,-0.007368931825,-0.05909448973,0.2975427728,0.3154615748,-0.05704670042,0.2882855291,0.06187143013,0.07077693918,0.2874692023,0.2082807183,-0.03881466182,-0.061987617,-0.1088831185,0.06258066466,-0.03234168624,0.1457858049,-0.007120700648,0.0581059972,0.1986061067,0.1666855313,0.514852049,0.9076114569,0.1354816253,0.672612241,-2.364852497,-2.204923873,0.6829159887,1.077664285,0.2191434266,0.2459207182,-0.04000644893,-0.00620694453,-0.9095298442,-1.322393372,-0.3668309492,-1.702490603,0.1669634189,3.844549876,-5.488808135,-12.12546777,3.294909476,-4.047823335,23.70203016,20.92094478,-4.180026615
#Exudyn explicit time integration (ExplicitEuler) solver solution file
#simulation started=2026-01-27,10:20:00
#columns contain: time, ODE2 displacements, ODE2 velocities, ODE2 accelerations
#number of system coordinates [nODE2, nODE1, nAlgebraic, nData] = [18,0,0,0]
#number of written coordinates [nODE2, nVel2, nAcc2, nODE1, nVel1, nAlgebraic, nData] = [18,18,18,0,0,0,0]
#total columns exported  (excl. time) = 54
#number of time steps (planned) = 200
#Exudyn version = 1.10.0; Python3.11.11; Windows AVX2 FLOAT64
#
#solution information = DogEnv
0.2,0.02480575817,-0.003857780993,0.5281092448,0.01646290037,-0.008376850916,0.001144571234,-0.006146935205,0.0008173207036,0.00223868447,-0.007368931825,-0.05909448973,0.2975427728,0.3154615748,-0.05704670042,0.2882855291,0.06187143013,0.07077693918,0.2874692023,0.2082807183,-0.03881466182,-0.061987617,-0.1088831185,0.06258066466,-0.03234168624,0.1457858049,-0.007120700648,0.0581059972,0.1986061067,0.1666855313,0.514852049,0.9076114569,0.1354816253,0.672612241,-2.364852497,-2.204923873,0.6829159887,1.077664285,0.2191434266,0.2459207182,-0.04000644893,-0.00620694453,-0.9095298442,-1.322393372,-0.3668309492,-1.702490603,0.1669634189,3.844549876,-5.488808135,-12.12546777,3.294909476,-4.047823335,23.70203016,20.92094478,-4.180026615
0.21,0.0269678613,-0.004232853317,0.5275690624,0.01518318818,-0.007708279689,0.0007722321675,-0.004595434323,0.0008340202445,0.00312515083,-0.005209680123,-0.05420446179,0.2943678518,0.3216571294,-0.05248355159,0.2910297637,0.03510499132,0.04946733439,0.2902555375,0.2258927651,-0.03585344251,-0.04795178938,-0.1453349562,0.06895465995,-0.04585919507,0.1582641968,0.005980981671,0.08748632961,0.2329727627,0.5440753275,-0.7001310279,0.5015470295,0.5120690258,0.2304143731,-2.565175565,-2.028446164,0.228651683,2.19249459,0.3594079929,0.8461833863,-2.480861778,0.2042526319,-2.09416132,-0.6159385036,-0.2071493558,-2.205949102,2.684690746,4.620020694,-23.83588583,-15.57517365,4.635164552,0.6801027253,24.49496939,16.1080799,-0.7040364651
0.22,0.02933864806,-0.004573136872,0.5271200141,0.01364270489,-0.007006745029,0.0002082349391,-0.003076336365,0.000869487672,0.003882983721,-0.002777999906,-0.04853858565,0.2869523189,0.3260019905,-0.04716316977,0.2933769655,0.01065457867,0.0299786346,0.2925335801,0.2486111552,-0.03213792933,-0.04275788332,-0.1604428044,0.0716036667,-0.06700456648,0.1433554319,0.0008322843341,0.06385741238,0.2512375066,0.5889546628,-0.7402141229,0.3740367497,0.5497835375,0.2395685765,-2.32483491,-1.868409378,0.2289346966,2.281830393,0.3780994202,0.2650373357,-0.9446690914,0.3274476585,-2.03304806,-1.919441992,-0.4624390496,-2.268847474,1.264406056,4.271101434,4.835528896,-10.70060209,3.082932934,1.011353388,23.20392356,15.71598863,0.5152736522
#Exudyn explicit time integration (ExplicitEuler) solver solution file
#simulation started=2026-01-27,10:20:01
#columns contain: time, ODE2 displacements, ODE2 velocities, ODE2 accelerations
#number of system coordinates [nODE2, nODE1, nAlgebraic, nData] = [18,0,0,0]
#number of written coordinates [nODE2, nVel2, nAcc2, nODE1, nVel1, nAlgebraic, nData] = [18,18,18,0,0,0,0]
#total columns exported  (excl. time) = 54
#number of time steps (planned) = 200
#Exudyn version = 1.10.0; Python3.11.11; Windows AVX2 FLOAT64
#
#solution information = DogEnv
0.22,0.02933864806,-0.004573136872,0.5271200141,0.01364270489,-0.007006745029,0.0002082349391,-0.003076336365,0.000869487672,0.003882983721,-0.002777999906,-0.04853858565,0.2869523189,0.3260019905,-0.04716316977,0.2933769655,0.01065457867,0.0299786346,0.2925335801,0.2486111552,-0.03213792933,-0.04275788332,-0.1604428044,0.0716036667,-0.06700456648,0.1433554319,0.0008322843341,0.06385741238,0.2512375066,0.5889546628,-0.7402141229,0.3740367497,0.5497835375,0.2395685765,-2.32483491,-1.868409378,0.2289346966,2.281830393,0.3780994202,0.2650373357,-0.9446690914,0.3274476585,-2.03304806,-1.919441992,-0.4624390496,-2.268847474,1.264406056,4.271101434,4.835528896,-10.70060209,3.082932934,1.011353388,23.20392356,15.71598863,0.5152736522
0.23,0.03193642588,-0.004872824339,0.5268342563,0.01175517662,-0.006122029371,-0.0005766304368,-0.001567140745,0.001523390474,0.004696489468,1.261127211e-06,-0.03783417597,0.2696362334,0.3215872427,-0.03704808587,0.2903952793,-0.003131278533,0.0192747513,0.2893380774,0.2776458253,-0.02782876873,-0.01097684073,-0.1360689016,0.08115142025,-0.09534044126,0.08046575857,0.1926509918,0.02429853354,0.2339032198,1.272583578,-0.1415392642,-0.5554144414,1.12037204,-0.1982103299,-0.5142532973,-0.923212121,-0.3505972994,1.800912416,0.4219079443,3.2525331,12.87964193,-0.5157796705,0.4257215562,-12.47384312,-8.665861031,-2.532211405,-12.85212914,95.2140812,140.5902165,1.57352749,5.107564765,106.094077,-186.0706334,1.554101269,8.866486124
0.24,0.03474675359,-0.005127021133,0.5267712606,0.01030242068,-0.005336547748,-0.001441742556,-0.0009280286703,0.00344479081,0.005192931009,0.002054562079,-0.01463717095,0.269391157,0.3158125567,-0.02329789744,0.2943527853,-0.009388959713,0.01021702761,0.288057058,0.2784490832,-0.02233674287,-0.0154118811,-0.2087941206,0.08036458017,-0.07227775181,0.05185783395,0.2395283791,0.1066538524,0.1771000764,3.8757622,0.07625917853,-0.6074915414,1.980337788,1.156303297,-0.5116708756,-0.8789927089,0.2514261802,-2.138437947,0.7908664899,-5.215598016,-23.93598497,1.854001033,3.893358193,-7.499661532,21.44456198,19.05250486,-7.98200183,418.8783452,45.68055693,-6.160012353,189.1406802,205.0064958,45.04684948,6.63916543,99.47754595
#Exudyn explicit time integration (ExplicitEuler) solver solution file
#simulation started=2026-01-27,10:20:01
#columns contain: time, ODE2 displacements, ODE2 velocities, ODE2 accelerations
#number of system coordinates [nODE2, nODE1, nAlgebraic, nData] = [18,0,0,0]
#number of written coordinates [nODE2, nVel2, nAcc2, nODE1, nVel1, nAlgebraic, nData] = [18,18,18,0,0,0,0]
#total columns exported  (excl. time) = 54
#number of time steps (planned) = 200
#Exudyn version = 1.10.0; Python3.11.11; Windows AVX2 FLOAT64
#
#solution information = DogEnv
0.24,0.03474675359,-0.005127021133,0.5267712606,0.01030242068,-0.005336547748,-0.001441742556,-0.0009280286703,0.00344479081,0.005192931009,0.002054562079,-0.01463717095,0.269391157,0.3158125567,-0.02329789744,0.2943527853,-0.009388959713,0.01021702761,0.288057058,0.2784490832,-0.02233674287,-0.0154118811,-0.2087941206,0.08036458017,-0.07227775181,0.05185783395,0.2395283791,0.1066538524,0.1771000764,3.8757622,0.07625917853,-0.6074915414,1.980337788,1.156303297,-0.5116708756,-0.8789927089,0.2514261802,-2.138437947,0.7908664899,-5.215598016,-23.93598497,1.854001033,3.893358193,-7.499661532,21.44456198,19.05250486,-7.98200183,418.8783452,45.68055693,-6.160012353,189.1406802,205.0064958,45.04684948,6.63916543,99.47754595
0.25,0.03703630579,-0.005281004668,0.5260201129,0.004714963483,-0.004486468571,-0.001819347726,-0.003489280627,0.008938515227,0.009186499663,0.002840152383,0.07294659781,0.2589243353,0.2953230797,0.01276629153,0.3349549402,0.01440255306,0.02938193613,0.3013652246,0.1557231279,-0.002276066887,-0.2392227457,-1.405886639,-0.05556102141,0.03273576845,-1.396001265,1.259880361,1.150395982,-0.465607318,19.85203917,-0.8056226217,-1.894628678,8.146358027,11.04149395,0.4521763288,2.307677149,4.755574581,-22.55011474,5.169238252,-81.75862832,-430.1548723,-73.16450085,20.81865965,-615.5738839,251.2346762,398.1147822,-299.3578037,4874.982061,-692.602255,196.1031684,2224.590316,3259.524963,-48097.39834,218.3324827,1765.554406
0.26,0.03578332289,-0.005551508263,0.5198252377,-0.001364564699,0.003820107383,-0.0006064863392,-0.03491104969,0.01448119425,0.01603029701,-0.05690935965,0.2703740163,0.2521087736,0.2717686462,0.2329604331,0.3785818572,0.04146238328,0.04977934061,0.3734612661,-0.3848517478,-0.1004289908,-0.6209007589,0.7160559949,1.64611404,-0.07335487166,-1.401898777,-0.4903243363,-0.5655089104,-3.430775676,5.855831596,-0.584967052,-3.307892922,12.51790942,-0.07914040362,10.66370619,1.283035343,0.2152217346,-39.93828323,-9.424761785,40.22497759,207.6076673,-45.02393957,-9.524621627,275.1733556,-842.0796922,-157.6071579,855.4968936,-1356.382386,3800.697889,30.87904146,-2883.527982,29.47838918,150522.9282,375.3257237,-76.02592665
#Exudyn explicit time integration (ExplicitEuler) solver solution file
#simulation started=2026-01-27,10:20:01
#columns contain: time, ODE2 displacements, ODE2 velocities, ODE2 accelerations
#number of system coordinates [nODE2, nODE1, nAlgebraic, nData] = [18,0,0,0]
#number of written coordinates [nODE2, nVel2, nAcc2, nODE1, nVel1, nAlgebraic, nData] = [18,18,18,0,0,0,0]
#total columns exported  (excl. time) = 54
#number of time steps (planned) = 200
#Exudyn version = 1.10.0; Python3.11.11; Windows AVX2 FLOAT64
#
#solution information = DogEnv
0.26,0.03578332289,-0.005551508263,0.5198252377,-0.001364564699,0.003820107383,-0.0006064863392,-0.03491104969,0.01448119425,0.01603029701,-0.05690935965,0.2703740163,0.2521087736,0.2717686462,0.2329604331,0.3785818572,0.04146238328,0.04977934061,0.3734612661,-0.3848517478,-0.1004289908,-0.6209007589,0.7160559949,1.64611404,-0.07335487166,-1.401898777,-0.4903243363,-0.5655089104,-3.430775676,5.855831596,-0.584967052,-3.307892922,12.51790942,-0.07914040362,10.66370619,1.283035343,0.2152217346,-39.93828323,-9.424761785,40.22497759,207.6076673,-45.02393957,-9.524621627,275.1733556,-842.0796922,-157.6071579,855.4968936,-1356.382386,3800.697889,30.87904146,-2883.527982,29.47838918,150522.9282,375.3257237,-76.02592665
0.27,0.03133972252,-0.006937063887,0.5150538532,0.01203249166,0.01841836385,-0.002453420485,-0.04037225256,0.005394601482,0.004459360878,-0.06706527108,0.2962902753,0.2347610882,0.2368416547,0.285168857,0.3765477878,0.07187424375,0.07261728889,0.3728170688,-0.4696989964,-0.1685130754,-0.3566837833,1.774416687,1.29543209,-0.2438532223,0.02404071297,-1.210947538,-1.549636194,0.1781407035,1.032610612,-1.882076251,-3.299945615,1.711691216,-0.2550597628,2.386779076,2.879601662,-0.1917161194,5.413645147,-5.382277369,8.937871873,-92.67466318,25.14600088,-22.64785671,182.437643,463.4012403,8.084871293,272.7965166,-129.8214764,171.2514256,246.546891,-311.2415643,-73.23547263,-63312.56196,11178.03461,-35.11997291
0.28,0.02658798216,-0.008848714922,0.5123305877,0.03152717812,0.03035270091,-0.005085203427,-0.03798521485,-0.007944744446,-0.01202443517,-0.06261427935,0.303240011,0.2139297075,0.2058408518,0.2949838065,0.3740292985,0.09862193545,0.09443366089,0.3707425948,-0.4791064537,-0.2129238113,-0.1980488934,2.035637581,1.116904796,-0.277940705,0.3794193762,-1.355061395,-1.672724329,0.5969316631,0.5091647096,-2.288679014,-3.005031065,0.6015589173,-0.2459843093,-0.7513189527,2.776509417,-0.2100926827,-1.019264308,-3.73392231,18.03994623,44.5759457,-25.14459943,-7.510856164,-33.95473971,-119.6863215,-156.2486276,-23.17599908,-10.91035377,-1909.687457,343.381354,-28.6568755,23.05711231,-25136.77181,15163.47369,17.6281185
#Exudyn explicit time integration (ExplicitEuler) solver solution file
#simulation started=2026-01-27,10:20:01
#columns contain: time, ODE2 displacements, ODE2 velocities, ODE2 accelerations
#number of system coordinates [nODE2, nODE1, nAlgebraic, nData] = [18,0,0,0]
#number of written coordinates [nODE2, nVel2, nAcc2, nODE1, nVel1, nAlgebraic, nData] = [18,18,18,0,0,0,0]
#total columns exported  (excl. time) = 54
#number of time steps (planned) = 200
#Exudyn version = 1.10.0; Python3.11.11; Windows AVX2 FLOAT64
#
#solution information = DogEnv
0.28,0.02658798216,-0.008848714922,0.5123305877,0.03152717812,0.03035270091,-0.005085203427,-0.03798521485,-0.007944744446,-0.01202443517,-0.06261427935,0.303240011,0.2139297075,0.2058408518,0.2949838065,0.3740292985,0.09862193545,0.09443366089,0.3707425948,-0.4791064537,-0.2129238113,-0.1980488934,2.035637581,1.116904796,-0.277940705,0.3794193762,-1.355061395,-1.672724329,0.5969316631,0.5091647096,-2.288679014,-3.005031065,0.6015589173,-0.2459843093,-0.7513189527,2.776509417,-0.2100926827,-1.019264308,-3.73392231,18.03994623,44.5759457,-25.14459943,-7.510856164,-33.95473971,-119.6863215,-156.2486276,-23.17599908,-10.91035377,-1909.687457,343.381354,-28.6568755,23.05711231,-25136.77181,15163.47369,17.6281185
0.29,0.02190565439,-0.01114008803,0.511432452,0.04722098589,0.03917016626,-0.007371808242,-0.03079832751,-0.01705015496,-0.02328708506,-0.06348196575,0.3064815802,0.1982845327,0.1845499653,0.289377128,0.3717603043,0.1023856126,0.09503390564,0.3722007496,-0.443025058,-0.2392969246,0.04233500714,0.7077059175,0.4798921373,-0.1381574641,0.9741181255,-0.1174602956,-0.2367708893,-0.1315202114,0.3722002718,-1.221034242,-1.870434203,-1.108072952,-0.2107063616,2.554222654,-0.07206717835,0.8909708469,-1.890259855,-0.5689849438,23.10772894,-99.94469389,-76.02175105,19.37613746,-54.77934498,30.48575394,104.9333563,39.63237942,-36.18525764,1161.323214,28.43151034,261.9229538,18.57216389,41191.89964,-60.95864616,10775.86327
0.3,0.01749538484,-0.01355375578,0.5124965008,0.05142140391,0.04216644559,-0.008323163965,-0.02408570508,-0.01569482988,-0.02288210091,-0.06196654003,0.3079923909,0.1859928638,0.1656977463,0.2810033842,0.3697011516,0.1049448243,0.09408378355,0.3728111279,-0.4470676609,-0.2427868386,0.1513472307,0.2730452609,0.1928038895,-0.0623303057,0.4285351439,0.2533182215,0.1855050027,0.2946410336,-0.04206475934,-1.248512262,-1.946320296,-0.6364190213,-0.2000789444,1.041559891,-0.1320408958,-0.135287854,-3.909943694,-0.2774210491,7.292193628,2.718010141,-16.00861059,7.550592839,-40.7122198,-14.76385899,2.839196492,-7.089180177,-30.52628072,404.8787187,-10.00225859,26.18166676,13.67702318,17569.65432,-45.38605185,-14.36043646
#Exudyn explicit time integration (ExplicitEuler) solver solution file
#simulation started=2026-01-27,10:20:01
#columns contain: time, ODE2 displacements, ODE2 velocities, ODE2 accelerations
#number of system coordinates [nODE2, nODE1, nAlgebraic, nData] = [18,0,0,0]
#number of written coordinates [nODE2, nVel2, nAcc2, nODE1, nVel1, nAlgebraic, nData] = [18,18,18,0,0,0,0]
#total columns exported  (excl. time) = 54
#number of time steps (planned) = 200
#Exudyn version = 1.10.0; Python3.11.11; Windows AVX2 FLOAT64
#
#solution information = DogEnv
0.3,0.01749538484,-0.01355375578,0.5124965008,0.05142140391,0.04216644559,-0.008323163965,-0.02408570508,-0.01569482988,-0.02288210091,-0.06196654003,0.3079923909,0.1859928638,0.1656977463,0.2810033842,0.3697011516,0.1049448243,0.09408378355,0.3728111279,-0.4470676609,-0.2427868386,0.1513472307,0.2730452609,0.1928038895,-0.0623303057,0.4285351439,0.2533182215,0.1855050027,0.2946410336,-0.04206475934,-1.248512262,-1.946320296,-0.6364190213,-0.2000789444,1.041559891,-0.1320408958,-0.135287854,-3.909943694,-0.2774210491,7.292193628,2.718010141,-16.00861059,7.550592839,-40.7122198,-14.76385899,2.839196492,-7.089180177,-30.52628072,404.8787187,-10.00225859,26.18166676,13.67702318,17569.65432,-45.38605185,-14.36043646
0.31,0.0130761038,-0.01599654317,0.5140608759,0.05407032039,0.04302900344,-0.008768452702,-0.02093726611,-0.01317459852,-0.02092940693,-0.05875797628,0.3074323844,0.1714483305,0.148510175,0.2765500242,0.3677679556,0.1159162228,0.1042755477,0.3707389875,-0.439619193,-0.2458677111,0.1542577605,0.2543108975,0.02440880538,-0.03065864571,0.254073605,0.2533827799,0.2081998692,0.3498777502,-0.1024638677,-1.431220101,-1.558638215,-0.3138745245,-0.1848747474,1.065757643,1.013321598,-0.2479660852,0.02591996471,-0.3010510453,-1.266920637,-1.613590705,-6.330628452,2.169345181,-6.797571516,0.1267155611,2.600146267,4.488502256,-9.248561882,7.291487834,20.06154909,16.41343829,1.542435575,-13.15164349,-7.563747083,-2.962448982
0.32,0.008674716748,-0.01846894476,0.5155283875,0.05655415573,0.04307746218,-0.008981052007,-0.01864315949,-0.01064388171,-0.01873035834,-0.05512731353,0.3061047635,0.1574677289,0.1336943241,0.2739498446,0.3659965956,0.1259493356,0.1139716971,0.3682185297,-0.4409521186,-0.2485233007,0.1385743983,0.2429321638,-0.007653583217,-0.01248512112,0.2108474557,0.2527298506,0.2315965558,0.3688238904,-0.1498854088,-1.365830456,-1.417614359,-0.2267775804,-0.1691325156,0.941884988,0.9213358188,-0.2494046169,-0.1683089517,-0.2314435772,-1.626290873,-1.176762096,-1.603931133,1.653290799,-2.745014666,0.05325709802,2.410059101,0.001144886013,-1.211287797,6.19818513,10.78495456,3.365909794,1.597151315,-11.76238464,-9.910563681,1.370999148
#Exudyn explicit time integration (ExplicitEuler) solver solution file
#simulation started=2026-01-27,10:20:01
#columns contain: time, ODE2 displacements, ODE2 velocities, ODE2 accelerations
#number of system coordinates [nODE2, nODE1, nAlgebraic, nData] = [18,0,0,0]
#number of written coordinates [nODE2, nVel2, nAcc2, nODE1, nVel1, nAlgebraic, nData] = [18,18,18,0,0,0,0]
#total columns exported  (excl. time) = 54
#number of time steps (planned) = 200
#Exudyn version = 1.10.0; Python3.11.11; Windows AVX2 FLOAT64
#
#solution information = DogEnv
0.32,0.008674716748,-0.01846894476,0.5155283875,0.05655415573,0.04307746218,-0.008981052007,-0.01864315949,-0.01064388171,-0.01873035834,-0.05512731353,0.3061047635,0.1574677289,0.1336943241,0.2739498446,0.3659965956,0.1259493356,0.1139716971,0.3682185297,-0.4409521186,-0.2485233007,0.1385743983,0.2429321638,-0.007653583217,-0.01248512112,0.2108474557,0.2527298506,0.2315965558,0.3688238904,-0.1498854088,-1.365830456,-1.417614359,-0.2267775804,-0.1691325156,0.941884988,0.9213358188,-0.2494046169,-0.1683089517,-0.2314435772,-1.626290873,-1.176762096,-1.603931133,1.653290799,-2.745014666,0.05325709802,2.410059101,0.001144886013,-1.211287797,6.19818513,10.78495456,3.365909794,1.597151315,-11.76238464,-9.910563681,1.370999148
0.33,0.004433502974,-0.02095635313,0.5166271879,0.05871992464,0.0424166859,-0.009029055981,-0.01658157359,-0.008169972351,-0.01619196973,-0.05088022701,0.3050043967,0.1477327224,0.1239772064,0.2731061489,0.3643909721,0.1407705945,0.12873622,0.36613243,-0.41011323,-0.248616575,0.08159551036,0.1945859931,-0.08912252588,-7.08730985e-05,0.1883291949,0.2596883562,0.2771104422,0.501757841,-0.1267597508,-0.8744772917,-0.9322066177,0.09670515073,-0.1524390696,1.378669866,1.36583753,-0.1580151036,2.584811526,0.05929018085,-5.20624856,1.911458219,0.1502230372,0.1076352595,-8.576797031,0.5479419085,-0.9844124881,17.75422802,-6.91389659,-1.642607105,-3.038375225,46.08028673,1.379958278,-13.70286127,-9.598153457,11.27394857
0.34,0.0004570706367,-0.02344004954,0.5172084356,0.06101402422,0.04165795828,-0.009051729064,-0.01509110673,-0.005752594486,-0.01370075511,-0.0449464831,0.3034577986,0.1389391335,0.1146312748,0.2759105826,0.3629311127,0.1539441317,0.141864659,0.3648337154,-0.3845115805,-0.2480580703,0.03789690178,0.2656698855,-0.05938653417,-0.003887841532,0.1309613978,0.2194378393,0.2201971828,0.6347312836,-0.1661794573,-0.8726710204,-0.9232653986,0.348594142,-0.1395624104,1.257646921,1.257443847,-0.1337597445,2.869354855,0.09877096698,-2.985663501,1.912818989,1.733060308,0.4810303596,3.23215342,-1.179041654,-0.7672258857,-16.09377084,2.696355939,5.00180866,6.267265506,-18.79503431,1.293794524,-11.13073322,-10.46609005,-5.792291403
#Exudyn explicit time integration (ExplicitEuler) solver solution file
#simulation started=2026-01-27,10:20:01
#columns contain: time, ODE2 displacements, ODE2 velocities, ODE2 accelerations
#number of system coordinates [nODE2, nODE1, nAlgebraic, nData] = [18,0,0,0]
#number of written coordinates [nODE2, nVel2, nAcc2, nODE1, nVel1, nAlgebraic, nData] = [18,18,18,0,0,0,0]
#total columns exported  (excl. time) = 54
#number of time steps (planned) = 200
#Exudyn version = 1.10.0; Python3.11.11; Windows AVX2 FLOAT64
#
#solution information = DogEnv
0.34,0.0004570706367,-0.02344004954,0.5172084356,0.06101402422,0.04165795828,-0.009051729064,-0.01509110673,-0.005752594486,-0.01370075511,-0.0449464831,0.3034577986,0.1389391335,0.1146312748,0.2759105826,0.3629311127,0.1539441317,0.141864659,0.3648337154,-0.3845115805,-0.2480580703,0.03789690178,0.2656698855,-0.05938653417,-0.003887841532,0.1309613978,0.2194378393,0.2201971828,0.6347312836,-0.1661794573,-0.8726710204,-0.9232653986,0.348594142,-0.1395624104,1.257646921,1.257443847,-0.1337597445,2.869354855,0.09877096698,-2.985663501,1.912818989,1.733060308,0.4810303596,3.23215342,-1.179041654,-0.7672258857,-16.09377084,2.696355939,5.00180866,6.267265506,-18.79503431,1.293794524,-11.13073322,-10.46609005,-5.792291403
0.35,-0.00324121194,-0.02581988082,0.5165212551,0.06002901512,0.04153197775,-0.008694814417,-0.01153130513,-0.01698496046,-0.01736750554,-0.03781206795,0.3019234015,0.1804602852,0.1454982255,0.2759053307,0.3615846637,0.1973931063,0.1889297776,0.3637418328,-0.4207863003,-0.2112257949,-0.3835706674,-0.6553353879,0.004886256241,0.1144361105,0.5500722363,-6.755620609,-5.37903763,1.011486483,-0.05581403417,13.30871214,16.96658998,-0.4610664663,-0.1299173493,8.888354865,17.12792531,0.1836279933,-39.94095282,9.797245576,-149.2135551,-47.45467489,-83.29753538,17.53835618,-51.58963061,-3029.422533,-3786.541825,34.04352763,112.654558,2769.235855,7094.616529,-51.15411067,1.946283041,1006.751929,5969.377462,136.9600104
0.36,-0.009791128237,-0.02829530697,0.5091322693,0.01213502969,0.04951513999,-0.005366999091,0.01076412672,-0.1384274128,-0.04896634133,0.007542939822,0.2966851012,0.3038757498,0.2731362757,0.2620051941,0.3602713456,0.2363220504,0.2323105457,0.3659118024,-0.7624761298,-0.2874735651,-0.782418591,-6.559771463,1.09239931,0.2980537987,0.7520991985,-0.8143353608,-0.2568329049,4.092137059,-0.3527244282,4.005893785,3.660707807,-0.8277847405,-0.1153666153,1.609336031,1.267013819,-0.04978585193,4.843221326,-0.2845189605,25.58749208,434.9519897,-124.5302021,-33.21351655,-702.4374179,3567.444595,-354.8488956,-1237.534299,127.1552682,-1398.060113,-510.8808596,393.4286488,7.668667304,-535.1556479,-42.28960074,-81.09609865
#Exudyn explicit time integration (ExplicitEuler) solver solution file
#simulation started=2026-01-27,10:20:01
#columns contain: time, ODE2 displacements, ODE2 velocities, ODE2 accelerations
#number of system coordinates [nODE2, nODE1, nAlgebraic, nData] = [18,0,0,0]
#number of written coordinates [nODE2, nVel2, nAcc2, nODE1, nVel1, nAlgebraic, nData] = [18,18,18,0,0,0,0]
#total columns exported  (excl. time) = 54
#number of time steps (planned) = 200
#Exudyn version = 1.10.0; Python3.11.11; Windows AVX2 FLOAT64
#
#solution information = DogEnv
0.36,-0.009791128237,-0.02829530697,0.5091322693,0.01213502969,0.04951513999,-0.005366999091,0.01076412672,-0.1384274128,-0.04896634133,0.007542939822,0.2966851012,0.3038757498,0.2731362757,0.2620051941,0.3602713456,0.2363220504,0.2323105457,0.3659118024,-0.7624761298,-0.2874735651,-0.782418591,-6.559771463,1.09239931,0.2980537987,0.7520991985,-0.8143353608,-0.2568329049,4.092137059,-0.3527244282,4.005893785,3.660707807,-0.8277847405,-0.1153666153,1.609336031,1.267013819,-0.04978585193,4.843221326,-0.2845189605,25.58749208,434.9519897,-124.5302021,-33.21351655,-702.4374179,3567.444595,-354.8488956,-1237.534299,127.1552682,-1398.060113,-510.8808596,393.4286488,7.668667304,-535.1556479,-42.28960074,-81.09609865
0.37,-0.01668086278,-0.03102677655,0.5030959649,-0.02518689056,0.0513586331,-0.003176147073,0.0002358739275,-0.1051769936,-0.06058051158,0.004188393486,0.2979085172,0.3022515941,0.2992724251,0.2641219425,0.3593316505,0.2537411621,0.2439556572,0.3630003458,-0.6230750339,-0.2728204867,-0.4763527521,-1.854979033,-0.5201037263,0.1807949249,-1.133133452,2.236612965,-0.7619496515,-1.935262762,0.2715604068,-0.7645275098,1.754884676,0.370117851,-0.08722058024,0.04076923939,1.088530446,-0.3510170816,10.5495008,-2.351750787,19.00754821,262.1900328,-113.9333248,-14.16104122,50.22136822,37.81144192,90.28888015,-2.768937594,7.884271705,-1052.743128,-108.7628953,-25.48726324,5.969337177,-10657.68607,-40.54976226,37.6876873
0.38,-0.022565664,-0.03386502067,0.4987510443,-0.03656121701,0.04264838432,-0.001780065351,-0.006656712139,-0.08983360241,-0.06263789431,-0.009730728224,0.2997163987,0.2982342046,0.3115531953,0.266344391,0.3584705196,0.2677503924,0.2542041549,0.3603147659,-0.5621178134,-0.2932516608,-0.4163167747,-0.6361798271,-1.132866308,0.1022409109,-0.3501783083,1.054281642,0.1833847332,-0.7630453275,0.07684721365,-0.09544978853,0.837240498,0.1509268618,-0.08529509795,1.307039487,0.964243622,-0.1770415425,3.569581767,-1.399252229,0.4578219314,74.07634451,-39.69945144,-5.878676815,40.2939797,-47.8160101,41.99048914,105.7226615,-18.58983651,112.6280991,-50.5239267,1.474047316,2.621014585,3441.822754,-12.78838182,20.83889208
#Exudyn explicit time integration (ExplicitEuler) solver solution file
#simulation started=2026-01-27,10:20:01
#columns contain: time, ODE2 displacements, ODE2 velocities, ODE2 accelerations
#number of system coordinates [nODE2, nODE1, nAlgebraic, nData] = [18,0,0,0]
#number of written coordinates [nODE2, nVel2, nAcc2, nODE1, nVel1, nAlgebraic, nData] = [18,18,18,0,0,0,0]
#total columns exported  (excl. time) = 54
#number of time steps (planned) = 200
#Exudyn version = 1.10.0; Python3.11.11; Windows AVX2 FLOAT64
#
#solution information = DogEnv
0.38,-0.022565664,-0.03386502067,0.4987510443,-0.03656121701,0.04264838432,-0.001780065351,-0.006656712139,-0.08983360241,-0.06263789431,-0.009730728224,0.2997163987,0.2982342046,0.3115531953,0.266344391,0.3584705196,0.2677503924,0.2542041549,0.3603147659,-0.5621178134,-0.2932516608,-0.4163167747,-0.6361798271,-1.132866308,0.1022409109,-0.3501783083,1.054281642,0.1833847332,-0.7630453275,0.07684721365,-0.09544978853,0.837240498,0.1509268618,-0.08529509795,1.307039487,0.964243622,-0.1770415425,3.569581767,-1.399252229,0.4578219314,74.07634451,-39.69945144,-5.878676815,40.2939797,-47.8160101,41.99048914,105.7226615,-18.58983651,112.6280991,-50.5239267,1.474047316,2.621014585,3441.822754,-12.78838182,20.83889208
0.39,-0.02804442289,-0.03684881475,0.4944744724,-0.04044966189,0.02990370769,-0.0009880015626,-0.008535129864,-0.0815418071,-0.05922283621,-0.01266736654,0.2993874338,0.2994649348,0.3181466054,0.2680649389,0.3576385235,0.2778033301,0.2633335632,0.3594955502,-0.5369346613,-0.3018995114,-0.4475285083,-0.1982459203,-1.385902555,0.06177766146,-0.07640567049,0.6649794345,0.4391884588,0.07073205288,-0.1076693875,0.2911005387,0.5223914344,0.2375974267,-0.08170956056,0.8948908633,0.864428194,-0.00321421865,1.618383547,-0.4217010818,-5.116556768,29.22374072,-17.26594801,-2.460881668,13.88583516,-23.60931778,10.02440509,52.16917439,-9.340624224,23.36127349,-19.78169349,17.44478639,0.4622291843,-15.69242567,-9.108864504,14.01488254
0.4,-0.03333569022,-0.03988074708,0.4897457026,-0.04092340828,0.01543565333,-0.0004785376659,-0.008190975927,-0.07606029555,-0.05486265033,-0.01078907491,0.2990381594,0.3031494291,0.322522974,0.271273125,0.3613478646,0.2861173768,0.27154456,0.3601849115,-0.5047465154,-0.3041317975,-0.4632773706,0.4920632888,-1.343510147,0.01036195285,0.1493204288,0.1500282173,0.05148529296,-0.04549470668,0.3127288642,0.3213545618,0.2351502775,0.4097838029,-0.6315270085,0.7189295154,0.7755616043,0.2954668436,16.48391493,0.344191912,27.36494561,342.0862265,124.4384806,-29.95443803,-680.6037034,-211.3902663,-251.9652405,-177.3681099,-1789.066055,-64.20001759,-117.4477176,11.85152755,-25477.85162,-90.85679556,-15.89130986,137.511293
#Exudyn explicit time integration (ExplicitEuler) solver solution file
#simulation started=2026-01-27,10:20:01
#columns contain: time, ODE2 displacements, ODE2 velocities, ODE2 accelerations
#number of system coordinates [nODE2, nODE1, nAlgebraic, nData] = [18,0,0,0]
#number of written coordinates [nODE2, nVel2, nAcc2, nODE1, nVel1, nAlgebraic, nData] = [18,18,18,0,0,0,0]
#total columns exported  (excl. time) = 54
#number of time steps (planned) = 200
#Exudyn version = 1.10.0; Python3.11.11; Windows AVX2 FLOAT64
#
#solution information = DogEnv
0.4,-0.03333569022,-0.03988074708,0.4897457026,-0.04092340828,0.01543565333,-0.0004785376659,-0.008190975927,-0.07606029555,-0.05486265033,-0.01078907491,0.2990381594,0.3031494291,0.322522974,0.271273125,0.3613478646,0.2861173768,0.27154456,0.3601849115,-0.5047465154,-0.3041317975,-0.4632773706,0.4920632888,-1.343510147,0.01036195285,0.1493204288,0.1500282173,0.05148529296,-0.04549470668,0.3127288642,0.3213545618,0.2351502775,0.4097838029,-0.6315270085,0.7189295154,0.7755616043,0.2954668436,16.48391493,0.344191912,27.36494561,342.0862265,124.4384806,-29.95443803,-680.6037034,-211.3902663,-251.9652405,-177.3681099,-1789.066055,-64.20001759,-117.4477176,11.85152755,-25477.85162,-90.85679556,-15.89130986,137.511293
0.41,-0.0377642598,-0.04299897288,0.4860747666,-0.03037138582,0.005402905915,-0.0007542359122,-0.01239766331,-0.07139412382,-0.05490340508,-0.01492105859,0.3017020087,0.3058532607,0.3233611295,0.2732835255,0.3762453918,0.2918378935,0.2808275314,0.3647673573,-0.3691125121,-0.3144768833,-0.2489787559,0.864301354,-0.6296819671,-0.01162751222,-0.217546594,1.12214746,-0.2454642654,-0.2132764193,-0.03458668677,0.2806922107,-0.2053413267,-0.01989985058,0.2470190718,0.5995633199,-0.1517597015,0.4630662149,22.62039662,2.098284602,33.44687312,-310.7513012,113.2429655,17.55344766,315.2106719,33.36639996,263.9887808,284.2374002,-190.0111637,48.06154491,-1174.997188,-43.4090797,-19610.73357,14.42137614,-13628.70793,-25.0160611
0.42,-0.04068339806,-0.04605129819,0.4847489217,-0.02646474723,0.002362175934,-0.0004737153783,-0.00988600128,-0.06606036391,-0.05244055968,-0.01314966732,0.3001817492,0.306295174,0.3210051559,0.2725707737,0.3814836023,0.2969701779,0.2915619024,0.3672053415,-0.2279242068,-0.2975246631,-0.0505665599,0.2059326553,-0.1324184849,0.03601699319,0.4022345143,0.3823474919,0.4155744423,0.3172309211,-0.1412173079,-0.1126429832,-0.2490806181,-0.05509382867,0.228903623,0.5220369639,0.7322094333,0.1152825007,9.948509457,1.245039165,9.950665279,-7.909937385,15.08036119,-0.8573496039,-0.2709750593,6.466390236,4.00236313,3.100288024,17.85617504,9.706142083,23.3940033,9.212572794,-38.94539609,-6.743664822,-31.6643879,-13.55644172
#Exudyn explicit time integration (ExplicitEuler) solver solution file
#simulation started=2026-01-27,10:20:01
#columns contain: time, ODE2 displacements, ODE2 velocities, ODE2 accelerations
#number of system coordinates [nODE2, nODE1, nAlgebraic, nData] = [18,0,0,0]
#number of written coordinates [nODE2, nVel2, nAcc2, nODE1, nVel1, nAlgebraic, nData] = [18,18,18,0,0,0,0]
#total columns exported  (excl. time) = 54
#number of time steps (planned) = 200
#Exudyn version = 1.10.0; Python3.11.11; Windows AVX2 FLOAT64
#
#solution information = DogEnv
0.42,-0.04068339806,-0.04605129819,0.4847489217,-0.02646474723,0.002362175934,-0.0004737153783,-0.00988600128,-0.06606036391,-0.05244055968,-0.01314966732,0.3001817492,0.306295174,0.3210051559,0.2725707737,0.3814836023,0.2969701779,0.2915619024,0.3672053415,-0.2279242068,-0.2975246631,-0.0505665599,0.2059326553,-0.1324184849,0.03601699319,0.4022345143,0.3823474919,0.4155744423,0.3172309211,-0.1412173079,-0.1126429832,-0.2490806181,-0.05509382867,0.228903623,0.5220369639,0.7322094333,0.1152825007,9.948509457,1.245039165,9.950665279,-7.909937385,15.08036119,-0.8573496039,-0.2709750593,6.466390236,4.00236313,3.100288024,17.85617504,9.706142083,23.3940033,9.212572794,-38.94539609,-6.743664822,-31.6643879,-13.55644172
0.43,-0.0425552797,-0.04896933261,0.4846217927,-0.02449841885,0.001511895135,-0.0001624540464,-0.006158556269,-0.06222497256,-0.0483290868,-0.01006225013,0.2992032545,0.3077700331,0.3218784469,0.272183912,0.38265227,0.2946723184,0.2906608462,0.3681571288,-0.1549613304,-0.2868134987,0.01082254663,0.1917189065,-0.05591199448,0.026404193,0.341429548,0.3878333336,0.4020196907,0.2979923795,-0.05618932391,0.215161265,0.170383202,-0.007651218722,0.0290177314,-0.2750394848,-0.184695488,0.06715265448,5.202027366,0.8619856058,2.456255658,-0.394236162,3.275553574,-0.8276295344,-5.916155449,0.2915260127,-2.032635728,-2.290563334,5.663764057,7.261848807,8.155298452,5.833995928,-10.16465661,-0.1575974222,-4.262619476,-3.530419413
0.44,-0.04387941372,-0.05179806097,0.4847925745,-0.0225964566,0.001067757839,6.466559881e-05,-0.003000083503,-0.05834931393,-0.04440912146,-0.007181787061,0.2988521761,0.3102183059,0.3238940572,0.2723574625,0.3826313847,0.2919766525,0.2887384918,0.3687380093,-0.1118632779,-0.2790811928,0.01907524396,0.1887575051,-0.03577657978,0.01929308609,0.2933448876,0.3857389342,0.3818315083,0.2793944072,-0.01790240712,0.2695595693,0.226318295,0.03984199839,-0.02028439847,-0.2591462543,-0.1905999422,0.05527042278,3.70239616,0.7209311797,-0.233271886,-0.2927666803,1.313613827,-0.6182334562,-3.8187395,-0.6361547113,-2.002617974,-1.436963283,2.925748119,3.983166497,3.862772833,4.011677796,-1.759263936,2.777261692,1.566807364,0.3814837743
#Exudyn explicit time integration (ExplicitEuler) solver solution file
#simulation started=2026-01-27,10:20:01
#columns contain: time, ODE2 displacements, ODE2 velocities, ODE2 accelerations
#number of system coordinates [nODE2, nODE1, nAlgebraic, nData] = [18,0,0,0]
#number of written coordinates [nODE2, nVel2, nAcc2, nODE1, nVel1, nAlgebraic, nData] = [18,18,18,0,0,0,0]
#total columns exported  (excl. time) = 54
#number of time steps (planned) = 200
#Exudyn version = 1.10.0; Python3.11.11; Windows AVX2 FLOAT64
#
#solution information = DogEnv
0.44,-0.04387941372,-0.05179806097,0.4847925745,-0.0225964566,0.001067757839,6.466559881e-05,-0.003000083503,-0.05834931393,-0.04440912146,-0.007181787061,0.2988521761,0.3102183059,0.3238940572,0.2723574625,0.3826313847,0.2919766525,0.2887384918,0.3687380093,-0.1118632779,-0.2790811928,0.01907524396,0.1887575051,-0.03577657978,0.01929308609,0.2933448876,0.3857389342,0.3818315083,0.2793944072,-0.01790240712,0.2695595693,0.226318295,0.03984199839,-0.02028439847,-0.2591462543,-0.1905999422,0.05527042278,3.70239616,0.7209311797,-0.233271886,-0.2927666803,1.313613827,-0.6182334562,-3.8187395,-0.6361547113,-2.002617974,-1.436963283,2.925748119,3.983166497,3.862772833,4.011677796,-1.759263936,2.777261692,1.566807364,0.3814837743
0.45,-0.04479395343,-0.05454380496,0.4851210493,-0.02064749454,0.0009145923921,0.0002241599612,-0.0004449603821,-0.05475985478,-0.04075203769,-0.004536421371,0.2980683223,0.3184705945,0.3319919334,0.2724539756,0.3822921452,0.2722523644,0.2695854815,0.3695592422,-0.07679702699,-0.2703537111,0.04230010594,0.1978892339,0.001240886488,0.01247589466,0.2185489685,0.3504318647,0.3509474989,0.252463755,-0.1111467582,0.861013186,0.8404758305,0.008865959705,-0.06772993192,-1.985605038,-1.951536018,0.07860808067,2.431981766,0.7676983829,1.009297232,0.314579423,2.183038361,-0.6073868219,-6.250701294,-1.302859982,-2.493666196,-2.074345939,-4.264678884,-5.360686196,-7.063839271,1.475887326,-4.914643477,16.43753595,14.50971881,-1.367778217
0.46,-0.0454535035,-0.0572114345,0.4855674307,-0.01866148272,0.00100781969,0.000321971934,0.001486023324,-0.05131543061,-0.03735485528,-0.002098536742,0.2968004442,0.326818498,0.3400555832,0.272622209,0.3814571767,0.2532202071,0.250832192,0.3703065817,-0.05585801212,-0.2632602732,0.04491181582,0.1986152437,0.01559083829,0.007300177968,0.1718087239,0.3386674238,0.3291636404,0.2363498725,-0.1376808481,0.8084574101,0.7727784162,0.02538052167,-0.0932152059,-1.818855396,-1.79507586,0.07323486255,1.847261429,0.670094331,-0.271637785,-0.1148367001,0.9573800667,-0.4454709022,-3.451994792,-1.096208226,-1.945320977,-1.235089345,-1.269246674,-5.117980798,-6.379443246,1.759176528,-0.9980082848,16.66178353,16.12892976,0.09491923601
#Exudyn explicit time integration (ExplicitEuler) solver solution file
#simulation started=2026-01-27,10:20:01
#columns contain: time, ODE2 displacements, ODE2 velocities, ODE2 accelerations
#number of system coordinates [nODE2, nODE1, nAlgebraic, nData] = [18,0,0,0]
#number of written coordinates [nODE2, nVel2, nAcc2, nODE1, nVel1, nAlgebraic, nData] = [18,18,18,0,0,0,0]
#total columns exported  (excl. time) = 54
#number of time steps (planned) = 200
#Exudyn version = 1.10.0; Python3.11.11; Windows AVX2 FLOAT64
#
#solution information = DogEnv
0.46,-0.0454535035,-0.0572114345,0.4855674307,-0.01866148272,0.00100781969,0.000321971934,0.001486023324,-0.05131543061,-0.03735485528,-0.002098536742,0.2968004442,0.326818498,0.3400555832,0.272622209,0.3814571767,0.2532202071,0.250832192,0.3703065817,-0.05585801212,-0.2632602732,0.04491181582,0.1986152437,0.01559083829,0.007300177968,0.1718087239,0.3386674238,0.3291636404,0.2363498725,-0.1376808481,0.8084574101,0.7727784162,0.02538052167,-0.0932152059,-1.818855396,-1.79507586,0.07323486255,1.847261429,0.670094331,-0.271637785,-0.1148367001,0.9573800667,-0.4454709022,-3.451994792,-1.096208226,-1.945320977,-1.235089345,-1.269246674,-5.117980798,-6.379443246,1.759176528,-0.9980082848,16.66178353,16.12892976,0.09491923601
0.47,-0.04590926438,-0.05980583424,0.4861106547,-0.01660548201,0.001374106287,0.0003686395392,0.002833561713,-0.04808801093,-0.03421269227,0.000145776959,0.294673831,0.340660867,0.353519397,0.2726822755,0.3802026421,0.2187058286,0.2164607258,0.3711445838,-0.04033510468,-0.255833547,0.06151056888,0.2113408469,0.05403955136,0.001941149482,0.09767109317,0.3119473359,0.2988445766,0.2144781672,-0.2762538556,1.376821283,1.320933966,-0.002196930904,-0.1565574097,-3.409275513,-3.412450491,0.08184584116,0.7577660561,0.6509721098,0.8216750726,0.7408848515,2.2863292,-0.4670718118,-5.989160314,-1.682416346,-2.484410088,-1.638382362,-8.930841218,-13.7682175,-17.6159842,-0.3267039044,-4.15192011,28.68834372,27.41191646,-0.9203235955
0.48,-0.04628136418,-0.0623339767,0.4867454623,-0.0144746084,0.00199410461,0.0003684159434,0.003582301505,-0.04503547794,-0.0313261598,0.002226179428,0.2915988392,0.353775767,0.3659104426,0.2726603773,0.3785056911,0.1860219032,0.1837129401,0.3719302077,-0.03453307688,-0.2498891683,0.06374825196,0.2132303036,0.06752864984,-0.00171420363,0.05729774703,0.299750457,0.2799861952,0.2029398479,-0.3283651979,1.247493896,1.160833116,-0.0009362221513,-0.1772765157,-3.126271587,-3.133840161,0.07640931234,0.4488856469,0.5567889274,-0.2279198591,-0.2384585787,0.7003534933,-0.28031465,-2.575964238,-0.8853788542,-1.442455488,-0.7665817645,-2.320252827,-12.18274666,-14.52756683,0.4408940169,-0.6048543327,27.75501398,27.79859055,-0.2177785647
#Exudyn explicit time integration (ExplicitEuler) solver solution file
#simulation started=2026-01-27,10:20:01
#columns contain: time, ODE2 displacements, ODE2 velocities, ODE2 accelerations
#number of system coordinates [nODE2, nODE1, nAlgebraic, nData] = [18,0,0,0]
#number of written coordinates [nODE2, nVel2, nAcc2, nODE1, nVel1, nAlgebraic, nData] = [18,18,18,0,0,0,0]
#total columns exported  (excl. time) = 54
#number of time steps (planned) = 200
#Exudyn version = 1.10.0; Python3.11.11; Windows AVX2 FLOAT64
#
#solution information = DogEnv
0.48,-0.04628136418,-0.0623339767,0.4867454623,-0.0144746084,0.00199410461,0.0003684159434,0.003582301505,-0.04503547794,-0.0313261598,0.002226179428,0.2915988392,0.353775767,0.3659104426,0.2726603773,0.3785056911,0.1860219032,0.1837129401,0.3719302077,-0.03453307688,-0.2498891683,0.06374825196,0.2132303036,0.06752864984,-0.00171420363,0.05729774703,0.299750457,0.2799861952,0.2029398479,-0.3283651979,1.247493896,1.160833116,-0.0009362221513,-0.1772765157,-3.126271587,-3.133840161,0.07640931234,0.4488856469,0.5567889274,-0.2279198591,-0.2384585787,0.7003534933,-0.28031465,-2.575964238,-0.8853788542,-1.442455488,-0.7665817645,-2.320252827,-12.18274666,-14.52756683,0.4408940169,-0.6048543327,27.75501398,27.79859055,-0.2177785647
0.49,-0.04668585388,-0.06480142722,0.4874714337,-0.01232591648,0.00306096286,0.0003289403714,0.003584066465,-0.04212466581,-0.02861595981,0.004231923597,0.287441658,0.366991361,0.3776475571,0.2726155419,0.3757867694,0.1483324565,0.1456649592,0.3724704677,-0.04750918218,-0.2438392415,0.08039870049,0.2168398835,0.1321783413,-0.005279769874,-0.05548724917,0.2835553106,0.2621106031,0.1976305259,-0.5087352922,1.240576926,1.044387749,-0.02372208911,-0.31701449,-3.646386305,-3.703372122,0.04734158368,-1.37579671,0.5155759661,1.227685739,0.1386107574,2.868366378,-0.07400997301,-8.58824182,-1.215149978,-1.295075862,-0.7592120351,-13.77985341,-18.03731076,-25.31414691,-3.315922923,-4.781106755,29.72217446,27.96515511,-1.212010125
0.5,-0.04722782548,-0.06721638355,0.4883217741,-0.01016680743,0.004467065339,0.0002797152089,0.002694278283,-0.03933555915,-0.02603808533,0.006171044391,0.281869055,0.3785546033,0.3869711607,0.2722519666,0.3724651719,0.1133126662,0.1100405121,0.3728761995,-0.06093279685,-0.23927563,0.08842280231,0.2135419472,0.1448625206,-0.00391541922,-0.1162406292,0.2753236893,0.2551593114,0.1903846826,-0.5904765745,1.074841106,0.8296086689,-0.04624684428,-0.3408741302,-3.357381085,-3.417745418,0.03340759599,-1.320903466,0.4124535105,0.4311867104,-0.7065651402,0.1977629556,0.3127584776,-4.380924846,-0.5278903295,-0.2248689826,-0.6262824659,-3.940167973,-15.34720522,-18.36751843,-1.496694637,-0.6696093418,28.08986563,28.60975699,-1.397590803
#Exudyn explicit time integration (ExplicitEuler) solver solution file
#simulation started=2026-01-27,10:20:01
#columns contain: time, ODE2 displacements, ODE2 velocities, ODE2 accelerations
#number of system coordinates [nODE2, nODE1, nAlgebraic, nData] = [18,0,0,0]
#number of written coordinates [nODE2, nVel2, nAcc2, nODE1, nVel1, nAlgebraic, nData] = [18,18,18,0,0,0,0]
#total columns exported  (excl. time) = 54
#number of time steps (planned) = 200
#Exudyn version = 1.10.0; Python3.11.11; Windows AVX2 FLOAT64
#
#solution information = DogEnv
0.5,-0.04722782548,-0.06721638355,0.4883217741,-0.01016680743,0.004467065339,0.0002797152089,0.002694278283,-0.03933555915,-0.02603808533,0.006171044391,0.281869055,0.3785546033,0.3869711607,0.2722519666,0.3724651719,0.1133126662,0.1100405121,0.3728761995,-0.06093279685,-0.23927563,0.08842280231,0.2135419472,0.1448625206,-0.00391541922,-0.1162406292,0.2753236893,0.2551593114,0.1903846826,-0.5904765745,1.074841106,0.8296086689,-0.04624684428,-0.3408741302,-3.357381085,-3.417745418,0.03340759599,-1.320903466,0.4124535105,0.4311867104,-0.7065651402,0.1977629556,0.3127584776,-4.380924846,-0.5278903295,-0.2248689826,-0.6262824659,-3.940167973,-15.34720522,-18.36751843,-1.496694637,-0.6696093418,28.08986563,28.60975699,-1.397590803
0.51,-0.04804236793,-0.06958597112,0.4893115772,-0.008234214902,0.006382247886,0.0002669617517,-7.857612441e-05,-0.03646432157,-0.02334547432,0.008183613006,0.27566082,0.3843057891,0.3887244488,0.2722615684,0.3673259597,0.08704179695,0.08241080588,0.3721690315,-0.09926248477,-0.2350079818,0.1084026639,0.1591828875,0.2215815661,0.006438491004,-0.4388336311,0.3092832942,0.296566696,0.2196190031,-0.6963938223,0.5062290084,-0.06398138235,-0.02589422019,-0.5597028944,-1.751582,-2.655297235,-0.09571381356,-4.49852516,0.3595236082,2.954525856,7.610002709,-1.748486138,4.555897311,-38.360138,-4.496981118,-4.850403119,-15.00787974,-11.45141919,313.4088212,-26.45844555,-3.501462726,26.74990051,14160.22951,-72.35785209,2.6276931
0.52,-0.04918939659,-0.07192318562,0.4904704054,-0.006964222494,0.008686256715,0.0004778823981,-0.005738190504,-0.0332056066,-0.02007884538,0.01045662662,0.2683718631,0.388562888,0.3867492617,0.2718226199,0.3616316253,0.06331355432,0.05656547821,0.3710539795,-0.1301044988,-0.2327453152,0.1224730821,0.1002098058,0.2323288448,0.0390527411,-0.684522674,0.3371772886,0.3550717352,0.2261142989,-0.7456223294,0.3780676533,-0.3079096257,-0.05377709842,-0.5699102133,-1.567397647,-2.513323117,-0.1272111845,-4.25897278,0.1411242288,2.223389389,9.515224614,-5.494300235,6.213779633,-30.51197804,-1.447292662,-4.704059885,-18.48163997,-1.840986981,322.9969623,-11.73042818,1.127111818,23.47141541,14425.26267,-55.43516502,2.395256349
#Exudyn explicit time integration (ExplicitEuler) solver solution file
#simulation started=2026-01-27,10:20:01
#columns contain: time, ODE2 displacements, ODE2 velocities, ODE2 accelerations
#number of system coordinates [nODE2, nODE1, nAlgebraic, nData] = [18,0,0,0]
#number of written coordinates [nODE2, nVel2, nAcc2, nODE1, nVel1, nAlgebraic, nData] = [18,18,18,0,0,0,0]
#total columns exported  (excl. time) = 54
#number of time steps (planned) = 200
#Exudyn version = 1.10.0; Python3.11.11; Windows AVX2 FLOAT64
#
#solution information = DogEnv
0.52,-0.04918939659,-0.07192318562,0.4904704054,-0.006964222494,0.008686256715,0.0004778823981,-0.005738190504,-0.0332056066,-0.02007884538,0.01045662662,0.2683718631,0.388562888,0.3867492617,0.2718226199,0.3616316253,0.06331355432,0.05656547821,0.3710539795,-0.1301044988,-0.2327453152,0.1224730821,0.1002098058,0.2323288448,0.0390527411,-0.684522674,0.3371772886,0.3550717352,0.2261142989,-0.7456223294,0.3780676533,-0.3079096257,-0.05377709842,-0.5699102133,-1.567397647,-2.513323117,-0.1272111845,-4.25897278,0.1411242288,2.223389389,9.515224614,-5.494300235,6.213779633,-30.51197804,-1.447292662,-4.704059885,-18.48163997,-1.840986981,322.9969623,-11.73042818,1.127111818,23.47141541,14425.26267,-55.43516502,2.395256349
0.53,-0.050805006,-0.07424365725,0.4917993089,-0.006737264425,0.01163423511,0.001154117012,-0.01756287171,-0.02932445132,-0.01580422456,0.01214713479,0.2617707378,0.3863348665,0.3742201426,0.2737737951,0.3536310342,0.05107312951,0.04001678106,0.3686811658,-0.1927380238,-0.2330952765,0.1355113414,-0.04243626398,0.3569191695,0.1084568162,-1.701865641,0.4319251565,0.4934438173,-0.1284416705,-0.735656936,-0.2025255674,-1.589086213,0.5636115972,-0.8916116008,0.5581486316,-1.624509003,-0.1477508483,-9.797518306,-0.7461212734,0.7188142746,23.82136112,6.78492451,13.87949355,-106.4000283,29.02607887,-13.04778569,-181.268236,-37.69354308,770.5969735,-40.13486967,130.293907,17.04620891,31979.11098,-145.8161637,30.57047784
0.54,-0.0530913233,-0.07665963199,0.4930382266,-0.007443107104,0.01594675936,0.002623585528,-0.03788397543,-0.0248252934,-0.01047618623,0.001713984334,0.2527513904,0.3832849679,0.3561280108,0.2831212742,0.3439746184,0.04010922828,0.0233668413,0.3665500177,-0.2644150452,-0.2554290309,0.1149571811,-0.140753621,0.4718746973,0.1777895805,-2.235477649,0.5325321438,0.5972434356,-1.65472953,-0.9908163641,-0.2912014098,-1.989099911,0.9242366144,-0.9802265521,1.715236659,-1.704224931,-0.3116352237,-10.85756515,-3.580512538,1.239982711,1.376302096,-8.561020187,11.79274339,-29.79447871,76.36438304,7.347486226,-46.63385211,-6.045617339,1390.994881,-17.32483358,-51.63310131,19.85699149,47835.43251,-8.745422691,3.156860085
#Exudyn explicit time integration (ExplicitEuler) solver solution file
#simulation started=2026-01-27,10:20:01
#columns contain: time, ODE2 displacements, ODE2 velocities, ODE2 accelerations
#number of system coordinates [nODE2, nODE1, nAlgebraic, nData] = [18,0,0,0]
#number of written coordinates [nODE2, nVel2, nAcc2, nODE1, nVel1, nAlgebraic, nData] = [18,18,18,0,0,0,0]
#total columns exported  (excl. time) = 54
#number of time steps (planned) = 200
#Exudyn version = 1.10.0; Python3.11.11; Windows AVX2 FLOAT64
#
#solution information = DogEnv
0.54,-0.0530913233,-0.07665963199,0.4930382266,-0.007443107104,0.01594675936,0.002623585528,-0.03788397543,-0.0248252934,-0.01047618623,0.001713984334,0.2527513904,0.3832849679,0.3561280108,0.2831212742,0.3439746184,0.04010922828,0.0233668413,0.3665500177,-0.2644150452,-0.2554290309,0.1149571811,-0.140753621,0.4718746973,0.1777895805,-2.235477649,0.5325321438,0.5972434356,-1.65472953,-0.9908163641,-0.2912014098,-1.989099911,0.9242366144,-0.9802265521,1.715236659,-1.704224931,-0.3116352237,-10.85756515,-3.580512538,1.239982711,1.376302096,-8.561020187,11.79274339,-29.79447871,76.36438304,7.347486226,-46.63385211,-6.045617339,1390.994881,-17.32483358,-51.63310131,19.85699149,47835.43251,-8.745422691,3.156860085
0.55,-0.05607254532,-0.07939322667,0.4941779546,-0.009656232565,0.02034782656,0.004670007664,-0.06091436199,-0.01862796409,-0.003813203372,-0.0143250654,0.2435532676,0.3709072284,0.327960652,0.2902653069,0.3346641292,0.05007174504,0.02723280479,0.3631425359,-0.3259348377,-0.2918218967,0.1125108968,-0.3007034423,0.3926343752,0.2374882835,-2.336251157,0.7058454535,0.7550717958,-1.570912443,-0.80598622,-1.37612866,-2.853747815,0.5378486678,-0.8684399424,-1.305532042,0.4640293196,-0.3843821701,-2.344227933,-3.537463793,0.8857359838,0.7786136634,-16.27771742,2.665528365,-23.62424051,-51.36545057,-6.636371857,-10.18276893,40.14310324,-1260.834868,33.11343313,-24.40091136,-14.47772295,-30188.29247,119.2610937,-18.97341332
0.56,-0.05958711861,-0.08249995232,0.4953077495,-0.01312001728,0.02368059226,0.007422658964,-0.08250718282,-0.01099296714,0.00445228582,-0.02997454524,0.2374612901,0.3580181566,0.3005408623,0.2938520827,0.3285685923,0.06007333439,0.03159593193,0.3588977237,-0.3732889425,-0.3308144536,0.1209232462,-0.2780969331,0.3058616313,0.3050556022,-0.9853315964,0.7063560026,0.8024967376,-1.538117428,0.03319654101,-1.26459307,-2.648037913,0.1963898019,0.1668638407,-0.1431689588,0.4115516707,-0.3912093945,0.06123622724,-3.410347395,-2.35636803,-15.04462009,35.00584944,-4.231765284,497.319663,-143.7588574,21.82018848,122.6555118,218.4830094,-412.3308967,-29.72315119,-25.97973804,-21.70110532,-39211.11532,78.04082717,21.00968349
#Exudyn explicit time integration (ExplicitEuler) solver solution file
#simulation started=2026-01-27,10:20:02
#columns contain: time, ODE2 displacements, ODE2 velocities, ODE2 accelerations
#number of system coordinates [nODE2, nODE1, nAlgebraic, nData] = [18,0,0,0]
#number of written coordinates [nODE2, nVel2, nAcc2, nODE1, nVel1, nAlgebraic, nData] = [18,18,18,0,0,0,0]
#total columns exported  (excl. time) = 54
#number of time steps (planned) = 200
#Exudyn version = 1.10.0; Python3.11.11; Windows AVX2 FLOAT64
#
#solution information = DogEnv
0.56,-0.05958711861,-0.08249995232,0.4953077495,-0.01312001728,0.02368059226,0.007422658964,-0.08250718282,-0.01099296714,0.00445228582,-0.02997454524,0.2374612901,0.3580181566,0.3005408623,0.2938520827,0.3285685923,0.06007333439,0.03159593193,0.3588977237,-0.3732889425,-0.3308144536,0.1209232462,-0.2780969331,0.3058616313,0.3050556022,-0.9853315964,0.7063560026,0.8024967376,-1.538117428,0.03319654101,-1.26459307,-2.648037913,0.1963898019,0.1668638407,-0.1431689588,0.4115516707,-0.3912093945,0.06123622724,-3.410347395,-2.35636803,-15.04462009,35.00584944,-4.231765284,497.319663,-143.7588574,21.82018848,122.6555118,218.4830094,-412.3308967,-29.72315119,-25.97973804,-21.70110532,-39211.11532,78.04082717,21.00968349
0.57,-0.06350478905,-0.08594240977,0.4966639069,-0.01208493681,0.02688873323,0.01017246009,-0.08242962924,-0.007119950159,0.009810732555,-0.0415731672,0.2435865484,0.3350306507,0.2684796277,0.2973263194,0.3303905833,0.09020871207,0.05879706529,0.3568724407,-0.4090762815,-0.3549117412,0.1446324735,0.4580030139,0.3673235135,0.234786065,0.4581665672,0.09128991721,0.3310071479,-0.6464048718,0.8490952396,-2.460309404,-3.11044473,0.5952791276,0.1828834542,1.5630324,2.727852452,-0.03518967315,-1.674636215,-1.732861333,0.1777958792,54.27376814,16.66905889,-12.13055935,36.30403082,-53.11446122,-39.91200852,141.3012737,14.11636601,-737.194672,27.47640715,50.60135467,-14.83570418,-23887.99441,58.85924835,13.05793449
0.58,-0.06776064764,-0.08955177793,0.4982533287,-0.005508446754,0.03077377313,0.01225063421,-0.07636120099,-0.007820168073,0.0117615318,-0.04326492047,0.2525365032,0.3106032574,0.23863067,0.3001728255,0.3321550749,0.1178932624,0.08430400453,0.3551780188,-0.4342501136,-0.3632199857,0.1886123661,0.6430041606,0.3298459942,0.2076324573,0.809035092,-0.05328065578,0.2214050666,-0.01315274078,0.9867529705,-2.457078388,-2.881071585,-0.5844646634,0.169967824,1.74295362,2.347973211,-0.1269675298,1.481292831,0.1460418063,6.039988647,-45.20598461,-16.77967553,1.668472487,36.82645428,50.07759555,31.5186857,46.25588297,15.01678229,-398.2866898,4.417320732,-40.71395575,-11.3459403,-16577.13209,28.08488012,86.0232395
#Exudyn explicit time integration (ExplicitEuler) solver solution file
#simulation started=2026-01-27,10:20:02
#columns contain: time, ODE2 displacements, ODE2 velocities, ODE2 accelerations
#number of system coordinates [nODE2, nODE1, nAlgebraic, nData] = [18,0,0,0]
#number of written coordinates [nODE2, nVel2, nAcc2, nODE1, nVel1, nAlgebraic, nData] = [18,18,18,0,0,0,0]
#total columns exported  (excl. time) = 54
#number of time steps (planned) = 200
#Exudyn version = 1.10.0; Python3.11.11; Windows AVX2 FLOAT64
#
#solution information = DogEnv
0.58,-0.06776064764,-0.08955177793,0.4982533287,-0.005508446754,0.03077377313,0.01225063421,-0.07636120099,-0.007820168073,0.0117615318,-0.04326492047,0.2525365032,0.3106032574,0.23863067,0.3001728255,0.3321550749,0.1178932624,0.08430400453,0.3551780188,-0.4342501136,-0.3632199857,0.1886123661,0.6430041606,0.3298459942,0.2076324573,0.809035092,-0.05328065578,0.2214050666,-0.01315274078,0.9867529705,-2.457078388,-2.881071585,-0.5844646634,0.169967824,1.74295362,2.347973211,-0.1269675298,1.481292831,0.1460418063,6.039988647,-45.20598461,-16.77967553,1.668472487,36.82645428,50.07759555,31.5186857,46.25588297,15.01678229,-398.2866898,4.417320732,-40.71395575,-11.3459403,-16577.13209,28.08488012,86.0232395
0.59,-0.07214092909,-0.09317495599,0.5003438039,0.0004109475879,0.03324369148,0.01444562449,-0.06839402874,-0.007993661043,0.01417716519,-0.04284554072,0.2622368125,0.2813609716,0.2062176779,0.2953791629,0.3337975009,0.1544787005,0.1194137324,0.3538491989,-0.4421861367,-0.36150331,0.2204036834,0.5693789738,0.1994427598,0.2275042892,0.7487027126,-0.005032713246,0.2499836807,0.07257596024,0.9054301363,-2.914406647,-3.207943489,-0.3721396321,0.1560045312,3.533876533,3.392867889,-0.1808691778,-1.224226754,0.118893731,1.009591344,-1.092440602,-4.72129102,1.1344373,-10.9235362,-0.3512255517,-1.158115179,2.601111784,-15.64227643,11.57062563,14.56338036,12.90793625,-1.754932384,-41.6685075,-39.82979245,-5.430515393
0.6,-0.07663058713,-0.09678603456,0.5025674836,0.006075821305,0.03508523987,0.01677157471,-0.06137299432,-0.008079389652,0.01660371696,-0.04205118775,0.2706231678,0.2527754167,0.1747881436,0.292048146,0.335274894,0.1878330313,0.1513939158,0.3519034213,-0.4562353757,-0.3608602399,0.2220530304,0.5642319605,0.1733781264,0.2375678754,0.6604723227,-0.01259248677,0.235010183,0.0842266783,0.7808677408,-2.801994032,-3.080047337,-0.3036759463,0.1398298276,3.140642113,3.004605773,-0.1912053784,-1.481347815,0.01899650064,-0.4722932898,0.1902761595,-1.34479391,0.9098891647,-8.022657891,-1.315327619,-1.98196205,1.681026888,-10.10616416,11.0086643,12.23918688,10.36813902,-1.459033041,-37.06485306,-36.6117188,6.282104365
#Exudyn explicit time integration (ExplicitEuler) solver solution file
#simulation started=2026-01-27,10:20:02
#columns contain: time, ODE2 displacements, ODE2 velocities, ODE2 accelerations
#number of system coordinates [nODE2, nODE1, nAlgebraic, nData] = [18,0,0,0]
#number of written coordinates [nODE2, nVel2, nAcc2, nODE1, nVel1, nAlgebraic, nData] = [18,18,18,0,0,0,0]
#total columns exported  (excl. time) = 54
#number of time steps (planned) = 200
#Exudyn version = 1.10.0; Python3.11.11; Windows AVX2 FLOAT64
#
#solution information = DogEnv
0.6,-0.07663058713,-0.09678603456,0.5025674836,0.006075821305,0.03508523987,0.01677157471,-0.06137299432,-0.008079389652,0.01660371696,-0.04205118775,0.2706231678,0.2527754167,0.1747881436,0.292048146,0.335274894,0.1878330313,0.1513939158,0.3519034213,-0.4562353757,-0.3608602399,0.2220530304,0.5642319605,0.1733781264,0.2375678754,0.6604723227,-0.01259248677,0.235010183,0.0842266783,0.7808677408,-2.801994032,-3.080047337,-0.3036759463,0.1398298276,3.140642113,3.004605773,-0.1912053784,-1.481347815,0.01899650064,-0.4722932898,0.1902761595,-1.34479391,0.9098891647,-8.022657891,-1.315327619,-1.98196205,1.681026888,-10.10616416,11.0086643,12.23918688,10.36813902,-1.459033041,-37.06485306,-36.6117188,6.282104365
0.61,-0.08127504799,-0.1003974846,0.5047338141,0.01194181492,0.03685570141,0.01916686374,-0.05526322418,-0.008439361998,0.01871269886,-0.04101286096,0.2778926907,0.2252470988,0.144613435,0.2903267706,0.3366031362,0.2174815576,0.1797475342,0.3504835873,-0.4741122819,-0.3619842193,0.2076463659,0.6372988623,0.1939296412,0.2378908297,0.5516840735,-0.08135609333,0.1689534448,0.1395209036,0.6672629487,-2.709244576,-2.949970642,0.03414435698,0.1257662961,2.792830973,2.673741697,-0.08208121574,-2.208863833,-0.2966652469,-2.438431944,15.7384297,6.025464669,-1.140242126,-12.52867923,-13.27518249,-11.59589416,10.62015931,-12.26706441,7.335621288,14.42907702,49.16461532,-1.391995968,-32.77643945,-30.22611942,10.96553722
0.62,-0.08613165463,-0.1040368761,0.506682913,0.01910853406,0.03911045812,0.02147486514,-0.05017797123,-0.009902491151,0.01986678312,-0.03935813548,0.2840923168,0.1985169305,0.1159072578,0.2921821629,0.3377939395,0.2438324564,0.2049974005,0.34981375,-0.4968818766,-0.3661476008,0.1836477009,0.7705380089,0.2472564168,0.2252379906,0.496425998,-0.1886064039,0.08418956007,0.1216859618,0.5949173417,-2.629340663,-2.783340764,0.1742457843,0.1126900498,2.478365434,2.369163066,-0.1007281134,-1.848190627,-0.4235491273,-1.417740343,-0.5070568624,-0.2284061361,-0.1518450886,5.508906168,1.115054097,2.338948891,-26.85648196,1.003421476,11.41494234,17.82433817,-45.17255719,-1.13674254,-30.20527779,-32.33519628,-17.58903907
#Exudyn explicit time integration (ExplicitEuler) solver solution file
#simulation started=2026-01-27,10:20:02
#columns contain: time, ODE2 displacements, ODE2 velocities, ODE2 accelerations
#number of system coordinates [nODE2, nODE1, nAlgebraic, nData] = [18,0,0,0]
#number of written coordinates [nODE2, nVel2, nAcc2, nODE1, nVel1, nAlgebraic, nData] = [18,18,18,0,0,0,0]
#total columns exported  (excl. time) = 54
#number of time steps (planned) = 200
#Exudyn version = 1.10.0; Python3.11.11; Windows AVX2 FLOAT64
#
#solution information = DogEnv
0.62,-0.08613165463,-0.1040368761,0.506682913,0.01910853406,0.03911045812,0.02147486514,-0.05017797123,-0.009902491151,0.01986678312,-0.03935813548,0.2840923168,0.1985169305,0.1159072578,0.2921821629,0.3377939395,0.2438324564,0.2049974005,0.34981375,-0.4968818766,-0.3661476008,0.1836477009,0.7705380089,0.2472564168,0.2252379906,0.496425998,-0.1886064039,0.08418956007,0.1216859618,0.5949173417,-2.629340663,-2.783340764,0.1742457843,0.1126900498,2.478365434,2.369163066,-0.1007281134,-1.848190627,-0.4235491273,-1.417740343,-0.5070568624,-0.2284061361,-0.1518450886,5.508906168,1.115054097,2.338948891,-26.85648196,1.003421476,11.41494234,17.82433817,-45.17255719,-1.13674254,-30.20527779,-32.33519628,-17.58903907
0.63,-0.09107017176,-0.1077100544,0.5084688422,0.02598308506,0.04094439297,0.02379029709,-0.04476719434,-0.01101954534,0.02137859128,-0.03898962891,0.2904396683,0.1755705213,0.09276465288,0.2904844583,0.3388804518,0.2640450227,0.2248332406,0.3482044889,-0.4898648067,-0.3675991924,0.1766538989,0.5608033279,0.1038606722,0.2432048371,0.5638472215,-0.006910990706,0.2483344419,0.05997242494,0.6480015539,-2.175142114,-2.12239382,-0.4062315661,0.1051415273,1.862318162,1.859719792,-0.1180575212,0.7165277062,0.1105120342,-0.97457151,-17.65172983,-12.75511251,1.992285854,-10.51200546,13.30006755,13.18902768,18.57928122,-8.256349827,14.788992,25.87543974,25.34297322,-0.8625393657,-22.5226202,-11.66894298,-3.362962227
0.64,-0.09595525929,-0.1113793179,0.5101465735,0.031157481,0.04160181973,0.02627843385,-0.03978862737,-0.01078709083,0.02425158506,-0.03782210094,0.2963128905,0.1544315733,0.07266197754,0.2877590619,0.3398784003,0.2816200093,0.242777761,0.3470051322,-0.4890394181,-0.3663598339,0.1550714517,0.5130853965,0.05043234612,0.2500722716,0.4254609001,0.02230485155,0.2980715571,0.1648464091,0.5163559574,-2.061345132,-1.915911763,-0.06853612577,0.09413634007,1.658017952,1.72302759,-0.06101329571,-0.5593913956,0.03111779766,-3.370643225,8.997962854,2.512812205,-0.979386641,-16.50314885,-7.821598665,-5.790268099,12.00652299,-16.14551339,7.972733912,13.66587517,67.97592421,-1.123571685,-17.95729347,-14.67531755,21.26312197
#Exudyn explicit time integration (ExplicitEuler) solver solution file
#simulation started=2026-01-27,10:20:02
#columns contain: time, ODE2 displacements, ODE2 velocities, ODE2 accelerations
#number of system coordinates [nODE2, nODE1, nAlgebraic, nData] = [18,0,0,0]
#number of written coordinates [nODE2, nVel2, nAcc2, nODE1, nVel1, nAlgebraic, nData] = [18,18,18,0,0,0,0]
#total columns exported  (excl. time) = 54
#number of time steps (planned) = 200
#Exudyn version = 1.10.0; Python3.11.11; Windows AVX2 FLOAT64
#
#solution information = DogEnv
0.64,-0.09595525929,-0.1113793179,0.5101465735,0.031157481,0.04160181973,0.02627843385,-0.03978862737,-0.01078709083,0.02425158506,-0.03782210094,0.2963128905,0.1544315733,0.07266197754,0.2877590619,0.3398784003,0.2816200093,0.242777761,0.3470051322,-0.4890394181,-0.3663598339,0.1550714517,0.5130853965,0.05043234612,0.2500722716,0.4254609001,0.02230485155,0.2980715571,0.1648464091,0.5163559574,-2.061345132,-1.915911763,-0.06853612577,0.09413634007,1.658017952,1.72302759,-0.06101329571,-0.5593913956,0.03111779766,-3.370643225,8.997962854,2.512812205,-0.979386641,-16.50314885,-7.821598665,-5.790268099,12.00652299,-16.14551339,7.972733912,13.66587517,67.97592421,-1.123571685,-17.95729347,-14.67531755,21.26312197
0.65,-0.1007105455,-0.115042387,0.5113643109,0.0373765695,0.04217558743,0.02860140351,-0.03649079536,-0.0112493726,0.02636752632,-0.03330341709,0.3008227484,0.1414393965,0.06182498231,0.2927830959,0.3407700765,0.2901126853,0.2526011529,0.3476605411,-0.4706710463,-0.3667924223,0.08560806662,0.7879291764,0.1194901548,0.2072181004,0.247213909,-0.1661143101,0.09352534342,0.87648411,0.347102262,-1.198349695,-1.021184374,0.9313512847,0.08281473966,0.7161887349,0.8395563745,0.06662071206,0.7904718906,0.04135243883,-5.996138768,30.5440809,13.8894766,-3.983227043,-2.099939634,-24.09837806,-23.73800522,47.77901844,-11.43806231,-3.137283813,-11.87457174,-0.08956505391,-1.357686278,-7.193608306,-7.735125299,-17.44372388
0.66,-0.1053229654,-0.118700193,0.5120483444,0.04542321459,0.04356815919,0.03064162456,-0.03327839544,-0.01306948826,0.02724162678,-0.02750913296,0.3044414451,0.1296812934,0.05170973683,0.299077213,0.3415505118,0.2969600064,0.2606164533,0.3476219313,-0.4455965365,-0.3647338156,0.06266532874,0.6777930006,0.1015350822,0.2125091576,0.4399383917,-0.08029505432,0.2020473357,0.09426481251,0.4294089993,-1.104109116,-0.932279899,0.07836498593,0.07484450129,0.6586867921,0.7670107195,-0.1480303375,4.384484552,0.1932055154,1.188562681,-53.24625101,-20.64030438,3.501362544,26.60803658,43.79373952,46.09799301,-58.22815473,21.22823162,25.89923812,29.67243342,-167.4938587,-0.3767284173,-4.401544299,-4.96225519,-52.83086944
#Exudyn explicit time integration (ExplicitEuler) solver solution file
#simulation started=2026-01-27,10:20:02
#columns contain: time, ODE2 displacements, ODE2 velocities, ODE2 accelerations
#number of system coordinates [nODE2, nODE1, nAlgebraic, nData] = [18,0,0,0]
#number of written coordinates [nODE2, nVel2, nAcc2, nODE1, nVel1, nAlgebraic, nData] = [18,18,18,0,0,0,0]
#total columns exported  (excl. time) = 54
#number of time steps (planned) = 200
#Exudyn version = 1.10.0; Python3.11.11; Windows AVX2 FLOAT64
#
#solution information = DogEnv
0.66,-0.1053229654,-0.118700193,0.5120483444,0.04542321459,0.04356815919,0.03064162456,-0.03327839544,-0.01306948826,0.02724162678,-0.02750913296,0.3044414451,0.1296812934,0.05170973683,0.299077213,0.3415505118,0.2969600064,0.2606164533,0.3476219313,-0.4455965365,-0.3647338156,0.06266532874,0.6777930006,0.1015350822,0.2125091576,0.4399383917,-0.08029505432,0.2020473357,0.09426481251,0.4294089993,-1.104109116,-0.932279899,0.07836498593,0.07484450129,0.6586867921,0.7670107195,-0.1480303375,4.384484552,0.1932055154,1.188562681,-53.24625101,-20.64030438,3.501362544,26.60803658,43.79373952,46.09799301,-58.22815473,21.22823162,25.89923812,29.67243342,-167.4938587,-0.3767284173,-4.401544299,-4.96225519,-52.83086944
0.67,-0.1094619209,-0.1222594211,0.5121571202,0.04705370554,0.04417161561,0.03314201371,-0.0268819291,-0.01472126301,0.02638748492,-0.02359085969,0.3084124504,0.1571245924,0.06539077226,0.2964874434,0.3422756371,0.3128270043,0.2724916899,0.3472097352,-0.428799447,-0.3324383088,-0.1689128379,-0.7954177596,0.22660337,0.3423440855,1.039394759,-2.324692899,-3.088403913,1.16203578,0.199761542,9.941357497,7.056095314,-0.5417397722,0.06280753764,4.468527041,5.099989016,0.02237053846,-19.02726619,8.483422449,-76.01884207,-349.7658827,63.83684909,39.00728483,164.8083946,-1433.295141,-1954.012491,302.3247166,-41.12505187,2143.952679,2430.17974,-127.8334904,-2.760203463,483.3936294,1290.624161,36.74051804
0.68,-0.1155859942,-0.1258776711,0.5065335709,0.01066060525,0.04759705616,0.04003940583,-0.005277073272,-0.09002699292,-0.08503190139,0.008005474512,0.3098436505,0.2635006515,0.1818038763,0.2873679403,0.3428892236,0.3306727818,0.3044543627,0.3484086965,-0.7379727517,-0.4449029876,-0.6852843423,-5.526149482,0.3291719452,0.9413670196,1.506387049,0.6588900683,-4.563270576,2.140798332,0.114059295,3.443639253,5.582173516,-0.3900003419,0.06482672711,0.4180473884,0.3389313402,-0.2005163261,0.9192720002,-6.948557349,24.28414186,355.3007386,-99.80108804,-16.62116303,-726.019073,3160.443157,976.5044811,-1217.516372,82.66940626,-1749.873672,-920.5159381,235.5155741,3.114597466,-596.5641026,-45.3554813,-97.80590747
#Exudyn explicit time integration (ExplicitEuler) solver solution file
#simulation started=2026-01-27,10:20:02
#columns contain: time, ODE2 displacements, ODE2 velocities, ODE2 accelerations
#number of system coordinates [nODE2, nODE1, nAlgebraic, nData] = [18,0,0,0]
#number of written coordinates [nODE2, nVel2, nAcc2, nODE1, nVel1, nAlgebraic, nData] = [18,18,18,0,0,0,0]
#total columns exported  (excl. time) = 54
#number of time steps (planned) = 200
#Exudyn version = 1.10.0; Python3.11.11; Windows AVX2 FLOAT64
#
#solution information = DogEnv
0.68,-0.1155859942,-0.1258776711,0.5065335709,0.01066060525,0.04759705616,0.04003940583,-0.005277073272,-0.09002699292,-0.08503190139,0.008005474512,0.3098436505,0.2635006515,0.1818038763,0.2873679403,0.3428892236,0.3306727818,0.3044543627,0.3484086965,-0.7379727517,-0.4449029876,-0.6852843423,-5.526149482,0.3291719452,0.9413670196,1.506387049,0.6588900683,-4.563270576,2.140798332,0.114059295,3.443639253,5.582173516,-0.3900003419,0.06482672711,0.4180473884,0.3389313402,-0.2005163261,0.9192720002,-6.948557349,24.28414186,355.3007386,-99.80108804,-16.62116303,-726.019073,3160.443157,976.5044811,-1217.516372,82.66940626,-1749.873672,-920.5159381,235.5155741,3.114597466,-596.5641026,-45.3554813,-97.80590747
0.69,-0.1223624216,-0.1304158679,0.5011803746,-0.02182702072,0.04386595627,0.04877341553,-0.009235590785,-0.05873594719,-0.1071314245,-0.006753407556,0.3148109435,0.2590473191,0.2187799141,0.2882035529,0.3436037846,0.3421397825,0.3085095013,0.3441410745,-0.6214768938,-0.467643908,-0.4373574443,-1.757687856,-0.9096263215,0.8149116312,-0.7183695695,2.085042566,-0.4877196007,-2.447073438,0.5971363061,-0.5454823921,2.490467811,-0.01640117088,0.0688104214,0.3033094913,0.3558413677,-0.4606522485,9.715299277,-2.868991137,4.717336662,110.7689589,-54.43987989,-8.407825439,123.6791068,-615.4118061,289.4228754,157.2902053,-27.73550423,-1.272134439,-184.6398699,-63.73579559,-16.65578392,-22506.22083,0.5323599366,-8.189877207
0.7,-0.128257819,-0.1352360031,0.4970597711,-0.03303698612,0.03201315454,0.05637226689,-0.01374350685,-0.04350297917,-0.1052719159,-0.02464450214,0.3197149373,0.2575173535,0.238290236,0.2867175683,0.3442360181,0.3479635135,0.3117573118,0.3404526956,-0.5643366368,-0.4934631253,-0.4068597062,-0.6494426011,-1.392658997,0.713702086,-0.2251255054,1.091877296,0.5999778244,-1.11085569,0.3749735602,0.1690824453,1.563739552,-0.1855295117,0.05685661569,0.3036393215,0.2993782499,-0.2706264812,3.806808509,-1.693326517,-2.079504669,67.85244716,-29.80586739,-7.093588455,33.71065238,-61.85329427,45.78488036,118.3837323,-21.20428055,56.80298114,-53.8684175,7.716989621,-1.093319077,55.345737,-4.237365942,19.7912553
#Exudyn explicit time integration (ExplicitEuler) solver solution file
#simulation started=2026-01-27,10:20:02
#columns contain: time, ODE2 displacements, ODE2 velocities, ODE2 accelerations
#number of system coordinates [nODE2, nODE1, nAlgebraic, nData] = [18,0,0,0]
#number of written coordinates [nODE2, nVel2, nAcc2, nODE1, nVel1, nAlgebraic, nData] = [18,18,18,0,0,0,0]
#total columns exported  (excl. time) = 54
#number of time steps (planned) = 200
#Exudyn version = 1.10.0; Python3.11.11; Windows AVX2 FLOAT64
#
#solution information = DogEnv
0.7,-0.128257819,-0.1352360031,0.4970597711,-0.03303698612,0.03201315454,0.05637226689,-0.01374350685,-0.04350297917,-0.1052719159,-0.02464450214,0.3197149373,0.2575173535,0.238290236,0.2867175683,0.3442360181,0.3479635135,0.3117573118,0.3404526956,-0.5643366368,-0.4934631253,-0.4068597062,-0.6494426011,-1.392658997,0.713702086,-0.2251255054,1.091877296,0.5999778244,-1.11085569,0.3749735602,0.1690824453,1.563739552,-0.1855295117,0.05685661569,0.3036393215,0.2993782499,-0.2706264812,3.806808509,-1.693326517,-2.079504669,67.85244716,-29.80586739,-7.093588455,33.71065238,-61.85329427,45.78488036,118.3837323,-21.20428055,56.80298114,-53.8684175,7.716989621,-1.093319077,55.345737,-4.237365942,19.7912553
0.71,-0.1337571594,-0.1402327656,0.4927931997,-0.03695074154,0.01698055957,0.06324744011,-0.01475191787,-0.03496802623,-0.09785224754,-0.03081443663,0.3222556583,0.2610637516,0.2518427384,0.2855052643,0.3447602398,0.3502435601,0.3153890882,0.3388389773,-0.5381834926,-0.5041557605,-0.4538388818,-0.1802722621,-1.589964769,0.6681012193,-0.01444389033,0.66112103,0.8196930902,-0.2290518921,0.1687699322,0.5056044229,1.195020559,-0.01098445665,0.0473270088,0.1369923289,0.343387363,-0.06800238453,1.842534086,-0.6019448099,-6.378779752,34.20916421,-13.25116793,-2.654049157,11.05938253,-30.54303376,6.196418202,56.68710898,-11.56805295,20.87625685,-24.55957365,26.28293462,-0.8071080472,-11.27216332,-3.843318084,17.23656231
0.72,-0.1388227498,-0.1452513902,0.4884426266,-0.03576243524,0.002806664138,0.06959408326,-0.007960161032,-0.03083130409,-0.08781689745,-0.03132129425,0.3242347128,0.2657278236,0.262632622,0.2870926161,0.3547919807,0.3508610867,0.3252258722,0.3402103015,-0.4182879029,-0.4813077868,-0.2868696877,0.4731231904,-0.7388794236,0.5445888498,1.272995459,0.1368657868,1.179141538,0.1330728469,-0.2613845866,0.1249860685,0.4637948051,0.2851701207,-0.1158368577,-0.04331032097,2.370685741,0.2882180676,21.77506085,7.062237143,49.94906065,-14.06316708,182.3134858,-25.40021943,-61.84957726,13.93710793,154.6839876,31.33481269,-1108.39664,-120.4986588,-53.88359631,-85.04706927,-9146.847335,-15.01722295,27835.97585,-25.76172803
#Exudyn explicit time integration (ExplicitEuler) solver solution file
#simulation started=2026-01-27,10:20:02
#columns contain: time, ODE2 displacements, ODE2 velocities, ODE2 accelerations
#number of system coordinates [nODE2, nODE1, nAlgebraic, nData] = [18,0,0,0]
#number of written coordinates [nODE2, nVel2, nAcc2, nODE1, nVel1, nAlgebraic, nData] = [18,18,18,0,0,0,0]
#total columns exported  (excl. time) = 54
#number of time steps (planned) = 200
#Exudyn version = 1.10.0; Python3.11.11; Windows AVX2 FLOAT64
#
#solution information = DogEnv
0.72,-0.1388227498,-0.1452513902,0.4884426266,-0.03576243524,0.002806664138,0.06959408326,-0.007960161032,-0.03083130409,-0.08781689745,-0.03132129425,0.3242347128,0.2657278236,0.262632622,0.2870926161,0.3547919807,0.3508610867,0.3252258722,0.3402103015,-0.4182879029,-0.4813077868,-0.2868696877,0.4731231904,-0.7388794236,0.5445888498,1.272995459,0.1368657868,1.179141538,0.1330728469,-0.2613845866,0.1249860685,0.4637948051,0.2851701207,-0.1158368577,-0.04331032097,2.370685741,0.2882180676,21.77506085,7.062237143,49.94906065,-14.06316708,182.3134858,-25.40021943,-61.84957726,13.93710793,154.6839876,31.33481269,-1108.39664,-120.4986588,-53.88359631,-85.04706927,-9146.847335,-15.01722295,27835.97585,-25.76172803
0.73,-0.1420646736,-0.1498013081,0.4870214154,-0.03114261596,-0.000527967978,0.07434016318,0.002673432762,-0.02948414641,-0.07774783676,-0.02995108081,0.3204741639,0.2651956221,0.2633285047,0.2881088657,0.3609601566,0.3503775989,0.3332246135,0.342605177,-0.2478165725,-0.433852316,-0.04419831194,0.419579303,-0.1201997249,0.4206174562,0.9192898475,0.1676750763,0.9282742443,0.1705729328,-0.3073270134,-0.05815665577,-0.003227207183,0.05156101116,0.1967797015,-0.07807263975,0.01360934419,0.186197492,12.36896335,3.395328541,10.50152406,4.644492135,15.37152561,-7.470594626,-37.66830938,-7.011066773,-65.0949857,-7.141773824,36.53747676,18.82259776,-126.0098671,15.08899509,-53.28003723,-7.042670115,-8088.859567,-18.5739155
0.74,-0.1440735203,-0.1539963785,0.4869296205,-0.02738261199,-0.001184119644,0.07818674676,0.01057602376,-0.0274468609,-0.0688246847,-0.02787108661,0.3185950748,0.2655197144,0.2640681525,0.28906668,0.361483976,0.3493928459,0.3359262602,0.3440471452,-0.1618094872,-0.4067363765,0.009167262838,0.3400556842,-0.03531238627,0.3529009752,0.6537939255,0.2315180241,0.8568234288,0.2363766249,-0.0930862146,0.1229199743,0.1553932067,0.1418645429,-0.02842273658,-0.1076089689,0.1878679412,0.1154588873,6.433973412,2.249334674,1.197528618,-6.109952614,3.139680736,-5.486162811,-26.18139834,4.221542495,-6.25188188,4.157450696,13.86346346,15.75916352,13.31145262,7.914895832,-7.282072316,0.2030704847,-9.511660474,-3.159205663
#Exudyn explicit time integration (ExplicitEuler) solver solution file
#simulation started=2026-01-27,10:20:02
#columns contain: time, ODE2 displacements, ODE2 velocities, ODE2 accelerations
#number of system coordinates [nODE2, nODE1, nAlgebraic, nData] = [18,0,0,0]
#number of written coordinates [nODE2, nVel2, nAcc2, nODE1, nVel1, nAlgebraic, nData] = [18,18,18,0,0,0,0]
#total columns exported  (excl. time) = 54
#number of time steps (planned) = 200
#Exudyn version = 1.10.0; Python3.11.11; Windows AVX2 FLOAT64
#
#solution information = DogEnv
0.74,-0.1440735203,-0.1539963785,0.4869296205,-0.02738261199,-0.001184119644,0.07818674676,0.01057602376,-0.0274468609,-0.0688246847,-0.02787108661,0.3185950748,0.2655197144,0.2640681525,0.28906668,0.361483976,0.3493928459,0.3359262602,0.3440471452,-0.1618094872,-0.4067363765,0.009167262838,0.3400556842,-0.03531238627,0.3529009752,0.6537939255,0.2315180241,0.8568234288,0.2363766249,-0.0930862146,0.1229199743,0.1553932067,0.1418645429,-0.02842273658,-0.1076089689,0.1878679412,0.1154588873,6.433973412,2.249334674,1.197528618,-6.109952614,3.139680736,-5.486162811,-26.18139834,4.221542495,-6.25188188,4.157450696,13.86346346,15.75916352,13.31145262,7.914895832,-7.282072316,0.2030704847,-9.511660474,-3.159205663
0.75,-0.1453752889,-0.1579498907,0.4871917092,-0.02405150664,-0.001380320487,0.08144483179,0.01526745529,-0.02511220139,-0.06059195147,-0.02548015184,0.317541657,0.2705934212,0.2705146369,0.2902554573,0.3611116629,0.3351003561,0.3243793062,0.345398644,-0.1044096318,-0.3851456622,0.03587966662,0.3132006583,-0.007620062417,0.3020043637,0.2770213051,0.246054233,0.7905533719,0.2500709326,-0.09275057733,0.5724747512,0.7064890217,0.1297285591,-0.06228187747,-1.434867867,-1.209400285,0.123167144,4.41132846,1.793756938,0.6361253853,-4.654873393,1.475557247,-3.891519608,-38.69096083,2.859793505,-4.528334557,1.975852084,3.160094088,3.260650988,1.960469151,3.316756122,-2.862099207,12.17988394,6.38640607,-2.838635187
0.76,-0.1462193581,-0.1617212252,0.4875476493,-0.02112549232,-0.001401096025,0.08430579243,0.01661531508,-0.02253816072,-0.05287586948,-0.02292781981,0.3167098941,0.2764200271,0.2776357687,0.29168995,0.3604342102,0.3213924156,0.3126796784,0.3465426598,-0.06539137629,-0.3696326486,0.03280332121,0.2761164701,0.002672607621,0.2723104948,0.04347926517,0.2648861419,0.7525847299,0.2558029525,-0.07685876634,0.5890708423,0.7144809041,0.155360449,-0.06709171602,-1.304041812,-1.123771906,0.1106777326,3.55658941,1.390667329,-0.9050891717,-2.266562822,0.8584395459,-2.413748194,-9.333495276,0.6485216889,-4.031370839,-0.6100315683,1.071360648,0.7827884878,-0.07842041783,2.094016742,0.8078942821,13.18947569,10.0151101,0.1835639838
#Exudyn explicit time integration (ExplicitEuler) solver solution file
#simulation started=2026-01-27,10:20:02
#columns contain: time, ODE2 displacements, ODE2 velocities, ODE2 accelerations
#number of system coordinates [nODE2, nODE1, nAlgebraic, nData] = [18,0,0,0]
#number of written coordinates [nODE2, nVel2, nAcc2, nODE1, nVel1, nAlgebraic, nData] = [18,18,18,0,0,0,0]
#total columns exported  (excl. time) = 54
#number of time steps (planned) = 200
#Exudyn version = 1.10.0; Python3.11.11; Windows AVX2 FLOAT64
#
#solution information = DogEnv
0.76,-0.1462193581,-0.1617212252,0.4875476493,-0.02112549232,-0.001401096025,0.08430579243,0.01661531508,-0.02253816072,-0.05287586948,-0.02292781981,0.3167098941,0.2764200271,0.2776357687,0.29168995,0.3604342102,0.3213924156,0.3126796784,0.3465426598,-0.06539137629,-0.3696326486,0.03280332121,0.2761164701,0.002672607621,0.2723104948,0.04347926517,0.2648861419,0.7525847299,0.2558029525,-0.07685876634,0.5890708423,0.7144809041,0.155360449,-0.06709171602,-1.304041812,-1.123771906,0.1106777326,3.55658941,1.390667329,-0.9050891717,-2.266562822,0.8584395459,-2.413748194,-9.333495276,0.6485216889,-4.031370839,-0.6100315683,1.071360648,0.7827884878,-0.07842041783,2.094016742,0.8078942821,13.18947569,10.0151101,0.1835639838
0.77,-0.1466787135,-0.1653413931,0.4879938519,-0.01829138569,-0.001160116737,0.0868909634,0.01646486065,-0.01993492565,-0.04556592413,-0.02050099025,0.3147039045,0.2875951463,0.2903745173,0.2925497533,0.3597519172,0.2925804184,0.285475331,0.348048138,-0.03097842604,-0.3551083302,0.05319350545,0.287188662,0.04251913076,0.2453264613,-0.0980765124,0.2509478023,0.693490884,0.2336503306,-0.2757585531,1.14083508,1.287500236,0.06963538552,-0.09359432471,-2.856848453,-2.725580331,0.1522377262,2.595169945,1.213451303,0.8724940674,0.1389379132,2.600680889,-2.276578169,-16.61255655,-1.274249446,-6.20923956,-1.383618144,-9.211825501,-6.820890817,-8.944701876,0.3049220811,-4.094835587,23.06607462,19.69627343,-1.382399078
0.78,-0.1468709411,-0.1688381541,0.4885403562,-0.01542918893,-0.000637907486,0.0892460103,0.01489789589,-0.0174711388,-0.03889230662,-0.01822271677,0.3116431148,0.2986635507,0.3028081544,0.2932857137,0.3586885187,0.2651689311,0.259245729,0.3495255624,-0.008153106404,-0.3445902949,0.0537893213,0.284339197,0.05964701919,0.2266291921,-0.1954532113,0.2427493346,0.6440567709,0.22261194,-0.3242611731,1.07220555,1.198855428,0.0795516496,-0.1135770762,-2.622634801,-2.514776149,0.1455318526,2.039386583,0.9381401266,-0.5430148391,-0.4533884382,1.094717029,-1.58503497,-4.307043143,-0.6045607043,-4.13662013,-0.9188340529,-1.556324132,-6.80835953,-8.658445137,1.494448894,-0.5679183319,23.40851266,21.84690566,-0.01845837496
#Exudyn explicit time integration (ExplicitEuler) solver solution file
#simulation started=2026-01-27,10:20:02
#columns contain: time, ODE2 displacements, ODE2 velocities, ODE2 accelerations
#number of system coordinates [nODE2, nODE1, nAlgebraic, nData] = [18,0,0,0]
#number of written coordinates [nODE2, nVel2, nAcc2, nODE1, nVel1, nAlgebraic, nData] = [18,18,18,0,0,0,0]
#total columns exported  (excl. time) = 54
#number of time steps (planned) = 200
#Exudyn version = 1.10.0; Python3.11.11; Windows AVX2 FLOAT64
#
#solution information = DogEnv
0.78,-0.1468709411,-0.1688381541,0.4885403562,-0.01542918893,-0.000637907486,0.0892460103,0.01489789589,-0.0174711388,-0.03889230662,-0.01822271677,0.3116431148,0.2986635507,0.3028081544,0.2932857137,0.3586885187,0.2651689311,0.259245729,0.3495255624,-0.008153106404,-0.3445902949,0.0537893213,0.284339197,0.05964701919,0.2266291921,-0.1954532113,0.2427493346,0.6440567709,0.22261194,-0.3242611731,1.07220555,1.198855428,0.0795516496,-0.1135770762,-2.622634801,-2.514776149,0.1455318526,2.039386583,0.9381401266,-0.5430148391,-0.4533884382,1.094717029,-1.58503497,-4.307043143,-0.6045607043,-4.13662013,-0.9188340529,-1.556324132,-6.80835953,-8.658445137,1.494448894,-0.5679183319,23.40851266,21.84690566,-0.01845837496
0.79,-0.1468510809,-0.172235331,0.4891576695,-0.01249101104,0.0001875150712,0.0914207921,0.0128669628,-0.01512690162,-0.03265731916,-0.01610089293,0.3071007528,0.3140308498,0.3194084871,0.2934274802,0.3575806621,0.2256798144,0.2206874152,0.3514678428,0.008314750642,-0.3353673366,0.06726254659,0.303047294,0.1011749024,0.2080746831,-0.2296614107,0.2214005649,0.5878669954,0.202812254,-0.5314698889,1.517061534,1.62306257,0.002109388406,-0.1357459071,-3.872306466,-3.797255279,0.1990192924,1.013889122,0.7656021438,0.4601346362,1.159729535,2.5035237,-1.733905714,-6.693095522,-1.850085806,-5.990509492,-1.385171359,-8.931005561,-14.09062193,-17.77256917,0.6297763043,-4.100831914,32.1785543,30.42407811,-1.036652194
0.8,-0.1467243231,-0.1755545644,0.4898301298,-0.009438931466,0.001284432703,0.09342403599,0.01033649777,-0.01296974438,-0.02702189019,-0.01411797712,0.3015278777,0.3285285547,0.3347982785,0.2934954684,0.3560964124,0.1885460723,0.1842439517,0.3534150439,0.01656529033,-0.3286796861,0.06531916209,0.3045911709,0.1152635117,0.1931589598,-0.2673374,0.2125954425,0.5430678464,0.1955326002,-0.5683750935,1.383518781,1.457255521,0.01275769843,-0.155187065,-3.552351316,-3.487459909,0.191304726,0.677748277,0.6028035151,-0.6885240186,-0.542574326,0.615482414,-1.292883861,-1.197903119,-0.2272950675,-3.373882627,-0.2631146561,0.2478972423,-12.66372181,-15.38071962,1.364593858,-0.3668627985,31.54581747,31.02865632,-0.4898328323
#Exudyn explicit time integration (ExplicitEuler) solver solution file
#simulation started=2026-01-27,10:20:02
#columns contain: time, ODE2 displacements, ODE2 velocities, ODE2 accelerations
#number of system coordinates [nODE2, nODE1, nAlgebraic, nData] = [18,0,0,0]
#number of written coordinates [nODE2, nVel2, nAcc2, nODE1, nVel1, nAlgebraic, nData] = [18,18,18,0,0,0,0]
#total columns exported  (excl. time) = 54
#number of time steps (planned) = 200
#Exudyn version = 1.10.0; Python3.11.11; Windows AVX2 FLOAT64
#
#solution information = DogEnv
0.8,-0.1467243231,-0.1755545644,0.4898301298,-0.009438931466,0.001284432703,0.09342403599,0.01033649777,-0.01296974438,-0.02702189019,-0.01411797712,0.3015278777,0.3285285547,0.3347982785,0.2934954684,0.3560964124,0.1885460723,0.1842439517,0.3534150439,0.01656529033,-0.3286796861,0.06531916209,0.3045911709,0.1152635117,0.1931589598,-0.2673374,0.2125954425,0.5430678464,0.1955326002,-0.5683750935,1.383518781,1.457255521,0.01275769843,-0.155187065,-3.552351316,-3.487459909,0.191304726,0.677748277,0.6028035151,-0.6885240186,-0.542574326,0.615482414,-1.292883861,-1.197903119,-0.2272950675,-3.373882627,-0.2631146561,0.2478972423,-12.66372181,-15.38071962,1.364593858,-0.3668627985,31.54581747,31.02865632,-0.4898328323
0.81,-0.1465331259,-0.178811724,0.4904960143,-0.006367886951,0.002580634016,0.09528663869,0.007779875062,-0.01088021458,-0.0217427045,-0.01220206968,0.2950926924,0.3450379762,0.3518559826,0.2932182406,0.354632426,0.1452489215,0.1415258378,0.355686548,0.01924691047,-0.3229989815,0.0663478185,0.3093582646,0.1402086075,0.1791592753,-0.2536683397,0.2032636547,0.5033328678,0.1881826925,-0.6784604381,1.598752466,1.632156916,-0.03277105991,-0.1581119766,-4.199159608,-4.149196679,0.2299433463,-0.08176450173,0.5048548044,-0.3890688734,-0.09128182325,1.161756741,-1.332040954,-0.9345873376,-0.5770750434,-3.998432501,-0.3007778099,-2.227766849,-17.00200274,-21.00157964,0.75032753,-1.75018911,36.72075441,36.11703858,-0.9355657786
0.82,-0.1463470021,-0.1820176771,0.4911280253,-0.003306378338,0.004009601476,0.09701812807,0.00522010578,-0.008851993334,-0.01686851673,-0.01031710036,0.288331154,0.3602204743,0.3672050027,0.2929343782,0.3530188477,0.1050464267,0.1018078521,0.3579399228,0.01777071118,-0.31820347,0.0589837406,0.3007169888,0.1431948308,0.1675888155,-0.255456908,0.20418286,0.4743995743,0.1902043486,-0.6629108291,1.439585201,1.442078224,-0.02338368434,-0.1602748453,-3.841022,-3.793023007,0.2208375102,-0.1983123521,0.4679561648,-0.9943868451,-1.391039614,-0.3189071378,-0.9946712639,0.6474542444,0.5183935385,-2.065913552,0.5356434579,4.33641535,-14.9396285,-17.19931794,1.078317494,0.9024203664,34.78170367,34.85305587,-0.8357718395
#Exudyn explicit time integration (ExplicitEuler) solver solution file
#simulation started=2026-01-27,10:20:02
#columns contain: time, ODE2 displacements, ODE2 velocities, ODE2 accelerations
#number of system coordinates [nODE2, nODE1, nAlgebraic, nData] = [18,0,0,0]
#number of written coordinates [nODE2, nVel2, nAcc2, nODE1, nVel1, nAlgebraic, nData] = [18,18,18,0,0,0,0]
#total columns exported  (excl. time) = 54
#number of time steps (planned) = 200
#Exudyn version = 1.10.0; Python3.11.11; Windows AVX2 FLOAT64
#
#solution information = DogEnv
0.82,-0.1463470021,-0.1820176771,0.4911280253,-0.003306378338,0.004009601476,0.09701812807,0.00522010578,-0.008851993334,-0.01686851673,-0.01031710036,0.288331154,0.3602204743,0.3672050027,0.2929343782,0.3530188477,0.1050464267,0.1018078521,0.3579399228,0.01777071118,-0.31820347,0.0589837406,0.3007169888,0.1431948308,0.1675888155,-0.255456908,0.20418286,0.4743995743,0.1902043486,-0.6629108291,1.439585201,1.442078224,-0.02338368434,-0.1602748453,-3.841022,-3.793023007,0.2208375102,-0.1983123521,0.4679561648,-0.9943868451,-1.391039614,-0.3189071378,-0.9946712639,0.6474542444,0.5183935385,-2.065913552,0.5356434579,4.33641535,-14.9396285,-17.19931794,1.078317494,0.9024203664,34.78170367,34.85305587,-0.8357718395
0.83,-0.1461880958,-0.1851772903,0.4916688533,-0.0003917012557,0.00543668543,0.09865191752,0.002462980122,-0.006763439017,-0.0121789444,-0.008380265751,0.2821134911,0.3735120638,0.3803847967,0.2929315586,0.3512618177,0.06880603303,0.06603191991,0.3599186963,0.01404591417,-0.3137084271,0.04866312925,0.2810006538,0.1400589303,0.1600239385,-0.2885666348,0.2139431371,0.4644043345,0.1980455335,-0.5904539136,1.255576626,1.234589231,0.006692959786,-0.1704912932,-3.454251825,-3.407864385,0.1912137025,-0.3700291057,0.4428800149,-1.127400073,-2.082768572,-0.8101809451,-0.5106682329,-0.422190781,0.9519188002,-0.6924252781,0.8519626248,6.528147376,-13.17234103,-14.46293849,0.8450125554,2.037156854,31.6121857,31.78703398,-0.6853617887
0.84,-0.1460661206,-0.1882920524,0.4920986707,0.002321379598,0.006790317545,0.1002318983,-0.0003967474743,-0.004584428932,-0.007563680686,-0.006363444703,0.276553025,0.3854387572,0.3920618006,0.2930429513,0.3496663187,0.03578446064,0.03348894652,0.3618001671,0.01030383993,-0.3091444112,0.03715271453,0.2620388088,0.1301027974,0.1563644718,-0.2802205539,0.2211883508,0.4590135934,0.2048182126,-0.5196187736,1.130680387,1.103701992,0.01587549511,-0.1478387841,-3.151398802,-3.101648578,0.1852942979,-0.3748381186,0.4743049799,-1.149128051,-1.721123293,-1.10105961,-0.2492563731,1.541675231,0.5109984137,-0.4315420079,0.5132778631,7.352495964,-11.86577842,-11.92724949,0.9628973506,2.379446779,28.993865,29.41062209,-0.5200828923
#Exudyn explicit time integration (ExplicitEuler) solver solution file
#simulation started=2026-01-27,10:20:02
#columns contain: time, ODE2 displacements, ODE2 velocities, ODE2 accelerations
#number of system coordinates [nODE2, nODE1, nAlgebraic, nData] = [18,0,0,0]
#number of written coordinates [nODE2, nVel2, nAcc2, nODE1, nVel1, nAlgebraic, nData] = [18,18,18,0,0,0,0]
#total columns exported  (excl. time) = 54
#number of time steps (planned) = 200
#Exudyn version = 1.10.0; Python3.11.11; Windows AVX2 FLOAT64
#
#solution information = DogEnv
0.84,-0.1460661206,-0.1882920524,0.4920986707,0.002321379598,0.006790317545,0.1002318983,-0.0003967474743,-0.004584428932,-0.007563680686,-0.006363444703,0.276553025,0.3854387572,0.3920618006,0.2930429513,0.3496663187,0.03578446064,0.03348894652,0.3618001671,0.01030383993,-0.3091444112,0.03715271453,0.2620388088,0.1301027974,0.1563644718,-0.2802205539,0.2211883508,0.4590135934,0.2048182126,-0.5196187736,1.130680387,1.103701992,0.01587549511,-0.1478387841,-3.151398802,-3.101648578,0.1852942979,-0.3748381186,0.4743049799,-1.149128051,-1.721123293,-1.10105961,-0.2492563731,1.541675231,0.5109984137,-0.4315420079,0.5132778631,7.352495964,-11.86577842,-11.92724949,0.9628973506,2.379446779,28.993865,29.41062209,-0.5200828923
0.85,-0.1460720711,-0.1913720825,0.4924404404,0.004527293055,0.008230956922,0.1018423238,-0.007596175267,-0.002031132603,-0.002479922743,-0.004258891871,0.2742542143,0.3922678442,0.3980571126,0.2956612503,0.3459982668,0.01097819178,0.008996391025,0.3613519331,-0.01144142564,-0.3082211149,0.02923646582,0.1623725873,0.144355027,0.1755514423,-1.088288968,0.2982653422,0.567793253,0.2246195854,-0.1251363074,0.6019328459,0.4762906522,0.304822531,-0.3792497861,-2.318782704,-2.297289349,-0.08835537432,-2.194540992,-0.2895741962,-1.063473304,-10.77791589,-1.48524739,4.364710714,-36.59235894,7.440400837,12.43708696,1.474478385,12.06554792,-8.007402344,-12.60329242,0.1343889547,5.862353335,18.95847033,18.91642931,-1.284966608
0.86,-0.1462954904,-0.1944733747,0.4926822958,0.005775141604,0.009579417441,0.1038394682,-0.01938495824,0.001174748227,0.003735629186,-0.002051645601,0.2735041341,0.3978609558,0.402344164,0.2987090677,0.3424856228,-0.0113192355,-0.01301928445,0.360443368,-0.033462806,-0.3123779485,0.01936320065,0.100090221,0.1240259085,0.2257638668,-1.213666759,0.3308708236,0.6690249622,0.2097148646,-0.03241865844,0.5135230583,0.3917624775,0.3033829509,-0.3246193989,-2.14313818,-2.103688089,-0.0903351061,-2.195299366,-0.4824558725,-0.8730847268,-2.758094718,-2.238957752,5.289095435,0.1736081712,0.09191372564,8.188802468,-2.864978236,6.985080448,-9.375675777,-5.637112616,-0.6530214388,4.886835258,16.40926735,19.15272181,0.5776620158
#Exudyn explicit time integration (ExplicitEuler) solver solution file
#simulation started=2026-01-27,10:20:02
#columns contain: time, ODE2 displacements, ODE2 velocities, ODE2 accelerations
#number of system coordinates [nODE2, nODE1, nAlgebraic, nData] = [18,0,0,0]
#number of written coordinates [nODE2, nVel2, nAcc2, nODE1, nVel1, nAlgebraic, nData] = [18,18,18,0,0,0,0]
#total columns exported  (excl. time) = 54
#number of time steps (planned) = 200
#Exudyn version = 1.10.0; Python3.11.11; Windows AVX2 FLOAT64
#
#solution information = DogEnv
0.86,-0.1462954904,-0.1944733747,0.4926822958,0.005775141604,0.009579417441,0.1038394682,-0.01938495824,0.001174748227,0.003735629186,-0.002051645601,0.2735041341,0.3978609558,0.402344164,0.2987090677,0.3424856228,-0.0113192355,-0.01301928445,0.360443368,-0.033462806,-0.3123779485,0.01936320065,0.100090221,0.1240259085,0.2257638668,-1.213666759,0.3308708236,0.6690249622,0.2097148646,-0.03241865844,0.5135230583,0.3917624775,0.3033829509,-0.3246193989,-2.14313818,-2.103688089,-0.0903351061,-2.195299366,-0.4824558725,-0.8730847268,-2.758094718,-2.238957752,5.289095435,0.1736081712,0.09191372564,8.188802468,-2.864978236,6.985080448,-9.375675777,-5.637112616,-0.6530214388,4.886835258,16.40926735,19.15272181,0.5776620158
0.87,-0.1469529281,-0.1976438689,0.4929665006,0.006314620627,0.01135862035,0.1064073989,-0.03301446344,0.004729371823,0.01116944523,0.0004378467496,0.2720320364,0.395962604,0.3968053864,0.3010067428,0.3383572872,-0.01852505418,-0.02124895584,0.3594609371,-0.09289354577,-0.3213823644,0.03644958703,0.002152331778,0.2068602326,0.2944688431,-1.50408433,0.3790490228,0.7978291907,0.2778587476,-0.2383992969,-0.2925917032,-0.7936344151,0.1748990231,-0.4567605469,-2.149316126,-0.7561139153,-0.1046289113,-2.333203506,-0.5252391142,0.6384039599,-20.11003164,5.192035931,4.294752637,-16.82291015,-20.26753438,13.30559514,17.15610003,-6.328420646,-746.5909043,-25.51900238,-4.253067612,-27.50207277,-27442.44667,73.09845163,-10.8439143
0.88,-0.1481216191,-0.2009081549,0.493417639,0.006187437928,0.01347129958,0.1097896666,-0.04809810169,0.00844369664,0.01951504746,0.002946297285,0.2694098863,0.3929419559,0.3880664206,0.3026427324,0.3346285231,-0.02487245745,-0.02895261795,0.3583297007,-0.1383097077,-0.3326106049,0.05744225298,0.04000796779,0.2344091932,0.3798742681,-0.860526087,0.3000431507,0.8133600584,0.1823059727,-0.003414293995,-0.4195500782,-0.9442345418,0.1485211077,0.1181744049,-2.188692227,-0.7765020865,-0.1282287399,-0.7424358048,-0.845982197,3.916644745,35.72859845,16.36989453,0.4533224776,326.6360503,-54.74919712,-36.34377536,-6.591554829,160.845187,-783.4565003,-14.8872025,-17.11720786,-9.968457185,-25691.70656,73.07655962,-9.849188753
#Exudyn explicit time integration (ExplicitEuler) solver solution file
#simulation started=2026-01-27,10:20:02
#columns contain: time, ODE2 displacements, ODE2 velocities, ODE2 accelerations
#number of system coordinates [nODE2, nODE1, nAlgebraic, nData] = [18,0,0,0]
#number of written coordinates [nODE2, nVel2, nAcc2, nODE1, nVel1, nAlgebraic, nData] = [18,18,18,0,0,0,0]
#total columns exported  (excl. time) = 54
#number of time steps (planned) = 200
#Exudyn version = 1.10.0; Python3.11.11; Windows AVX2 FLOAT64
#
#solution information = DogEnv
0.88,-0.1481216191,-0.2009081549,0.493417639,0.006187437928,0.01347129958,0.1097896666,-0.04809810169,0.00844369664,0.01951504746,0.002946297285,0.2694098863,0.3929419559,0.3880664206,0.3026427324,0.3346285231,-0.02487245745,-0.02895261795,0.3583297007,-0.1383097077,-0.3326106049,0.05744225298,0.04000796779,0.2344091932,0.3798742681,-0.860526087,0.3000431507,0.8133600584,0.1823059727,-0.003414293995,-0.4195500782,-0.9442345418,0.1485211077,0.1181744049,-2.188692227,-0.7765020865,-0.1282287399,-0.7424358048,-0.845982197,3.916644745,35.72859845,16.36989453,0.4533224776,326.6360503,-54.74919712,-36.34377536,-6.591554829,160.845187,-783.4565003,-14.8872025,-17.11720786,-9.968457185,-25691.70656,73.07655962,-9.849188753
0.89,-0.1497933881,-0.2042728868,0.4943415133,0.008460793534,0.01668270742,0.1136659112,-0.04872760193,0.009573504746,0.0261681284,0.003913805379,0.2729484348,0.3769724209,0.3663538718,0.3022562073,0.335905029,-0.006625766039,-0.01208549154,0.3574899228,-0.1883738424,-0.3376929346,0.1280884275,0.3643919923,0.3855945403,0.3899157978,0.315253226,-0.02657914677,0.5250733955,-0.002915385362,0.5454108721,-1.755257109,-2.414521548,-0.1632095305,0.129177887,3.297301257,1.65754959,-0.0500684758,-6.624496364,-0.4605258735,8.902710104,40.72981532,4.520335229,4.419647159,16.90683098,-47.05168427,-35.20061913,-44.43511675,10.09851309,671.3066087,-18.6208891,-14.99603919,18.45963967,29034.67612,-110.2513403,13.59472173
0.9,-0.1518534993,-0.2076575079,0.4959579961,0.01276347464,0.02091754296,0.1175564173,-0.04479871588,0.008615247176,0.03049366539,0.003271856557,0.2787478054,0.3583425486,0.3408922297,0.3000380145,0.3371447647,0.01053474033,0.002650435815,0.3569176636,-0.2236057789,-0.3395476157,0.1937916301,0.4753720377,0.4554832189,0.389120448,0.430447033,-0.1472987544,0.3566174872,-0.1088798273,0.5872278673,-1.884768936,-2.687365417,-0.2690275969,0.1196311281,2.723486649,1.281386478,-0.07241760745,-5.569708537,-0.5227714963,7.320272533,22.75091098,1.506986493,3.710355123,-7.519699916,-43.26083,-21.79075613,-27.7221891,-5.88587548,537.4295076,-23.45592903,-6.768894634,14.02959162,22741.93521,-93.42532421,5.15207051
#Exudyn explicit time integration (ExplicitEuler) solver solution file
#simulation started=2026-01-27,10:20:02
#columns contain: time, ODE2 displacements, ODE2 velocities, ODE2 accelerations
#number of system coordinates [nODE2, nODE1, nAlgebraic, nData] = [18,0,0,0]
#number of written coordinates [nODE2, nVel2, nAcc2, nODE1, nVel1, nAlgebraic, nData] = [18,18,18,0,0,0,0]
#total columns exported  (excl. time) = 54
#number of time steps (planned) = 200
#Exudyn version = 1.10.0; Python3.11.11; Windows AVX2 FLOAT64
#
#solution information = DogEnv
0.9,-0.1518534993,-0.2076575079,0.4959579961,0.01276347464,0.02091754296,0.1175564173,-0.04479871588,0.008615247176,0.03049366539,0.003271856557,0.2787478054,0.3583425486,0.3408922297,0.3000380145,0.3371447647,0.01053474033,0.002650435815,0.3569176636,-0.2236057789,-0.3395476157,0.1937916301,0.4753720377,0.4554832189,0.389120448,0.430447033,-0.1472987544,0.3566174872,-0.1088798273,0.5872278673,-1.884768936,-2.687365417,-0.2690275969,0.1196311281,2.723486649,1.281386478,-0.07241760745,-5.569708537,-0.5227714963,7.320272533,22.75091098,1.506986493,3.710355123,-7.519699916,-43.26083,-21.79075613,-27.7221891,-5.88587548,537.4295076,-23.45592903,-6.768894634,14.02959162,22741.93521,-93.42532421,5.15207051
0.91,-0.1542306324,-0.2110714314,0.4981134046,0.01810295221,0.02533203113,0.1214152127,-0.04067423175,0.006638181449,0.03322019577,0.001731001683,0.2848136941,0.3296472008,0.3065748602,0.2974822331,0.3382836852,0.04743418545,0.03765621487,0.355981646,-0.2476137359,-0.3430329891,0.2320529668,0.5614573672,0.4344531296,0.3833071496,0.4106572801,-0.22146454,0.2391239776,-0.1723650524,0.6000791708,-2.926732482,-3.503935918,-0.2407224271,0.1088257959,3.629056824,3.383144468,-0.1156826442,-1.987079533,-0.3526927314,2.482574688,2.157960625,-0.08500650332,-0.4056648936,-0.6615204177,-1.925704671,-6.941793266,-1.142064661,-5.354579927,8.990680133,-0.7314776569,0.4783631316,-1.049415102,-5.200123942,-48.54339244,-3.296087688
0.92,-0.1568050465,-0.2145202867,0.5005307364,0.02374759691,0.02968338664,0.1252352883,-0.03664326555,0.004393200999,0.03531341965,5.885152415e-06,0.2905377825,0.3008091892,0.271457637,0.2950519339,0.3393192851,0.08171211512,0.0691560097,0.3546951325,-0.267321212,-0.3468564676,0.2493451921,0.5622926103,0.4356612287,0.3814790486,0.3917455386,-0.2234768902,0.1828668492,-0.1690182335,0.5451966252,-2.837756823,-3.519167444,-0.2474439794,0.09834856098,3.230137728,2.920315981,-0.1393131633,-1.908776952,-0.4024905037,1.114378676,-1.122352206,-0.08180262275,0.0570046266,-2.794991419,0.7297567996,-4.576558971,1.165010956,-5.030134074,9.475652438,-0.7549997457,-0.941378807,-0.9926859313,-37.94197811,-43.68099173,-1.717793467
#Exudyn explicit time integration (ExplicitEuler) solver solution file
#simulation started=2026-01-27,10:20:03
#columns contain: time, ODE2 displacements, ODE2 velocities, ODE2 accelerations
#number of system coordinates [nODE2, nODE1, nAlgebraic, nData] = [18,0,0,0]
#number of written coordinates [nODE2, nVel2, nAcc2, nODE1, nVel1, nAlgebraic, nData] = [18,18,18,0,0,0,0]
#total columns exported  (excl. time) = 54
#number of time steps (planned) = 200
#Exudyn version = 1.10.0; Python3.11.11; Windows AVX2 FLOAT64
#
#solution information = DogEnv
0.92,-0.1568050465,-0.2145202867,0.5005307364,0.02374759691,0.02968338664,0.1252352883,-0.03664326555,0.004393200999,0.03531341965,5.885152415e-06,0.2905377825,0.3008091892,0.271457637,0.2950519339,0.3393192851,0.08171211512,0.0691560097,0.3546951325,-0.267321212,-0.3468564676,0.2493451921,0.5622926103,0.4356612287,0.3814790486,0.3917455386,-0.2234768902,0.1828668492,-0.1690182335,0.5451966252,-2.837756823,-3.519167444,-0.2474439794,0.09834856098,3.230137728,2.920315981,-0.1393131633,-1.908776952,-0.4024905037,1.114378676,-1.122352206,-0.08180262275,0.0570046266,-2.794991419,0.7297567996,-4.576558971,1.165010956,-5.030134074,9.475652438,-0.7549997457,-0.941378807,-0.9926859313,-37.94197811,-43.68099173,-1.717793467
0.93,-0.159568297,-0.2180083015,0.5030276527,0.02931093162,0.03390976673,0.1290581304,-0.03287871696,0.002237817992,0.03673872976,-0.001603119943,0.2958604175,0.26974332,0.2336778921,0.2926672153,0.340256222,0.1206172757,0.1050059229,0.3532390627,-0.2833585692,-0.3505626515,0.2479225621,0.5461222226,0.4099562387,0.3839667215,0.3612305808,-0.2066892359,0.132166787,-0.1495492835,0.5146634947,-3.07000177,-3.759814324,-0.2258438148,0.0892156344,3.723923513,3.403332157,-0.1512750401,-1.335472842,-0.3404514634,-0.6843085636,-2.224556636,-2.341847647,0.4376496124,-3.309336383,1.850575207,-2.135955013,2.196456999,-4.502390417,14.36020608,12.17673581,1.696301091,-0.8813688556,-42.12179326,-43.8336947,-0.5500426988
0.94,-0.1624659642,-0.2215306593,0.5054607833,0.03465329856,0.03788653121,0.1329252511,-0.02942891487,0.0002659477599,0.03797060599,-0.002988769496,0.3007843951,0.2397600117,0.1967412678,0.2904774309,0.3411058054,0.1558419654,0.1369692039,0.3517192018,-0.2960716149,-0.3539248845,0.2375165553,0.521504435,0.3841891511,0.3900720295,0.3285417374,-0.1873106998,0.1159409916,-0.1272731635,0.4702582679,-2.924888448,-3.619815249,-0.2123648792,0.08074876832,3.323969628,2.995526648,-0.1512531169,-1.200470837,-0.330147571,-1.340640179,-2.588785153,-2.882541609,0.767604232,-3.230663158,1.95912175,-1.04247075,2.236839325,-4.237474182,14.56150639,15.93103147,1.363617215,-0.805687096,-37.95532275,-37.71727356,0.3603871092
#Exudyn explicit time integration (ExplicitEuler) solver solution file
#simulation started=2026-01-27,10:20:03
#columns contain: time, ODE2 displacements, ODE2 velocities, ODE2 accelerations
#number of system coordinates [nODE2, nODE1, nAlgebraic, nData] = [18,0,0,0]
#number of written coordinates [nODE2, nVel2, nAcc2, nODE1, nVel1, nAlgebraic, nData] = [18,18,18,0,0,0,0]
#total columns exported  (excl. time) = 54
#number of time steps (planned) = 200
#Exudyn version = 1.10.0; Python3.11.11; Windows AVX2 FLOAT64
#
#solution information = DogEnv
0.94,-0.1624659642,-0.2215306593,0.5054607833,0.03465329856,0.03788653121,0.1329252511,-0.02942891487,0.0002659477599,0.03797060599,-0.002988769496,0.3007843951,0.2397600117,0.1967412678,0.2904774309,0.3411058054,0.1558419654,0.1369692039,0.3517192018,-0.2960716149,-0.3539248845,0.2375165553,0.521504435,0.3841891511,0.3900720295,0.3285417374,-0.1873106998,0.1159409916,-0.1272731635,0.4702582679,-2.924888448,-3.619815249,-0.2123648792,0.08074876832,3.323969628,2.995526648,-0.1512531169,-1.200470837,-0.330147571,-1.340640179,-2.588785153,-2.882541609,0.767604232,-3.230663158,1.95912175,-1.04247075,2.236839325,-4.237474182,14.56150639,15.93103147,1.363617215,-0.805687096,-37.95532275,-37.71727356,0.3603871092
0.95,-0.1654837258,-0.225085981,0.5077615386,0.03974046351,0.04157512625,0.1368681625,-0.02630173256,-0.001512247987,0.03909867382,-0.004152365645,0.3052836425,0.2112293779,0.1613988607,0.2884280625,0.3418747571,0.1872680889,0.1651580493,0.3502320717,-0.3073651306,-0.3571428998,0.2217429118,0.4958006923,0.3522105172,0.3989647382,0.296791156,-0.1683976575,0.1116889211,-0.1054347913,0.4297465125,-2.78017363,-3.44029034,-0.1966896523,0.07309392372,2.964020039,2.648609625,-0.1454386964,-1.063508232,-0.3129260669,-1.782630263,-2.518495954,-3.48095821,0.9874431367,-3.103180836,1.809171412,0.1943108078,2.116500142,-3.897712347,14.33683264,19.87022032,1.753130644,-0.7282020444,-34.13416192,-31.8160935,0.7698866335
0.96,-0.1686080712,-0.2286725545,0.5098852305,0.04457635732,0.04491723712,0.1409087383,-0.02348426781,-0.003109494471,0.04024722228,-0.005104427597,0.309392279,0.1841307261,0.1280382027,0.2865521298,0.3425708034,0.2152777949,0.1901600603,0.3488209097,-0.3174218439,-0.3601649332,0.2023084856,0.4713934552,0.315157594,0.4094051119,0.2667328203,-0.1511424655,0.1203712023,-0.08501213004,0.3919905395,-2.638873308,-3.22413051,-0.1779997445,0.06615773408,2.640449071,2.357682833,-0.1362367451,-0.9537354303,-0.2906477215,-2.079219021,-2.364099352,-3.892194865,1.078341491,-2.905610483,1.651662528,1.552025971,1.973834108,-3.663834927,13.90084962,23.20074068,1.940611916,-0.6610418343,-30.67375896,-26.53345238,1.049670129
#Exudyn explicit time integration (ExplicitEuler) solver solution file
#simulation started=2026-01-27,10:20:03
#columns contain: time, ODE2 displacements, ODE2 velocities, ODE2 accelerations
#number of system coordinates [nODE2, nODE1, nAlgebraic, nData] = [18,0,0,0]
#number of written coordinates [nODE2, nVel2, nAcc2, nODE1, nVel1, nAlgebraic, nData] = [18,18,18,0,0,0,0]
#total columns exported  (excl. time) = 54
#number of time steps (planned) = 200
#Exudyn version = 1.10.0; Python3.11.11; Windows AVX2 FLOAT64
#
#solution information = DogEnv
0.96,-0.1686080712,-0.2286725545,0.5098852305,0.04457635732,0.04491723712,0.1409087383,-0.02348426781,-0.003109494471,0.04024722228,-0.005104427597,0.309392279,0.1841307261,0.1280382027,0.2865521298,0.3425708034,0.2152777949,0.1901600603,0.3488209097,-0.3174218439,-0.3601649332,0.2023084856,0.4713934552,0.315157594,0.4094051119,0.2667328203,-0.1511424655,0.1203712023,-0.08501213004,0.3919905395,-2.638873308,-3.22413051,-0.1779997445,0.06615773408,2.640449071,2.357682833,-0.1362367451,-0.9537354303,-0.2906477215,-2.079219021,-2.364099352,-3.892194865,1.078341491,-2.905610483,1.651662528,1.552025971,1.973834108,-3.663834927,13.90084962,23.20074068,1.940611916,-0.6610418343,-30.67375896,-26.53345238,1.049670129
0.97,-0.1717151407,-0.2322689362,0.5117063866,0.04939781582,0.0475433788,0.1450163524,-0.02108568449,-0.004556196036,0.04111975653,-0.005851090162,0.3133994267,0.1624780728,0.1037822676,0.2858580103,0.3432065291,0.2355105239,0.2095974222,0.3477516312,-0.3087420279,-0.3600150089,0.1590520675,0.5029079726,0.2305011842,0.4095713612,0.2113352281,-0.1523312602,0.119463869,-0.06511256111,0.3689171121,-2.049332462,-2.071148112,0.05434018269,0.06063095718,1.858388638,1.853177338,-0.07582273585,-0.007809962566,-0.1511126378,-4.834041487,6.032155515,-3.29370402,-0.9118656802,-5.884095128,-3.510326907,15.99217873,1.331709528,-8.3940569,13.46750487,46.84434194,24.29535413,-0.724609017,-19.88745557,-6.828927972,4.53391664
0.98,-0.1748049819,-0.2358757102,0.5130739662,0.05459395702,0.04967313,0.1490526553,-0.01909794882,-0.006135540125,0.04309406861,-0.006526734122,0.3168031557,0.1426888,0.08504053833,0.2866000013,0.3437778805,0.253142499,0.2276036911,0.3468901367,-0.3082149418,-0.3609783544,0.1179580079,0.5006141637,0.1809520038,0.3992477987,0.2130786034,-0.1339865407,0.2747096149,-0.07560458578,0.3317431123,-1.899063021,-1.711533671,-0.05202063102,0.05397000774,1.668692239,1.73365383,-0.1046178547,0.5654286965,0.06988075766,-2.715579034,-12.64496678,-10.67926182,-0.1109077672,6.720919843,11.61598437,17.05283967,3.740069229,2.069524342,17.42906837,27.54834195,-37.3188282,-0.3329641047,-18.34779034,-12.99939052,41.09369934
#Exudyn explicit time integration (ExplicitEuler) solver solution file
#simulation started=2026-01-27,10:20:03
#columns contain: time, ODE2 displacements, ODE2 velocities, ODE2 accelerations
#number of system coordinates [nODE2, nODE1, nAlgebraic, nData] = [18,0,0,0]
#number of written coordinates [nODE2, nVel2, nAcc2, nODE1, nVel1, nAlgebraic, nData] = [18,18,18,0,0,0,0]
#total columns exported  (excl. time) = 54
#number of time steps (planned) = 200
#Exudyn version = 1.10.0; Python3.11.11; Windows AVX2 FLOAT64
#
#solution information = DogEnv
0.98,-0.1748049819,-0.2358757102,0.5130739662,0.05459395702,0.04967313,0.1490526553,-0.01909794882,-0.006135540125,0.04309406861,-0.006526734122,0.3168031557,0.1426888,0.08504053833,0.2866000013,0.3437778805,0.253142499,0.2276036911,0.3468901367,-0.3082149418,-0.3609783544,0.1179580079,0.5006141637,0.1809520038,0.3992477987,0.2130786034,-0.1339865407,0.2747096149,-0.07560458578,0.3317431123,-1.899063021,-1.711533671,-0.05202063102,0.05397000774,1.668692239,1.73365383,-0.1046178547,0.5654286965,0.06988075766,-2.715579034,-12.64496678,-10.67926182,-0.1109077672,6.720919843,11.61598437,17.05283967,3.740069229,2.069524342,17.42906837,27.54834195,-37.3188282,-0.3329641047,-18.34779034,-12.99939052,41.09369934
0.99,-0.1776746781,-0.2394368165,0.5139707036,0.05891371529,0.05064608424,0.1530160035,-0.01685919021,-0.00622873619,0.04620877068,-0.006582203918,0.3200348095,0.1342510289,0.07855044786,0.2867733736,0.3443075835,0.2616164132,0.2370914462,0.3464730741,-0.2736103579,-0.3512985768,0.05824590662,0.3548864791,0.05308993869,0.3951657773,0.2217846059,0.08724821732,0.4275774415,0.05798044036,0.2628841728,-0.4830132317,-0.4630214776,0.07861888436,0.04979281538,0.729460767,0.8029051402,-0.03369046685,2.253298453,1.094674773,-5.810464495,-13.5759576,-5.513744466,-0.04330546014,-3.881686152,1.621340882,24.34385816,8.58405122,-10.31350031,13.13878256,-2.978374081,4.898284938,-0.7240819419,-32.18177382,-4.148012091,1.868292751
1,-0.1802819666,-0.2428957056,0.5143324623,0.06211756455,0.0508647494,0.1569282837,-0.01498174134,-0.005701425931,0.05130796755,-0.005781595182,0.3223756791,0.1284323105,0.07392734943,0.2878997789,0.3447764529,0.268175787,0.2450301617,0.3462696084,-0.2461659178,-0.3404288363,0.01799858013,0.2969825844,-0.006858093653,0.3840599316,0.1585568638,0.04658691468,0.5650165434,0.09710502465,0.2109022447,-0.619750822,-0.4501041952,0.1542479358,0.04426696119,0.651207881,0.7917655361,-0.009499664048,3.013749963,1.091543811,-3.092960191,-4.3156761,-4.247007627,-1.717288321,-3.721576193,3.063344587,6.573924415,3.027071849,-4.870807077,6.000612012,4.287953293,7.68930394,-0.5035681615,-2.528529198,-0.8841768926,1.511286595
#Exudyn explicit time integration (ExplicitEuler) solver solution file
#simulation started=2026-01-27,10:20:03
#columns contain: time, ODE2 displacements, ODE2 velocities, ODE2 accelerations
#number of system coordinates [nODE2, nODE1, nAlgebraic, nData] = [18,0,0,0]
#number of written coordinates [nODE2, nVel2, nAcc2, nODE1, nVel1, nAlgebraic, nData] = [18,18,18,0,0,0,0]
#total columns exported  (excl. time) = 54
#number of time steps (planned) = 200
#Exudyn version = 1.10.0; Python3.11.11; Windows AVX2 FLOAT64
#
#solution information = DogEnv
1,-0.1802819666,-0.2428957056,0.5143324623,0.06211756455,0.0508647494,0.1569282837,-0.01498174134,-0.005701425931,0.05130796755,-0.005781595182,0.3223756791,0.1284323105,0.07392734943,0.2878997789,0.3447764529,0.268175787,0.2450301617,0.3462696084,-0.2461659178,-0.3404288363,0.01799858013,0.2969825844,-0.006858093653,0.3840599316,0.1585568638,0.04658691468,0.5650165434,0.09710502465,0.2109022447,-0.619750822,-0.4501041952,0.1542479358,0.04426696119,0.651207881,0.7917655361,-0.009499664048,3.013749963,1.091543811,-3.092960191,-4.3156761,-4.247007627,-1.717288321,-3.721576193,3.063344587,6.573924415,3.027071849,-4.870807077,6.000612012,4.287953293,7.68930394,-0.5035681615,-2.528529198,-0.8841768926,1.511286595
1.01,-0.1825981126,-0.246123997,0.5136148559,0.05927330307,0.05116331106,0.1611439619,-0.01015329008,-0.01786064475,0.04724801745,-0.0002456921098,0.3231859181,0.17322132,0.09179518299,0.2880556683,0.3451628934,0.2920752964,0.2565946799,0.3464864361,-0.2720517709,-0.2967110131,-0.2792905977,-1.756444399,0.1521723654,0.5514132544,1.229092139,-6.044644374,-5.049250412,1.77663027,-0.1184700989,11.53154212,6.134845095,-0.4513450324,0.02837078147,3.684962425,2.920473927,0.08653102238,-22.4910247,2.942443415,-62.03171205,-493.8209769,5.480821118,47.26671408,217.9354351,-1700.676081,-2028.15489,429.4950402,-16.43466321,759.4018691,1019.642558,-130.5191679,-1.46595281,-770.1492452,-155.9064203,18.08723634
1.02,-0.1863175201,-0.2496093564,0.508725121,0.02633561281,0.04873560332,0.1687702183,0.002969768478,-0.05872395541,-0.07998077486,0.02163116615,0.3247995543,0.2428312588,0.1489842471,0.28505179,0.3455486729,0.2994652322,0.2591163297,0.3465573419,-0.4121763226,-0.4292762741,-0.5650782952,-3.163996029,-0.9290152494,0.9983940489,0.4538705037,3.21543255,-14.44409699,-0.3414433078,0.5789597213,0.07980620801,2.562814499,0.3848357349,0.05314298119,-0.7234797976,-1.218399236,-0.3428699645,8.62473785,-11.87653092,2.015783036,170.7915862,-145.0967232,73.29853476,-72.68022759,-770.1580178,1196.412204,-620.9277983,43.53588535,-961.5846159,-526.0424518,28.65704864,19.30770871,-30048.12861,-89.44651267,-28.13220488
#Exudyn explicit time integration (ExplicitEuler) solver solution file
#simulation started=2026-01-27,10:20:03
#columns contain: time, ODE2 displacements, ODE2 velocities, ODE2 accelerations
#number of system coordinates [nODE2, nODE1, nAlgebraic, nData] = [18,0,0,0]
#number of written coordinates [nODE2, nVel2, nAcc2, nODE1, nVel1, nAlgebraic, nData] = [18,18,18,0,0,0,0]
#total columns exported  (excl. time) = 54
#number of time steps (planned) = 200
#Exudyn version = 1.10.0; Python3.11.11; Windows AVX2 FLOAT64
#
#solution information = DogEnv
1.02,-0.1863175201,-0.2496093564,0.508725121,0.02633561281,0.04873560332,0.1687702183,0.002969768478,-0.05872395541,-0.07998077486,0.02163116615,0.3247995543,0.2428312588,0.1489842471,0.28505179,0.3455486729,0.2994652322,0.2591163297,0.3465573419,-0.4121763226,-0.4292762741,-0.5650782952,-3.163996029,-0.9290152494,0.9983940489,0.4538705037,3.21543255,-14.44409699,-0.3414433078,0.5789597213,0.07980620801,2.562814499,0.3848357349,0.05314298119,-0.7234797976,-1.218399236,-0.3428699645,8.62473785,-11.87653092,2.015783036,170.7915862,-145.0967232,73.29853476,-72.68022759,-770.1580178,1196.412204,-620.9277983,43.53588535,-961.5846159,-526.0424518,28.65704864,19.30770871,-30048.12861,-89.44651267,-28.13220488
1.03,-0.1899636845,-0.2543652909,0.5037013317,0.001167932263,0.03515864781,0.180701932,0.004212567728,-0.03179562151,-0.132456098,0.004203442516,0.3294411443,0.2416915289,0.1733598587,0.2846411133,0.3460520509,0.3113602532,0.2667167975,0.3412438464,-0.3252568614,-0.5001153913,-0.4608015922,-1.81130681,-1.635133208,1.234311839,-0.2636645328,2.051229905,-0.5172341646,-2.068162877,0.3268206866,0.0862205896,2.342508945,-0.4359478077,0.04232186027,0.05559277605,0.8408803054,-0.5417644924,6.837014172,-2.294717651,2.38281943,116.5220044,-35.115694,-6.297150433,-29.05824507,-197.6867142,357.9175786,75.24447348,-23.29365778,-370.0328991,-50.21071923,-49.02721647,-7.309546152,-13124.0867,-10.16209371,-11.39534616
1.04,-0.1928566921,-0.259345705,0.4995109476,-0.01444844727,0.01844703174,0.1925964349,0.002088207359,-0.01344577572,-0.1110022103,-0.01129871619,0.330657694,0.2443606042,0.191002956,0.2775297516,0.3463945776,0.3186942852,0.2790286004,0.3355638296,-0.2399596135,-0.4715402599,-0.3395100315,-1.532185496,-1.563644469,1.10169932,-0.1996151769,1.789919704,3.747304472,-1.156588994,-0.08680970102,0.2781485641,1.349419995,-1.018958196,0.02604513768,0.1774492206,3.835018458,-0.6432996597,7.677184205,5.158418141,19.56182292,-63.12132408,38.620348,-20.238479,66.04678752,-29.15101125,1021.537335,104.5513384,-51.83680014,-204.912733,863.3396341,-81.81736595,11.06592198,-9480.397505,44214.64161,-91.12383932
#Exudyn explicit time integration (ExplicitEuler) solver solution file
#simulation started=2026-01-27,10:20:03
#columns contain: time, ODE2 displacements, ODE2 velocities, ODE2 accelerations
#number of system coordinates [nODE2, nODE1, nAlgebraic, nData] = [18,0,0,0]
#number of written coordinates [nODE2, nVel2, nAcc2, nODE1, nVel1, nAlgebraic, nData] = [18,18,18,0,0,0,0]
#total columns exported  (excl. time) = 54
#number of time steps (planned) = 200
#Exudyn version = 1.10.0; Python3.11.11; Windows AVX2 FLOAT64
#
#solution information = DogEnv
1.04,-0.1928566921,-0.259345705,0.4995109476,-0.01444844727,0.01844703174,0.1925964349,0.002088207359,-0.01344577572,-0.1110022103,-0.01129871619,0.330657694,0.2443606042,0.191002956,0.2775297516,0.3463945776,0.3186942852,0.2790286004,0.3355638296,-0.2399596135,-0.4715402599,-0.3395100315,-1.532185496,-1.563644469,1.10169932,-0.1996151769,1.789919704,3.747304472,-1.156588994,-0.08680970102,0.2781485641,1.349419995,-1.018958196,0.02604513768,0.1774492206,3.835018458,-0.6432996597,7.677184205,5.158418141,19.56182292,-63.12132408,38.620348,-20.238479,66.04678752,-29.15101125,1021.537335,104.5513384,-51.83680014,-204.912733,863.3396341,-81.81736595,11.06592198,-9480.397505,44214.64161,-91.12383932
1.05,-0.1947730904,-0.2637267181,0.4967713767,-0.02857082887,0.004092604489,0.2026892126,-0.0002528645295,0.003017353751,-0.07654190471,-0.02197082364,0.3290905056,0.2474792786,0.2020631388,0.2657162842,0.3466302103,0.3242886298,0.2918642371,0.3288655383,-0.1439875314,-0.4058094279,-0.2174936191,-1.285919424,-1.309919256,0.9258054088,-0.2356508804,1.488127646,3.14715565,-0.9914426755,-0.1778328012,0.3566718446,0.9733643697,-1.289443187,0.02051354085,0.4877103379,0.515379932,-0.7032674135,10.82243613,7.184542028,4.227855724,87.94714136,16.24962795,-14.24736525,-58.00287722,-95.49158898,-692.3737082,-50.35122274,29.40149128,22.65073383,-47.88686022,18.20727322,-12.57499647,-20.51480818,-21825.94089,-67.74017655
1.06,-0.1957689268,-0.2675125002,0.4950090482,-0.03935669352,-0.00746155557,0.2112603714,0.003003309002,0.01550166869,-0.04797278348,-0.03138348586,0.3282347932,0.2513900733,0.2112842661,0.2529058005,0.3509611436,0.328437268,0.3019960046,0.3227058038,-0.0410030514,-0.349219904,-0.1101929421,-0.4475011362,-0.7584626573,0.7577368263,2.301383775,0.580676168,2.043532786,-1.035728379,0.1878740231,0.3765153488,0.7442514741,-0.9835713676,2.189774141,0.2638650756,0.1755047746,-0.1411438047,13.75388849,7.325219628,19.88582489,250.2877762,151.3401044,-28.38519586,39.10633243,-266.9751072,-442.0794359,-10.58178399,264.7895147,-12.26463816,-357.7311955,199.7031115,20120.72547,-43.33876924,-12480.42269,25.25969081
#Exudyn explicit time integration (ExplicitEuler) solver solution file
#simulation started=2026-01-27,10:20:03
#columns contain: time, ODE2 displacements, ODE2 velocities, ODE2 accelerations
#number of system coordinates [nODE2, nODE1, nAlgebraic, nData] = [18,0,0,0]
#number of written coordinates [nODE2, nVel2, nAcc2, nODE1, nVel1, nAlgebraic, nData] = [18,18,18,0,0,0,0]
#total columns exported  (excl. time) = 54
#number of time steps (planned) = 200
#Exudyn version = 1.10.0; Python3.11.11; Windows AVX2 FLOAT64
#
#solution information = DogEnv
1.06,-0.1957689268,-0.2675125002,0.4950090482,-0.03935669352,-0.00746155557,0.2112603714,0.003003309002,0.01550166869,-0.04797278348,-0.03138348586,0.3282347932,0.2513900733,0.2112842661,0.2529058005,0.3509611436,0.328437268,0.3019960046,0.3227058038,-0.0410030514,-0.349219904,-0.1101929421,-0.4475011362,-0.7584626573,0.7577368263,2.301383775,0.580676168,2.043532786,-1.035728379,0.1878740231,0.3765153488,0.7442514741,-0.9835713676,2.189774141,0.2638650756,0.1755047746,-0.1411438047,13.75388849,7.325219628,19.88582489,250.2877762,151.3401044,-28.38519586,39.10633243,-266.9751072,-442.0794359,-10.58178399,264.7895147,-12.26463816,-357.7311955,199.7031115,20120.72547,-43.33876924,-12480.42269,25.25969081
1.07,-0.1956876491,-0.2707383046,0.4943627415,-0.03915491525,-0.01090031937,0.217667875,0.01759368008,0.01653926162,-0.03432060355,-0.03583665903,0.3286998201,0.2560677958,0.2169796429,0.2509445288,0.3570149049,0.3299518039,0.3081828156,0.3240341324,0.04279546653,-0.3022806843,-0.04955959913,0.2245360079,-0.07950944808,0.5601555658,0.9377918887,-0.1114313663,0.9911370722,0.07522052267,0.01978590738,0.6300730958,0.4826572274,0.3562254956,0.2197928044,0.1617428299,0.4415374527,0.2582878624,4.520975015,3.216751661,-1.368665994,9.81979135,31.67985188,-10.5537771,-69.09487776,-16.02370419,-35.31424831,60.34960473,-2.571775582,47.16852107,-5.244183851,61.24655442,-44.32139054,9.679260736,-26.35879479,6.947261155
1.08,-0.1950802765,-0.2736177174,0.4937471325,-0.03688128865,-0.01074031542,0.2228762656,0.02436652957,0.01538298418,-0.02545926678,-0.03448941752,0.3287868925,0.2630697125,0.2218242146,0.2554927175,0.3579896514,0.3311839078,0.311678082,0.3265876556,0.07860616386,-0.2742834893,-0.07109646116,0.2432569985,0.05904865074,0.4864811888,0.4576297856,-0.05399818986,0.7960297947,0.08297384956,0.0241547305,0.423074251,0.5116708592,0.4602080798,0.04056070802,-0.04277843301,0.2976513963,0.2621585758,4.20546022,2.658251383,0.1470646976,18.4190951,-0.8751688574,-6.891515463,-48.74923713,19.10685746,-24.26855133,-17.31027004,11.79647479,-156.0283772,8.625225315,4.015918402,-3.910582857,21.3844577,0.2071577106,3.613186467
#Exudyn explicit time integration (ExplicitEuler) solver solution file
#simulation started=2026-01-27,10:20:03
#columns contain: time, ODE2 displacements, ODE2 velocities, ODE2 accelerations
#number of system coordinates [nODE2, nODE1, nAlgebraic, nData] = [18,0,0,0]
#number of written coordinates [nODE2, nVel2, nAcc2, nODE1, nVel1, nAlgebraic, nData] = [18,18,18,0,0,0,0]
#total columns exported  (excl. time) = 54
#number of time steps (planned) = 200
#Exudyn version = 1.10.0; Python3.11.11; Windows AVX2 FLOAT64
#
#solution information = DogEnv
1.08,-0.1950802765,-0.2736177174,0.4937471325,-0.03688128865,-0.01074031542,0.2228762656,0.02436652957,0.01538298418,-0.02545926678,-0.03448941752,0.3287868925,0.2630697125,0.2218242146,0.2554927175,0.3579896514,0.3311839078,0.311678082,0.3265876556,0.07860616386,-0.2742834893,-0.07109646116,0.2432569985,0.05904865074,0.4864811888,0.4576297856,-0.05399818986,0.7960297947,0.08297384956,0.0241547305,0.423074251,0.5116708592,0.4602080798,0.04056070802,-0.04277843301,0.2976513963,0.2621585758,4.20546022,2.658251383,0.1470646976,18.4190951,-0.8751688574,-6.891515463,-48.74923713,19.10685746,-24.26855133,-17.31027004,11.79647479,-156.0283772,8.625225315,4.015918402,-3.910582857,21.3844577,0.2071577106,3.613186467
1.09,-0.1940489053,-0.2762209199,0.493239672,-0.03393256876,-0.01001250134,0.2273915884,0.02704946972,0.01483665401,-0.01808491329,-0.03395853488,0.3279735534,0.2714881372,0.2329981429,0.2593871962,0.3584812892,0.3145379959,0.2969797932,0.3297849793,0.1228723287,-0.2482222196,-0.03591594284,0.3062363749,0.08479677892,0.4199560429,0.09760514292,-0.06044283579,0.6709315469,0.06277412749,-0.1381900359,0.9002504821,1.170207221,0.3812244839,0.02270960899,-1.679774682,-1.515106376,0.315487513,3.420747096,2.090106467,1.774011921,-1.039499906,1.851533728,-5.410871303,-27.58600892,1.260491488,-9.442759467,4.041075638,-7.553226075,1.148593245,-1.882285421,1.093732069,-4.524762657,12.84270225,9.90846212,-3.194364258
1.1,-0.1926653626,-0.2786094415,0.49293093,-0.03093694089,-0.009086872614,0.2313508876,0.02706936346,0.01430711903,-0.01177921143,-0.0331768762,0.326325617,0.2804902448,0.2445769327,0.2632435078,0.3585568036,0.29842932,0.2823626531,0.3328233152,0.1529356895,-0.2300726492,-0.02873342165,0.2927186212,0.09927409324,0.3735454266,-0.06248090861,-0.04523263639,0.5936753885,0.08881726973,-0.181950263,0.8964284223,1.14279471,0.3895669104,-0.002445159379,-1.537552039,-1.403248978,0.2958630916,2.687733522,1.617153693,-0.04417403024,-1.254738302,1.117517751,-4.114676586,-7.784544569,1.466179287,-6.698623065,1.222884469,-1.675319095,-1.228962535,-3.379442933,0.7626057669,-1.150095321,14.82127734,12.22196539,-0.9247768607
#Exudyn explicit time integration (ExplicitEuler) solver solution file
#simulation started=2026-01-27,10:20:03
#columns contain: time, ODE2 displacements, ODE2 velocities, ODE2 accelerations
#number of system coordinates [nODE2, nODE1, nAlgebraic, nData] = [18,0,0,0]
#number of written coordinates [nODE2, nVel2, nAcc2, nODE1, nVel1, nAlgebraic, nData] = [18,18,18,0,0,0,0]
#total columns exported  (excl. time) = 54
#number of time steps (planned) = 200
#Exudyn version = 1.10.0; Python3.11.11; Windows AVX2 FLOAT64
#
#solution information = DogEnv
1.1,-0.1926653626,-0.2786094415,0.49293093,-0.03093694089,-0.009086872614,0.2313508876,0.02706936346,0.01430711903,-0.01177921143,-0.0331768762,0.326325617,0.2804902448,0.2445769327,0.2632435078,0.3585568036,0.29842932,0.2823626531,0.3328233152,0.1529356895,-0.2300726492,-0.02873342165,0.2927186212,0.09927409324,0.3735454266,-0.06248090861,-0.04523263639,0.5936753885,0.08881726973,-0.181950263,0.8964284223,1.14279471,0.3895669104,-0.002445159379,-1.537552039,-1.403248978,0.2958630916,2.687733522,1.617153693,-0.04417403024,-1.254738302,1.117517751,-4.114676586,-7.784544569,1.466179287,-6.698623065,1.222884469,-1.675319095,-1.228962535,-3.379442933,0.7626057669,-1.150095321,14.82127734,12.22196539,-0.9247768607
1.11,-0.1910024062,-0.2808286357,0.4927875569,-0.02795538633,-0.007807202645,0.2348685171,0.0261135912,0.01386968873,-0.006114237979,-0.03245429273,0.3228662065,0.2950888658,0.2616257344,0.2661690824,0.3586300136,0.2668823568,0.2518622182,0.3363734857,0.1754123295,-0.2151152163,-0.003088609713,0.3035602004,0.1512968101,0.3300200015,-0.1524207179,-0.0482869921,0.5142577103,0.06488904146,-0.4406301014,1.468094462,1.696751681,0.2687779404,-0.02649005348,-3.124869439,-3.046330908,0.3549919891,1.515786804,1.163041334,1.397659184,0.5871287463,3.175572456,-4.054163461,-11.57892945,-0.1939717691,-9.069381886,-0.08645602731,-11.49011639,-10.17075916,-13.63811425,-0.6770074736,-5.886132955,25.68019857,22.5388142,-2.437534011
1.12,-0.1891818775,-0.2829286202,0.4927959663,-0.02491751182,-0.006183752657,0.2379809747,0.02419154273,0.01340941574,-0.001355094964,-0.03179249205,0.3180946528,0.3092788914,0.2779296665,0.2688463149,0.3581620777,0.2369172091,0.22256629,0.3398197777,0.188073823,-0.2053018375,0.002354037452,0.3018896067,0.169908175,0.2932028851,-0.2172366202,-0.04122662654,0.4422445829,0.0685412976,-0.4975571272,1.370183347,1.564168821,0.2683690318,-0.06043620038,-2.865204252,-2.807138524,0.3358099347,1.063949071,0.8477320219,-0.1035177678,-0.7022343841,0.9240961108,-3.389227155,-2.456754461,1.322709609,-5.785073085,0.5953365611,-1.341851874,-9.416876186,-12.78025856,0.3970109792,-1.593600183,25.93370271,24.6270649,-1.430027044
#Exudyn explicit time integration (ExplicitEuler) solver solution file
#simulation started=2026-01-27,10:20:03
#columns contain: time, ODE2 displacements, ODE2 velocities, ODE2 accelerations
#number of system coordinates [nODE2, nODE1, nAlgebraic, nData] = [18,0,0,0]
#number of written coordinates [nODE2, nVel2, nAcc2, nODE1, nVel1, nAlgebraic, nData] = [18,18,18,0,0,0,0]
#total columns exported  (excl. time) = 54
#number of time steps (planned) = 200
#Exudyn version = 1.10.0; Python3.11.11; Windows AVX2 FLOAT64
#
#solution information = DogEnv
1.12,-0.1891818775,-0.2829286202,0.4927959663,-0.02491751182,-0.006183752657,0.2379809747,0.02419154273,0.01340941574,-0.001355094964,-0.03179249205,0.3180946528,0.3092788914,0.2779296665,0.2688463149,0.3581620777,0.2369172091,0.22256629,0.3398197777,0.188073823,-0.2053018375,0.002354037452,0.3018896067,0.169908175,0.2932028851,-0.2172366202,-0.04122662654,0.4422445829,0.0685412976,-0.4975571272,1.370183347,1.564168821,0.2683690318,-0.06043620038,-2.865204252,-2.807138524,0.3358099347,1.063949071,0.8477320219,-0.1035177678,-0.7022343841,0.9240961108,-3.389227155,-2.456754461,1.322709609,-5.785073085,0.5953365611,-1.341851874,-9.416876186,-12.78025856,0.3970109792,-1.593600183,25.93370271,24.6270649,-1.430027044
1.13,-0.1872587644,-0.2849419817,0.4929029803,-0.02187910614,-0.004242069563,0.2407385106,0.0220318503,0.01302138074,0.002845376353,-0.03122836758,0.3117846816,0.327527312,0.2978228031,0.270753642,0.3576823684,0.1954308427,0.1814394847,0.3437299755,0.1930363522,-0.1984185774,0.01681101569,0.3073022711,0.2126719934,0.2579153352,-0.2286342847,-0.04008220909,0.3771919925,0.04961115835,-0.7011712665,1.790259765,1.927525429,0.1731480296,-0.0744617424,-4.059195342,-4.03787008,0.3902646074,-0.03067705744,0.4725861249,0.6348385838,0.1412666958,2.215663265,-3.415914479,-3.178212674,0.5224991798,-7.215323808,-0.08723031906,-7.113661197,-16.79958018,-22.56609378,-0.5890933913,-4.540689331,34.79659347,33.25515904,-2.419944125
1.14,-0.185334283,-0.2869059261,0.4930816186,-0.01883072795,-0.002053256782,0.2431568556,0.01965927953,0.01268085689,0.006321274882,-0.03070431207,0.3046092954,0.344633461,0.3160361112,0.2724700244,0.3567908582,0.1565496245,0.1427230543,0.3475184898,0.1914681503,-0.1945727067,0.0171894922,0.2997733866,0.2214451105,0.2262226739,-0.2394985131,-0.02526391931,0.3225304551,0.05765926004,-0.7188526282,1.63267372,1.718556519,0.1712037625,-0.0978257123,-3.715420493,-3.701875976,0.3679415205,-0.2582324491,0.3254581254,-0.4158281634,-1.388551099,-0.07144796631,-2.945494795,0.6276082858,2.117065911,-4.127260872,1.380187834,2.16825823,-14.82298061,-19.27408158,0.09280028304,-0.7237047054,33.73664013,33.44499267,-2.007929722
#Exudyn explicit time integration (ExplicitEuler) solver solution file
#simulation started=2026-01-27,10:20:03
#columns contain: time, ODE2 displacements, ODE2 velocities, ODE2 accelerations
#number of system coordinates [nODE2, nODE1, nAlgebraic, nData] = [18,0,0,0]
#number of written coordinates [nODE2, nVel2, nAcc2, nODE1, nVel1, nAlgebraic, nData] = [18,18,18,0,0,0,0]
#total columns exported  (excl. time) = 54
#number of time steps (planned) = 200
#Exudyn version = 1.10.0; Python3.11.11; Windows AVX2 FLOAT64
#
#solution information = DogEnv
1.14,-0.185334283,-0.2869059261,0.4930816186,-0.01883072795,-0.002053256782,0.2431568556,0.01965927953,0.01268085689,0.006321274882,-0.03070431207,0.3046092954,0.344633461,0.3160361112,0.2724700244,0.3567908582,0.1565496245,0.1427230543,0.3475184898,0.1914681503,-0.1945727067,0.0171894922,0.2997733866,0.2214451105,0.2262226739,-0.2394985131,-0.02526391931,0.3225304551,0.05765926004,-0.7188526282,1.63267372,1.718556519,0.1712037625,-0.0978257123,-3.715420493,-3.701875976,0.3679415205,-0.2582324491,0.3254581254,-0.4158281634,-1.388551099,-0.07144796631,-2.945494795,0.6276082858,2.117065911,-4.127260872,1.380187834,2.16825823,-14.82298061,-19.27408158,0.09280028304,-0.7237047054,33.73664013,33.44499267,-2.007929722
1.15,-0.183444076,-0.2888381995,0.4932524235,-0.01589341299,0.0002260312503,0.2452750473,0.01746956508,0.01252106357,0.009372288318,-0.03011328334,0.2969362713,0.3618288592,0.3337796016,0.2737290143,0.3560598938,0.1165465956,0.1027802336,0.3515325954,0.1855003884,-0.1921069858,0.0158943395,0.2877598827,0.2308594009,0.1973379318,-0.2055844163,-0.007221017958,0.2815904959,0.06335693087,-0.7719096473,1.652736719,1.681310032,0.1180915544,-0.07799482996,-3.847924628,-3.845158822,0.3967955343,-0.7401224374,0.2079711528,-0.4401083549,-1.449291412,-0.1320765707,-2.774006273,1.512107643,2.045519324,-3.828836622,1.391319587,2.599880608,-16.20093582,-20.85930424,-0.05430788787,-1.022675659,35.05205844,34.83138374,-2.291418647
1.16,-0.1816267069,-0.290749134,0.4933825066,-0.01310010393,0.002505667264,0.2471173899,0.01549191729,0.01256073006,0.01202989332,-0.02939749696,0.2894282489,0.3775880888,0.3496262951,0.274913152,0.3552649916,0.07976595226,0.0660260464,0.355388735,0.1778095946,-0.1900553059,0.009493913164,0.2698410068,0.2232803617,0.1714940966,-0.1889207355,0.01602107673,0.2522045466,0.08082774631,-0.7227796033,1.500751996,1.492278023,0.1192107091,-0.07817034341,-3.508688524,-3.50543664,0.3745024048,-0.7924535113,0.2098800069,-0.7830390271,-1.989831318,-1.182889408,-2.402901923,1.941745225,2.442467727,-2.267639035,1.924354132,6.52664132,-14.29835365,-17.16502201,0.2323735854,0.6978088282,32.73837552,32.96627378,-2.128687488
#Exudyn explicit time integration (ExplicitEuler) solver solution file
#simulation started=2026-01-27,10:20:03
#columns contain: time, ODE2 displacements, ODE2 velocities, ODE2 accelerations
#number of system coordinates [nODE2, nODE1, nAlgebraic, nData] = [18,0,0,0]
#number of written coordinates [nODE2, nVel2, nAcc2, nODE1, nVel1, nAlgebraic, nData] = [18,18,18,0,0,0,0]
#total columns exported  (excl. time) = 54
#number of time steps (planned) = 200
#Exudyn version = 1.10.0; Python3.11.11; Windows AVX2 FLOAT64
#
#solution information = DogEnv
1.16,-0.1816267069,-0.290749134,0.4933825066,-0.01310010393,0.002505667264,0.2471173899,0.01549191729,0.01256073006,0.01202989332,-0.02939749696,0.2894282489,0.3775880888,0.3496262951,0.274913152,0.3552649916,0.07976595226,0.0660260464,0.355388735,0.1778095946,-0.1900553059,0.009493913164,0.2698410068,0.2232803617,0.1714940966,-0.1889207355,0.01602107673,0.2522045466,0.08082774631,-0.7227796033,1.500751996,1.492278023,0.1192107091,-0.07817034341,-3.508688524,-3.50543664,0.3745024048,-0.7924535113,0.2098800069,-0.7830390271,-1.989831318,-1.182889408,-2.402901923,1.941745225,2.442467727,-2.267639035,1.924354132,6.52664132,-14.29835365,-17.16502201,0.2323735854,0.6978088282,32.73837552,32.96627378,-2.128687488
1.17,-0.1798948336,-0.2926407306,0.4934417991,-0.01051428094,0.004692121968,0.248721737,0.01350650123,0.01285268793,0.01449461266,-0.02848038646,0.28277449,0.3914731451,0.3632471116,0.2763818877,0.354195845,0.04682180943,0.03309700241,0.3587312736,0.1685815236,-0.1882087582,0.002104139078,0.2470388556,0.2124340576,0.1500361201,-0.2015636153,0.04204012765,0.2396533771,0.1020778622,-0.6288656998,1.317574733,1.277687686,0.1501373769,-0.1055932159,-3.135052462,-3.132773389,0.3206687292,-0.9076989283,0.1936338693,-0.7763692753,-2.176362279,-1.403948006,-1.910905933,1.023208745,2.375824053,-1.294510232,1.90335626,6.91175692,-12.61579886,-14.58685814,-0.08759395601,1.402470262,29.37950226,29.65328179,-1.761758233
1.18,-0.1782538137,-0.2945126282,0.4934245212,-0.008143414767,0.006744155709,0.2501328325,0.01157029078,0.01338055597,0.01683178706,-0.02737332778,0.2768349587,0.4040448388,0.3753454985,0.2778813414,0.3532136811,0.01688282797,0.003198493299,0.3618544591,0.15954838,-0.1860811411,-0.005582897945,0.227676849,0.1976896439,0.1324851673,-0.183821427,0.06279353624,0.2280437597,0.1187451089,-0.5581494272,1.19751371,1.144542684,0.1499287089,-0.09046174296,-2.854155327,-2.848062527,0.3041217448,-0.8977844702,0.2340378112,-0.7455479415,-1.734971277,-1.49411661,-1.621171619,2.126237768,1.8081694,-1.061918916,1.452083105,7.048039306,-11.44135448,-12.23999548,0.01922766553,1.549812163,26.84620819,27.27288756,-1.56842375
#Exudyn explicit time integration (ExplicitEuler) solver solution file
#simulation started=2026-01-27,10:20:03
#columns contain: time, ODE2 displacements, ODE2 velocities, ODE2 accelerations
#number of system coordinates [nODE2, nODE1, nAlgebraic, nData] = [18,0,0,0]
#number of written coordinates [nODE2, nVel2, nAcc2, nODE1, nVel1, nAlgebraic, nData] = [18,18,18,0,0,0,0]
#total columns exported  (excl. time) = 54
#number of time steps (planned) = 200
#Exudyn version = 1.10.0; Python3.11.11; Windows AVX2 FLOAT64
#
#solution information = DogEnv
1.18,-0.1782538137,-0.2945126282,0.4934245212,-0.008143414767,0.006744155709,0.2501328325,0.01157029078,0.01338055597,0.01683178706,-0.02737332778,0.2768349587,0.4040448388,0.3753454985,0.2778813414,0.3532136811,0.01688282797,0.003198493299,0.3618544591,0.15954838,-0.1860811411,-0.005582897945,0.227676849,0.1976896439,0.1324851673,-0.183821427,0.06279353624,0.2280437597,0.1187451089,-0.5581494272,1.19751371,1.144542684,0.1499287089,-0.09046174296,-2.854155327,-2.848062527,0.3041217448,-0.8977844702,0.2340378112,-0.7455479415,-1.734971277,-1.49411661,-1.621171619,2.126237768,1.8081694,-1.061918916,1.452083105,7.048039306,-11.44135448,-12.23999548,0.01922766553,1.549812163,26.84620819,27.27288756,-1.56842375
1.19,-0.1767633514,-0.2963808471,0.4933636749,-0.006157787332,0.008780318679,0.2514245642,0.006648322635,0.01429344259,0.01947462174,-0.02592614959,0.2740642584,0.4118847017,0.3820996115,0.2819396312,0.3495768309,-0.005390948358,-0.01921411143,0.3621253873,0.1388285654,-0.1883746657,-0.007853162565,0.1567607587,0.1973959509,0.1328385708,-0.7763398626,0.1266630483,0.3006824702,0.1746150974,-0.1965949509,0.7082011086,0.5579934548,0.4339468456,-0.3802801101,-2.077711007,-2.098806522,-0.01860102989,-2.016273474,-0.4836334559,-0.4421758155,-8.438316082,-2.611232833,1.952689483,-34.74583576,6.908559065,8.195007316,5.315031329,10.28890264,-7.33962647,-12.80167124,-2.12931529,5.506238817,17.81001053,17.48388124,-1.274639201
1.2,-0.1754750402,-0.2982928607,0.4932620282,-0.004911467768,0.01061820101,0.2528803584,-0.002167070763,0.015810327,0.02286134322,-0.02400089363,0.2725610737,0.4185867477,0.3871683661,0.2861911931,0.3460373613,-0.02532575499,-0.03932360562,0.3618951886,0.1186111127,-0.1943888066,-0.01253140283,0.101277316,0.1702338211,0.1607291004,-0.9412673751,0.1682537875,0.3739293259,0.2029655426,-0.1090919439,0.62981048,0.4649573318,0.4169758419,-0.3286887964,-1.911260826,-1.921283424,-0.02547408956,-2.025701212,-0.6725170968,-0.4508524681,-2.999447356,-2.52478627,3.289088812,-5.260252869,1.729977814,6.289143897,0.7715593381,6.942831242,-8.262404009,-6.708348129,-1.609214203,4.651405137,15.59910773,17.5650147,-0.0935120554
#Exudyn explicit time integration (ExplicitEuler) solver solution file
#simulation started=2026-01-27,10:20:03
#columns contain: time, ODE2 displacements, ODE2 velocities, ODE2 accelerations
#number of system coordinates [nODE2, nODE1, nAlgebraic, nData] = [18,0,0,0]
#number of written coordinates [nODE2, nVel2, nAcc2, nODE1, nVel1, nAlgebraic, nData] = [18,18,18,0,0,0,0]
#total columns exported  (excl. time) = 54
#number of time steps (planned) = 200
#Exudyn version = 1.10.0; Python3.11.11; Windows AVX2 FLOAT64
#
#solution information = DogEnv
1.2,-0.1754750402,-0.2982928607,0.4932620282,-0.004911467768,0.01061820101,0.2528803584,-0.002167070763,0.015810327,0.02286134322,-0.02400089363,0.2725610737,0.4185867477,0.3871683661,0.2861911931,0.3460373613,-0.02532575499,-0.03932360562,0.3618951886,0.1186111127,-0.1943888066,-0.01253140283,0.101277316,0.1702338211,0.1607291004,-0.9412673751,0.1682537875,0.3739293259,0.2029655426,-0.1090919439,0.62981048,0.4649573318,0.4169758419,-0.3286887964,-1.911260826,-1.921283424,-0.02547408956,-2.025701212,-0.6725170968,-0.4508524681,-2.999447356,-2.52478627,3.289088812,-5.260252869,1.729977814,6.289143897,0.7715593381,6.942831242,-8.262404009,-6.708348129,-1.609214203,4.651405137,15.59910773,17.5650147,-0.0935120554
1.21,-0.1745891858,-0.3003240934,0.4932633861,-0.004499694802,0.01281668009,0.2547226671,-0.01352639678,0.01784524025,0.02718247366,-0.0217584319,0.2704442401,0.4190925303,0.3831562364,0.2898774961,0.3415915752,-0.0347432667,-0.05043037837,0.3613195233,0.06275690862,-0.2112084039,0.01234542952,-0.02380408033,0.244068966,0.2150929278,-1.319685115,0.2428638662,0.4781057603,0.2498026736,-0.3111940966,0.03495855078,-0.6891900117,0.317019199,-0.4938049245,0.6239673412,-1.079698997,-0.0734899577,-7.466733746,-2.435981602,4.048318072,10.23489364,0.0321471933,11.27843232,-38.68136505,24.20180924,-2.557380245,-21.56759161,-20.64024611,679.2067255,-28.40165475,-6.698940229,22.75891433,28948.95865,-72.12185908,8.174717414
1.22,-0.174166517,-0.3025136874,0.4935432563,-0.00453308171,0.01567660681,0.257184437,-0.02181967193,0.01984294131,0.03171116817,-0.01966017564,0.2702455874,0.4187630413,0.3746668179,0.2925376902,0.3403694043,-0.04288783813,-0.0614634285,0.3605451959,0.02309168655,-0.2250990961,0.05048653591,0.1002197123,0.3607649824,0.2655242056,-0.1204775464,0.08131004637,0.3529302071,0.1090265798,0.4328624766,-0.09949874335,-0.9969758904,0.1758255399,0.07911608802,0.5547742089,-1.12874516,-0.0529715909,-6.364639201,-1.586113761,6.802366013,42.72482491,12.5862377,5.899820454,58.27998647,-19.70281642,-31.45752678,-45.81296323,43.07842876,632.914798,-20.08481583,-19.89315339,19.19871884,27921.24172,-61.98717917,18.88885491
#Exudyn explicit time integration (ExplicitEuler) solver solution file
#simulation started=2026-01-27,10:20:03
#columns contain: time, ODE2 displacements, ODE2 velocities, ODE2 accelerations
#number of system coordinates [nODE2, nODE1, nAlgebraic, nData] = [18,0,0,0]
#number of written coordinates [nODE2, nVel2, nAcc2, nODE1, nVel1, nAlgebraic, nData] = [18,18,18,0,0,0,0]
#total columns exported  (excl. time) = 54
#number of time steps (planned) = 200
#Exudyn version = 1.10.0; Python3.11.11; Windows AVX2 FLOAT64
#
#solution information = DogEnv
1.22,-0.174166517,-0.3025136874,0.4935432563,-0.00453308171,0.01567660681,0.257184437,-0.02181967193,0.01984294131,0.03171116817,-0.01966017564,0.2702455874,0.4187630413,0.3746668179,0.2925376902,0.3403694043,-0.04288783813,-0.0614634285,0.3605451959,0.02309168655,-0.2250990961,0.05048653591,0.1002197123,0.3607649824,0.2655242056,-0.1204775464,0.08131004637,0.3529302071,0.1090265798,0.4328624766,-0.09949874335,-0.9969758904,0.1758255399,0.07911608802,0.5547742089,-1.12874516,-0.0529715909,-6.364639201,-1.586113761,6.802366013,42.72482491,12.5862377,5.899820454,58.27998647,-19.70281642,-31.45752678,-45.81296323,43.07842876,632.914798,-20.08481583,-19.89315339,19.19871884,27921.24172,-61.98717917,18.88885491
1.23,-0.1742245555,-0.304837224,0.4944347784,-0.002480531772,0.02008857708,0.2598918764,-0.02128596934,0.01947336919,0.03443599132,-0.01962337235,0.2754531665,0.4042876427,0.3519646828,0.2931042323,0.3411634615,-0.02582379098,-0.04712424913,0.3602116388,-0.02723691655,-0.2376282755,0.1263867066,0.2701688069,0.4994739468,0.2763921038,0.1544411684,-0.1142234154,0.2020599889,-0.06571058292,0.5748332995,-1.588110975,-2.567152461,-0.01923801156,0.07855136329,3.182022967,1.393523402,-0.03546017954,-6.58068347,-1.744395754,8.732717641,29.22609323,7.326372,5.40876772,-1.884458918,-35.62327419,-23.3031762,-35.12923815,-2.395103927,664.0194665,-29.29392297,-10.63918244,18.06937553,28329.13838,-99.66423863,9.276806197
1.24,-0.1746810479,-0.3072641747,0.496021433,0.00050432343,0.02545300983,0.2627195809,-0.01946117088,0.01793895537,0.0359611884,-0.02060894285,0.2812066859,0.387650776,0.3245724819,0.2924499786,0.3419103213,-0.009368046123,-0.03507364148,0.3596655905,-0.06399443656,-0.2480964351,0.1893092588,0.3215896614,0.567697214,0.2905425095,0.1956101197,-0.1880525526,0.1093268875,-0.1261275521,0.5660657834,-1.673150575,-2.90840116,-0.1046145068,0.07224176543,2.699807984,1.014417885,-0.07522721602,-5.698923515,-1.702995049,7.052748501,21.47080305,3.796023746,5.149753078,-9.406052994,-36.04608813,-17.03353422,-26.30895182,-7.32469996,555.2613192,-27.01630437,-5.736633943,14.8738271,23507.63264,-85.07232144,5.25755529
#Exudyn explicit time integration (ExplicitEuler) solver solution file
#simulation started=2026-01-27,10:20:03
#columns contain: time, ODE2 displacements, ODE2 velocities, ODE2 accelerations
#number of system coordinates [nODE2, nODE1, nAlgebraic, nData] = [18,0,0,0]
#number of written coordinates [nODE2, nVel2, nAcc2, nODE1, nVel1, nAlgebraic, nData] = [18,18,18,0,0,0,0]
#total columns exported  (excl. time) = 54
#number of time steps (planned) = 200
#Exudyn version = 1.10.0; Python3.11.11; Windows AVX2 FLOAT64
#
#solution information = DogEnv
1.24,-0.1746810479,-0.3072641747,0.496021433,0.00050432343,0.02545300983,0.2627195809,-0.01946117088,0.01793895537,0.0359611884,-0.02060894285,0.2812066859,0.387650776,0.3245724819,0.2924499786,0.3419103213,-0.009368046123,-0.03507364148,0.3596655905,-0.06399443656,-0.2480964351,0.1893092588,0.3215896614,0.567697214,0.2905425095,0.1956101197,-0.1880525526,0.1093268875,-0.1261275521,0.5660657834,-1.673150575,-2.90840116,-0.1046145068,0.07224176543,2.699807984,1.014417885,-0.07522721602,-5.698923515,-1.702995049,7.052748501,21.47080305,3.796023746,5.149753078,-9.406052994,-36.04608813,-17.03353422,-26.30895182,-7.32469996,555.2613192,-27.01630437,-5.736633943,14.8738271,23507.63264,-85.07232144,5.25755529
1.25,-0.1754689258,-0.3098015329,0.4981194386,0.004265379053,0.03105883689,0.2656639863,-0.01765508777,0.01558035177,0.03640907174,-0.02221772972,0.28701132,0.3616877159,0.2886093164,0.2915387547,0.3425963194,0.02667264979,-0.002889653497,0.358705412,-0.09001048365,-0.2587033271,0.225077116,0.4009060309,0.5566818669,0.2996073184,0.1844689874,-0.2585640693,0.02960251408,-0.171383021,0.5715866752,-2.631047885,-3.676681489,-0.07882020887,0.06604070021,4.088954688,3.094172575,-0.1157553367,-3.207037712,-1.271040058,3.133761917,12.66225053,-0.787947747,2.626595107,-5.857744914,-26.48833288,-9.781895333,-12.56445881,-6.572350741,264.5680593,1.010442763,1.252898359,6.71004281,10947.26603,-71.94783295,1.321302258
1.26,-0.1764752668,-0.3124397182,0.5004639356,0.00839554967,0.03661563545,0.2687132949,-0.01583615572,0.01289479244,0.03652561455,-0.0239595939,0.2924834678,0.3354822351,0.2517869617,0.2907512358,0.3432216908,0.06016224529,0.02586035547,0.3574449599,-0.1112987931,-0.2691830902,0.2419741167,0.4230198775,0.5535856576,0.3107993145,0.1776929946,-0.277461867,-0.004505196342,-0.1756385796,0.5226485588,-2.586251082,-3.683758495,-0.0798038151,0.05953572054,3.337651133,2.658043777,-0.1337719933,-2.387326741,-1.168511885,1.391209119,4.906177947,-0.9118538393,1.740340462,-3.150962101,-10.8109085,-4.920536654,-3.990459122,-5.194932555,93.2324955,1.608671222,0.08052330962,1.892286129,3628.071995,-50.6665034,0.1176697778
#Exudyn explicit time integration (ExplicitEuler) solver solution file
#simulation started=2026-01-27,10:20:04
#columns contain: time, ODE2 displacements, ODE2 velocities, ODE2 accelerations
#number of system coordinates [nODE2, nODE1, nAlgebraic, nData] = [18,0,0,0]
#number of written coordinates [nODE2, nVel2, nAcc2, nODE1, nVel1, nAlgebraic, nData] = [18,18,18,0,0,0,0]
#total columns exported  (excl. time) = 54
#number of time steps (planned) = 200
#Exudyn version = 1.10.0; Python3.11.11; Windows AVX2 FLOAT64
#
#solution information = DogEnv
1.26,-0.1764752668,-0.3124397182,0.5004639356,0.00839554967,0.03661563545,0.2687132949,-0.01583615572,0.01289479244,0.03652561455,-0.0239595939,0.2924834678,0.3354822351,0.2517869617,0.2907512358,0.3432216908,0.06016224529,0.02586035547,0.3574449599,-0.1112987931,-0.2691830902,0.2419741167,0.4230198775,0.5535856576,0.3107993145,0.1776929946,-0.277461867,-0.004505196342,-0.1756385796,0.5226485588,-2.586251082,-3.683758495,-0.0798038151,0.05953572054,3.337651133,2.658043777,-0.1337719933,-2.387326741,-1.168511885,1.391209119,4.906177947,-0.9118538393,1.740340462,-3.150962101,-10.8109085,-4.920536654,-3.990459122,-5.194932555,93.2324955,1.608671222,0.08052330962,1.892286129,3628.071995,-50.6665034,0.1176697778
1.27,-0.1776843601,-0.3151847928,0.5028745897,0.01274454733,0.04194744238,0.2718775803,-0.01411980704,0.01010161627,0.03608723691,-0.0256697972,0.2976413536,0.3052677022,0.2115434509,0.2901312397,0.343788409,0.1024692304,0.0636335125,0.3560732593,-0.1280249395,-0.2792902993,0.2375680965,0.4378243076,0.5137264347,0.3228089521,0.1685358973,-0.2763882351,-0.04311411249,-0.1590835639,0.5005235808,-2.995644224,-3.992425545,-0.04146380999,0.05408003541,4.078996581,3.610096257,-0.1401473398,-1.379367067,-0.9375683153,-1.068146462,-0.06068223258,-3.43580279,1.316558204,-1.006885756,1.015366953,-0.08569708668,2.149649921,-4.609665199,15.43476819,16.96286253,2.545026663,-0.5344168505,-44.26230776,-44.87955029,0.1102866126
1.28,-0.1790319696,-0.3180240187,0.5051850762,0.01709734144,0.04691064113,0.2751747907,-0.01248742566,0.007403851282,0.03565765296,-0.02715630787,0.3024183516,0.2760842318,0.1724990671,0.289806562,0.3443031379,0.1411415724,0.0976095941,0.3547004964,-0.1414864992,-0.2886245343,0.2233400109,0.4309825335,0.4777632615,0.3371679538,0.1574471322,-0.2617963591,-0.04165008363,-0.1378530764,0.455192051,-2.838946207,-3.809560563,-0.02497785402,0.04889497351,3.658572709,3.191272133,-0.1328399368,-1.297654433,-0.9245676894,-1.706049775,-1.082453145,-3.86332617,1.547538087,-1.237173431,1.749923211,0.5238918087,2.189180006,-4.263664933,15.76542175,19.95250337,1.382197509,-0.4915774352,-39.89272585,-38.75727204,1.070454717
#Exudyn explicit time integration (ExplicitEuler) solver solution file
#simulation started=2026-01-27,10:20:04
#columns contain: time, ODE2 displacements, ODE2 velocities, ODE2 accelerations
#number of system coordinates [nODE2, nODE1, nAlgebraic, nData] = [18,0,0,0]
#number of written coordinates [nODE2, nVel2, nAcc2, nODE1, nVel1, nAlgebraic, nData] = [18,18,18,0,0,0,0]
#total columns exported  (excl. time) = 54
#number of time steps (planned) = 200
#Exudyn version = 1.10.0; Python3.11.11; Windows AVX2 FLOAT64
#
#solution information = DogEnv
1.28,-0.1790319696,-0.3180240187,0.5051850762,0.01709734144,0.04691064113,0.2751747907,-0.01248742566,0.007403851282,0.03565765296,-0.02715630787,0.3024183516,0.2760842318,0.1724990671,0.289806562,0.3443031379,0.1411415724,0.0976095941,0.3547004964,-0.1414864992,-0.2886245343,0.2233400109,0.4309825335,0.4777632615,0.3371679538,0.1574471322,-0.2617963591,-0.04165008363,-0.1378530764,0.455192051,-2.838946207,-3.809560563,-0.02497785402,0.04889497351,3.658572709,3.191272133,-0.1328399368,-1.297654433,-0.9245676894,-1.706049775,-1.082453145,-3.86332617,1.547538087,-1.237173431,1.749923211,0.5238918087,2.189180006,-4.263664933,15.76542175,19.95250337,1.382197509,-0.4915774352,-39.89272585,-38.75727204,1.070454717
1.29,-0.1805092638,-0.3209556409,0.5073270018,0.02134918198,0.05148781157,0.2786259646,-0.01097818407,0.004875625905,0.03528188588,-0.02842538717,0.3067669045,0.248472173,0.1354574883,0.2896282502,0.3447686484,0.175821564,0.1277093348,0.3534303513,-0.1539233196,-0.2977522297,0.2042339359,0.4190383322,0.4364179088,0.3534713802,0.1439583152,-0.2435136027,-0.03184826907,-0.1157341889,0.4147481944,-2.682389622,-3.589885145,-0.01018737205,0.04424365284,3.280367886,2.835488287,-0.1206245685,-1.193979392,-0.9012770262,-2.080236123,-1.232755663,-4.366316919,1.69267376,-1.422891309,1.851867931,1.45916056,2.198007564,-3.876758147,15.47888259,23.935225,1.578185114,-0.4415379099,-35.85574926,-32.5396727,1.34116911
1.3,-0.1821061876,-0.3239774002,0.5092622535,0.02547926495,0.05563026191,0.2822453935,-0.009609824332,0.002531538374,0.03505392866,-0.02947565832,0.310726505,0.2224054934,0.1008050468,0.2896061491,0.3451899249,0.2069126566,0.1545498878,0.3522934322,-0.1654484781,-0.3066510644,0.1822481837,0.4069594001,0.3911568545,0.3706259016,0.1295365564,-0.2251989695,-0.01161195289,-0.09430314554,0.3771641793,-2.530428216,-3.332187674,0.005992586681,0.04003628372,2.940511801,2.53899735,-0.1063632676,-1.116917349,-0.8786916587,-2.290434498,-1.174425548,-4.645402178,1.717230887,-1.445302791,1.807039002,2.615155002,2.081430721,-3.65357993,14.88072382,27.4361013,1.617426699,-0.4013874051,-32.21744887,-26.93374754,1.493801136
#Exudyn explicit time integration (ExplicitEuler) solver solution file
#simulation started=2026-01-27,10:20:04
#columns contain: time, ODE2 displacements, ODE2 velocities, ODE2 accelerations
#number of system coordinates [nODE2, nODE1, nAlgebraic, nData] = [18,0,0,0]
#number of written coordinates [nODE2, nVel2, nAcc2, nODE1, nVel1, nAlgebraic, nData] = [18,18,18,0,0,0,0]
#total columns exported  (excl. time) = 54
#number of time steps (planned) = 200
#Exudyn version = 1.10.0; Python3.11.11; Windows AVX2 FLOAT64
#
#solution information = DogEnv
1.3,-0.1821061876,-0.3239774002,0.5092622535,0.02547926495,0.05563026191,0.2822453935,-0.009609824332,0.002531538374,0.03505392866,-0.02947565832,0.310726505,0.2224054934,0.1008050468,0.2896061491,0.3451899249,0.2069126566,0.1545498878,0.3522934322,-0.1654484781,-0.3066510644,0.1822481837,0.4069594001,0.3911568545,0.3706259016,0.1295365564,-0.2251989695,-0.01161195289,-0.09430314554,0.3771641793,-2.530428216,-3.332187674,0.005992586681,0.04003628372,2.940511801,2.53899735,-0.1063632676,-1.116917349,-0.8786916587,-2.290434498,-1.174425548,-4.645402178,1.717230887,-1.445302791,1.807039002,2.615155002,2.081430721,-3.65357993,14.88072382,27.4361013,1.617426699,-0.4013874051,-32.21744887,-26.93374754,1.493801136
1.31,-0.1837563073,-0.3270687272,0.5109227253,0.02960804404,0.05914083826,0.2860143762,-0.008432913736,0.0003680361666,0.03487238591,-0.03024557046,0.3145222751,0.1998285999,0.07265822854,0.2901282349,0.3455728999,0.2322620668,0.1773413375,0.3513203928,-0.166805119,-0.3123877359,0.1489070831,0.4173556036,0.317658546,0.3825008901,0.1083747489,-0.2097084984,0.00571159846,-0.06578443643,0.3607638382,-2.161591625,-2.52446352,0.07916147115,0.03662038146,2.372921376,2.180863375,-0.088079112,-0.4913352138,-0.6805711963,-3.378666632,0.09910211747,-5.994448608,0.965478027,-1.234596007,1.696125036,9.846786777,1.428227227,-4.676760226,14.84105441,44.94609963,2.394675132,-0.3957773367,-25.20833321,-13.35503942,2.395043841
1.32,-0.1854506944,-0.3302255038,0.5122497544,0.03376256816,0.06203280637,0.289877704,-0.007411372158,-0.001627599531,0.03547475593,-0.03083270828,0.3179104559,0.1789372523,0.04951658936,0.2909930477,0.3459202088,0.2547900609,0.1985163897,0.3505652764,-0.1722933117,-0.3189260861,0.1167595261,0.4119090206,0.2612994945,0.3892335207,0.09528902131,-0.1880125325,0.1191105248,-0.05098596247,0.3176781478,-2.016708981,-2.109233295,0.09145313697,0.0328841944,2.134631473,2.055169091,-0.06275971521,-0.5946376524,-0.6188978696,-3.034265218,-0.8887930512,-5.300686455,0.3699322634,-1.483183894,2.431686979,12.07306348,1.63931479,-3.965541508,13.98156551,38.94768418,0.691883746,-0.3502445498,-22.59793061,-11.94265722,2.433436986
#Exudyn explicit time integration (ExplicitEuler) solver solution file
#simulation started=2026-01-27,10:20:04
#columns contain: time, ODE2 displacements, ODE2 velocities, ODE2 accelerations
#number of system coordinates [nODE2, nODE1, nAlgebraic, nData] = [18,0,0,0]
#number of written coordinates [nODE2, nVel2, nAcc2, nODE1, nVel1, nAlgebraic, nData] = [18,18,18,0,0,0,0]
#total columns exported  (excl. time) = 54
#number of time steps (planned) = 200
#Exudyn version = 1.10.0; Python3.11.11; Windows AVX2 FLOAT64
#
#solution information = DogEnv
1.32,-0.1854506944,-0.3302255038,0.5122497544,0.03376256816,0.06203280637,0.289877704,-0.007411372158,-0.001627599531,0.03547475593,-0.03083270828,0.3179104559,0.1789372523,0.04951658936,0.2909930477,0.3459202088,0.2547900609,0.1985163897,0.3505652764,-0.1722933117,-0.3189260861,0.1167595261,0.4119090206,0.2612994945,0.3892335207,0.09528902131,-0.1880125325,0.1191105248,-0.05098596247,0.3176781478,-2.016708981,-2.109233295,0.09145313697,0.0328841944,2.134631473,2.055169091,-0.06275971521,-0.5946376524,-0.6188978696,-3.034265218,-0.8887930512,-5.300686455,0.3699322634,-1.483183894,2.431686979,12.07306348,1.63931479,-3.965541508,13.98156551,38.94768418,0.691883746,-0.3502445498,-22.59793061,-11.94265722,2.433436986
1.33,-0.1870262059,-0.333385291,0.5131832722,0.03792883124,0.06394287103,0.2937356729,-0.00655461077,-0.003173014293,0.03726977071,-0.0309012478,0.3208098595,0.1674917705,0.04103072402,0.2925155948,0.3462487791,0.2643716492,0.2095436971,0.3502748246,-0.1495530084,-0.3147266725,0.06987383929,0.409444913,0.143678017,0.3806763437,0.07938687848,-0.1262414474,0.2760152012,0.02963699788,0.2360855054,-0.9793159223,-0.5591724423,0.1944890495,0.03051223216,0.810247407,0.9485612334,-0.01617904442,1.3381135,0.2646722367,-4.195519691,-3.909524022,-7.07115864,-1.241005795,-0.5317027637,5.41849944,20.45820706,5.871521236,-8.986055837,12.33524063,5.145944427,4.507895809,-0.5205412556,-5.221942524,-4.246303117,2.133788175
1.34,-0.1884524458,-0.3365145972,0.5136992025,0.041779261,0.0650861159,0.2974756739,-0.005796422727,-0.004155662145,0.04071203011,-0.03033314094,0.3228294811,0.1582784212,0.03567033397,0.2946198922,0.3465321392,0.2722349433,0.2188440373,0.3502110935,-0.1352649022,-0.3107086932,0.03519524294,0.3582664605,0.08930052607,0.3667924868,0.07047866283,-0.06987716958,0.3932015567,0.0824792674,0.1748214602,-0.8656022829,-0.510606761,0.2229097745,0.02642736526,0.7625678825,0.9087238588,0.002572162338,1.507099395,0.5018413597,-2.849964229,-5.223000948,-4.100209264,-1.493485485,-1.405757682,5.388415218,7.118587175,4.568512369,-4.276254737,10.31933597,5.336755654,1.97071039,-0.3324660108,-4.720510939,-4.778973506,1.58217451
#Exudyn explicit time integration (ExplicitEuler) solver solution file
#simulation started=2026-01-27,10:20:04
#columns contain: time, ODE2 displacements, ODE2 velocities, ODE2 accelerations
#number of system coordinates [nODE2, nODE1, nAlgebraic, nData] = [18,0,0,0]
#number of written coordinates [nODE2, nVel2, nAcc2, nODE1, nVel1, nAlgebraic, nData] = [18,18,18,0,0,0,0]
#total columns exported  (excl. time) = 54
#number of time steps (planned) = 200
#Exudyn version = 1.10.0; Python3.11.11; Windows AVX2 FLOAT64
#
#solution information = DogEnv
1.34,-0.1884524458,-0.3365145972,0.5136992025,0.041779261,0.0650861159,0.2974756739,-0.005796422727,-0.004155662145,0.04071203011,-0.03033314094,0.3228294811,0.1582784212,0.03567033397,0.2946198922,0.3465321392,0.2722349433,0.2188440373,0.3502110935,-0.1352649022,-0.3107086932,0.03519524294,0.3582664605,0.08930052607,0.3667924868,0.07047866283,-0.06987716958,0.3932015567,0.0824792674,0.1748214602,-0.8656022829,-0.510606761,0.2229097745,0.02642736526,0.7625678825,0.9087238588,0.002572162338,1.507099395,0.5018413597,-2.849964229,-5.223000948,-4.100209264,-1.493485485,-1.405757682,5.388415218,7.118587175,4.568512369,-4.276254737,10.31933597,5.336755654,1.97071039,-0.3324660108,-4.720510939,-4.778973506,1.58217451
1.35,-0.1895440017,-0.3395243335,0.513843286,0.04449175182,0.06538462851,0.301102993,-0.004788328104,-0.003903008247,0.04565582417,-0.02857616767,0.3238924285,0.1631880745,0.04021784912,0.2968714627,0.3467984824,0.2678912054,0.2138591401,0.3505022962,-0.09268610557,-0.2917940663,-0.0155070168,0.1175770505,0.003307326619,0.3675218263,0.1482355757,0.09742069496,0.6009977503,0.2709715671,0.01837610491,1.35947316,0.5861977683,0.2138310149,0.02323550566,-0.1892159366,-0.5711436749,0.04362782385,2.007829347,2.003387114,-8.137386097,-45.17383473,-1.087465716,3.32309026,13.39574594,-11.99297051,24.40451702,20.06531892,-15.54182791,212.2738471,8.855850431,-7.205786438,-0.709594525,87.25110284,12.84665472,4.713034707
1.36,-0.1904369557,-0.3423431489,0.5131769806,0.04328014865,0.06527391498,0.3050042777,-0.002953031814,-0.005844857483,0.04840398613,-0.02465044718,0.3237192513,0.1845193093,0.05272418755,0.2985666162,0.3470071325,0.2670909142,0.2130867211,0.3512567093,-0.09048518257,-0.2750786084,-0.1201357311,-0.2826024912,-0.05639898434,0.4075671285,0.1406445773,-0.2820488405,-0.5849937553,0.4899262633,0.00636762021,1.98063269,2.42804828,0.1507352719,0.02082193683,-0.5223987463,0.341365829,0.1121408264,-0.1573180586,0.006553927321,-7.397926221,9.176248896,-16.74742418,-0.2053287102,-34.18231705,164.8759779,-182.6407467,-5.759349751,17.00724546,-333.6822011,184.4859108,10.98852874,0.6182178132,-211.8595444,-39.14871816,5.936707173
#Exudyn explicit time integration (ExplicitEuler) solver solution file
#simulation started=2026-01-27,10:20:04
#columns contain: time, ODE2 displacements, ODE2 velocities, ODE2 accelerations
#number of system coordinates [nODE2, nODE1, nAlgebraic, nData] = [18,0,0,0]
#number of written coordinates [nODE2, nVel2, nAcc2, nODE1, nVel1, nAlgebraic, nData] = [18,18,18,0,0,0,0]
#total columns exported  (excl. time) = 54
#number of time steps (planned) = 200
#Exudyn version = 1.10.0; Python3.11.11; Windows AVX2 FLOAT64
#
#solution information = DogEnv
1.36,-0.1904369557,-0.3423431489,0.5131769806,0.04328014865,0.06527391498,0.3050042777,-0.002953031814,-0.005844857483,0.04840398613,-0.02465044718,0.3237192513,0.1845193093,0.05272418755,0.2985666162,0.3470071325,0.2670909142,0.2130867211,0.3512567093,-0.09048518257,-0.2750786084,-0.1201357311,-0.2826024912,-0.05639898434,0.4075671285,0.1406445773,-0.2820488405,-0.5849937553,0.4899262633,0.00636762021,1.98063269,2.42804828,0.1507352719,0.02082193683,-0.5223987463,0.341365829,0.1121408264,-0.1573180586,0.006553927321,-7.397926221,9.176248896,-16.74742418,-0.2053287102,-34.18231705,164.8759779,-182.6407467,-5.759349751,17.00724546,-333.6822011,184.4859108,10.98852874,0.6182178132,-211.8595444,-39.14871816,5.936707173
1.37,-0.191130097,-0.3450705425,0.5121099059,0.04283155704,0.06402067672,0.3089063597,-0.003208655657,-0.003696725787,0.0513314681,-0.02142142559,0.3236874121,0.1930979438,0.06985670406,0.3008933942,0.3472417518,0.2513979844,0.1988295202,0.3524660046,-0.04318265718,-0.2645248742,-0.08841870782,0.06370047767,-0.1585022832,0.3742903378,-0.03888093177,0.2082130085,0.7811790325,0.2532498341,-0.05373529187,0.7555990754,0.9518127976,0.2771019738,0.02035869179,-1.39389627,-1.314969133,0.09106062416,5.336061293,2.192670069,2.724249977,4.726013148,-2.040530359,-2.610875346,7.606379867,-3.432044233,-6.639112429,-3.544971315,-9.859587172,16.55444827,0.3784486867,0.7592815616,-0.5435744,8.281624722,23.61783287,-5.433169691
1.38,-0.1913162373,-0.3476088102,0.5113164089,0.04354931574,0.06243093201,0.3125262953,-0.003355954691,-0.001690678588,0.05888998426,-0.01900468296,0.3228152497,0.2011637026,0.07948106947,0.3036001324,0.3474235109,0.2380053275,0.1864984802,0.3532387709,0.005000298703,-0.243016649,-0.07356837378,0.07363075052,-0.1528597123,0.3495394406,-0.002448159301,0.1960247308,0.732059213,0.2316189423,-0.1074657787,0.8381795857,0.9714632232,0.2630877447,0.01644208566,-1.275924012,-1.161707231,0.07234590958,4.44958334,2.122678518,0.6080830606,0.02525473031,2.092538258,-2.48551382,0.7120621516,-0.8610036022,-4.806374172,-1.922647231,-1.862844275,3.619903537,1.126480876,-0.8379391518,-0.2627660892,13.29293836,13.10388958,0.2614365006
#Exudyn explicit time integration (ExplicitEuler) solver solution file
#simulation started=2026-01-27,10:20:04
#columns contain: time, ODE2 displacements, ODE2 velocities, ODE2 accelerations
#number of system coordinates [nODE2, nODE1, nAlgebraic, nData] = [18,0,0,0]
#number of written coordinates [nODE2, nVel2, nAcc2, nODE1, nVel1, nAlgebraic, nData] = [18,18,18,0,0,0,0]
#total columns exported  (excl. time) = 54
#number of time steps (planned) = 200
#Exudyn version = 1.10.0; Python3.11.11; Windows AVX2 FLOAT64
#
#solution information = DogEnv
1.38,-0.1913162373,-0.3476088102,0.5113164089,0.04354931574,0.06243093201,0.3125262953,-0.003355954691,-0.001690678588,0.05888998426,-0.01900468296,0.3228152497,0.2011637026,0.07948106947,0.3036001324,0.3474235109,0.2380053275,0.1864984802,0.3532387709,0.005000298703,-0.243016649,-0.07356837378,0.07363075052,-0.1528597123,0.3495394406,-0.002448159301,0.1960247308,0.732059213,0.2316189423,-0.1074657787,0.8381795857,0.9714632232,0.2630877447,0.01644208566,-1.275924012,-1.161707231,0.07234590958,4.44958334,2.122678518,0.6080830606,0.02525473031,2.092538258,-2.48551382,0.7120621516,-0.8610036022,-4.806374172,-1.922647231,-1.862844275,3.619903537,1.126480876,-0.8379391518,-0.2627660892,13.29293836,13.10388958,0.2614365006
1.39,-0.1910569948,-0.3499398655,0.510635433,0.04436679476,0.06107076542,0.3158910541,-0.003408839814,0.0001857072431,0.06590936771,-0.01679104431,0.3208572494,0.2108736569,0.09076046665,0.3057839228,0.3475942305,0.2215278757,0.1712033565,0.3543420454,0.04585771314,-0.2232835866,-0.06476658385,0.08777486124,-0.1185607343,0.3231871699,-0.005741672814,0.1780784192,0.6693562334,0.2124924737,-0.2328804887,0.9863091255,1.136940634,0.2130855548,0.01450554395,-1.586758677,-1.478119453,0.1193816715,3.801093557,1.923163501,0.2664783282,1.264576206,3.533709869,-2.661632162,-0.1292192923,-1.931441852,-6.497261483,-1.912879066,-1.37384658,-0.9926526582,-1.882565691,1.348047546,-0.2883588715,16.33675313,15.21032738,0.9868228646
1.4,-0.1904160825,-0.352078723,0.5099876374,0.04531151624,0.0600624495,0.318990637,-0.003470447382,0.001870666384,0.07228163441,-0.01475684964,0.3185488507,0.2206640682,0.1020233513,0.308014048,0.3477288756,0.206461196,0.1571641716,0.3556025314,0.08215774971,-0.2044231663,-0.06589134883,0.1016080156,-0.08268273012,0.2964485732,-0.006286718408,0.1588461493,0.6046566409,0.1946459829,-0.223712972,0.9698265722,1.114452012,0.2357084517,0.01263731661,-1.426107596,-1.329488348,0.1342732726,3.481962964,1.849377285,-0.395723786,1.447089957,3.573711711,-2.672679844,0.03711052365,-1.860739203,-6.379094444,-1.641481104,1.941138316,-2.085471877,-2.473043512,2.903523439,-0.1361003523,15.68135877,14.46972828,1.839030124
#Exudyn explicit time integration (ExplicitEuler) solver solution file
#simulation started=2026-01-27,10:20:04
#columns contain: time, ODE2 displacements, ODE2 velocities, ODE2 accelerations
#number of system coordinates [nODE2, nODE1, nAlgebraic, nData] = [18,0,0,0]
#number of written coordinates [nODE2, nVel2, nAcc2, nODE1, nVel1, nAlgebraic, nData] = [18,18,18,0,0,0,0]
#total columns exported  (excl. time) = 54
#number of time steps (planned) = 200
#Exudyn version = 1.10.0; Python3.11.11; Windows AVX2 FLOAT64
#
#solution information = DogEnv
1.4,-0.1904160825,-0.352078723,0.5099876374,0.04531151624,0.0600624495,0.318990637,-0.003470447382,0.001870666384,0.07228163441,-0.01475684964,0.3185488507,0.2206640682,0.1020233513,0.308014048,0.3477288756,0.206461196,0.1571641716,0.3556025314,0.08215774971,-0.2044231663,-0.06589134883,0.1016080156,-0.08268273012,0.2964485732,-0.006286718408,0.1588461493,0.6046566409,0.1946459829,-0.223712972,0.9698265722,1.114452012,0.2357084517,0.01263731661,-1.426107596,-1.329488348,0.1342732726,3.481962964,1.849377285,-0.395723786,1.447089957,3.573711711,-2.672679844,0.03711052365,-1.860739203,-6.379094444,-1.641481104,1.941138316,-2.085471877,-2.473043512,2.903523439,-0.1361003523,15.68135877,14.46972828,1.839030124
1.41,-0.1894299675,-0.354039699,0.5093574043,0.04650541827,0.05948839835,0.3218140896,-0.003584488707,0.003321951731,0.07794738248,-0.0129425787,0.3154552243,0.2323058667,0.1154587159,0.3100589829,0.3478679533,0.1859985422,0.1376889187,0.3574289198,0.1136970799,-0.1881159093,-0.06166837426,0.1328429021,-0.0336729071,0.2681651185,-0.0106201749,0.1304780273,0.5252486936,0.170994889,-0.3410127361,1.16486153,1.342289253,0.2105010768,0.01146610668,-1.980720086,-1.893568201,0.1953001447,2.878650358,1.551107346,-0.01739291915,2.358173041,4.280202783,-2.819636075,0.3898244051,-2.50379171,-7.712607508,-2.002494618,0.1880230604,-5.396653532,-5.579504327,2.914583486,-0.2511086171,19.90052182,18.71407334,1.225374013
1.42,-0.1881545449,-0.355845326,0.5087301936,0.04793839121,0.05934801799,0.3243566057,-0.003668966263,0.004519571358,0.08283955383,-0.01132230139,0.3121429427,0.243690675,0.128607491,0.3123157895,0.3479742016,0.1671612998,0.1196663124,0.3594477447,0.1412827814,-0.1729811287,-0.06459356898,0.1527560837,0.004537732339,0.2401428679,-0.006128053307,0.1104185105,0.4545340238,0.1538441607,-0.3165691588,1.112096714,1.287293406,0.2416008545,0.009999579241,-1.786597901,-1.710717072,0.2089536797,2.650531642,1.477712851,-0.4985858509,1.645062697,3.407651699,-2.77214605,0.4580895904,-1.558629514,-6.479232504,-1.435811387,3.326416496,-5.095964343,-5.361972406,3.191604137,-0.09816116427,18.84125494,17.78115045,1.437689037
#Exudyn explicit time integration (ExplicitEuler) solver solution file
#simulation started=2026-01-27,10:20:04
#columns contain: time, ODE2 displacements, ODE2 velocities, ODE2 accelerations
#number of system coordinates [nODE2, nODE1, nAlgebraic, nData] = [18,0,0,0]
#number of written coordinates [nODE2, nVel2, nAcc2, nODE1, nVel1, nAlgebraic, nData] = [18,18,18,0,0,0,0]
#total columns exported  (excl. time) = 54
#number of time steps (planned) = 200
#Exudyn version = 1.10.0; Python3.11.11; Windows AVX2 FLOAT64
#
#solution information = DogEnv
1.42,-0.1881545449,-0.355845326,0.5087301936,0.04793839121,0.05934801799,0.3243566057,-0.003668966263,0.004519571358,0.08283955383,-0.01132230139,0.3121429427,0.243690675,0.128607491,0.3123157895,0.3479742016,0.1671612998,0.1196663124,0.3594477447,0.1412827814,-0.1729811287,-0.06459356898,0.1527560837,0.004537732339,0.2401428679,-0.006128053307,0.1104185105,0.4545340238,0.1538441607,-0.3165691588,1.112096714,1.287293406,0.2416008545,0.009999579241,-1.786597901,-1.710717072,0.2089536797,2.650531642,1.477712851,-0.4985858509,1.645062697,3.407651699,-2.77214605,0.4580895904,-1.558629514,-6.479232504,-1.435811387,3.326416496,-5.095964343,-5.361972406,3.191604137,-0.09816116427,18.84125494,17.78115045,1.437689037
1.43,-0.1866206916,-0.3575106266,0.5081007958,0.04962420779,0.05963927323,0.3266154859,-0.00375803637,0.005504986231,0.08702165824,-0.00991208177,0.3081595492,0.2569007494,0.1437710525,0.3144419456,0.3480887505,0.1428118373,0.0960629381,0.3620247194,0.1640247292,-0.1605013537,-0.06254566439,0.1808160477,0.0510296869,0.2114899607,-0.007239512833,0.08711232266,0.3777762478,0.1313231873,-0.424750763,1.307583844,1.501677092,0.2192922002,0.009146579174,-2.356358445,-2.289960376,0.2682026676,2.023269263,1.167215199,-0.1522241019,2.062887013,3.690786059,-2.85840965,0.5432122076,-1.765015771,-7.306911603,-1.6211371,1.349137639,-8.491828673,-8.57208045,2.707233832,-0.220504372,23.31767771,22.41677806,0.660680773
1.44,-0.1848832249,-0.3590588414,0.5074601361,0.05151722386,0.06030945954,0.3285901917,-0.003801389687,0.006309542584,0.09046811256,-0.008663752343,0.3040641274,0.2695735062,0.1583747929,0.3167681148,0.3481732817,0.1203806547,0.07425419276,0.3647397754,0.1833786732,-0.1491227567,-0.06624726658,0.1963118825,0.08132044954,0.183344615,-0.001383324169,0.0755538301,0.3136632279,0.1196588114,-0.38977717,1.227888986,1.419421217,0.246031957,0.007969650033,-2.130048417,-2.071796112,0.2748428,1.853980111,1.110580904,-0.5321278103,1.090679679,2.482245325,-2.757582701,0.5504559672,-0.6404989039,-5.629440523,-0.7630544232,4.248646753,-7.467563821,-7.873481239,2.610762675,-0.07227575814,21.88172299,21.13075685,0.6405587142
#Exudyn explicit time integration (ExplicitEuler) solver solution file
#simulation started=2026-01-27,10:20:04
#columns contain: time, ODE2 displacements, ODE2 velocities, ODE2 accelerations
#number of system coordinates [nODE2, nODE1, nAlgebraic, nData] = [18,0,0,0]
#number of written coordinates [nODE2, nVel2, nAcc2, nODE1, nVel1, nAlgebraic, nData] = [18,18,18,0,0,0,0]
#total columns exported  (excl. time) = 54
#number of time steps (planned) = 200
#Exudyn version = 1.10.0; Python3.11.11; Windows AVX2 FLOAT64
#
#solution information = DogEnv
1.44,-0.1848832249,-0.3590588414,0.5074601361,0.05151722386,0.06030945954,0.3285901917,-0.003801389687,0.006309542584,0.09046811256,-0.008663752343,0.3040641274,0.2695735062,0.1583747929,0.3167681148,0.3481732817,0.1203806547,0.07425419276,0.3647397754,0.1833786732,-0.1491227567,-0.06624726658,0.1963118825,0.08132044954,0.183344615,-0.001383324169,0.0755538301,0.3136632279,0.1196588114,-0.38977717,1.227888986,1.419421217,0.246031957,0.007969650033,-2.130048417,-2.071796112,0.2748428,1.853980111,1.110580904,-0.5321278103,1.090679679,2.482245325,-2.757582701,0.5504559672,-0.6404989039,-5.629440523,-0.7630544232,4.248646753,-7.467563821,-7.873481239,2.610762675,-0.07227575814,21.88172299,21.13075685,0.6405587142
1.45,-0.1829662837,-0.3605010258,0.5067930175,0.05357542995,0.06129807962,0.3302856423,-0.003822851443,0.0070060773,0.09330640512,-0.007543912066,0.299771863,0.2833074814,0.1740735807,0.3190943343,0.3482610789,0.09460416895,0.04903623701,0.3677823181,0.1988467643,-0.1396555997,-0.06799831871,0.2128476821,0.1139939385,0.1557133611,-0.0002671926936,0.06480600674,0.2509680757,0.1069357378,-0.435092969,1.346132522,1.540228517,0.2396981415,0.007318418788,-2.481600521,-2.430031388,0.3099134446,1.357822795,0.8839079832,-0.388188576,1.091284083,2.414895936,-2.713244933,0.502235674,-0.554407404,-5.760447106,-0.6668643403,2.869057641,-9.713433583,-10.11435901,2.147786191,-0.1437207661,24.75239265,24.16056978,0.1835053691
1.46,-0.1809125074,-0.3618544332,0.5060895993,0.0557437433,0.06253742893,0.3317108257,-0.003800573673,0.007642396655,0.0955591106,-0.006493621115,0.2956104539,0.2963099279,0.188992244,0.3215954702,0.3483295994,0.07098487865,0.02590518987,0.3708879568,0.2118507823,-0.1309973087,-0.07306997053,0.2195834065,0.1323639587,0.1293202522,0.004612270154,0.06380891447,0.2015824812,0.1043325365,-0.3947432286,1.255563152,1.444197186,0.2605032587,0.006510868253,-2.242873449,-2.196717612,0.3109844851,1.245872739,0.8492494899,-0.5918430562,0.3155362558,1.383096073,-2.559368971,0.4186409926,0.2653395723,-4.250539066,0.07597959174,4.334915563,-8.450247333,-9.123726967,2.011273342,-0.05400470573,22.96716531,22.45744863,0.03694208003
#Exudyn explicit time integration (ExplicitEuler) solver solution file
#simulation started=2026-01-27,10:20:04
#columns contain: time, ODE2 displacements, ODE2 velocities, ODE2 accelerations
#number of system coordinates [nODE2, nODE1, nAlgebraic, nData] = [18,0,0,0]
#number of written coordinates [nODE2, nVel2, nAcc2, nODE1, nVel1, nAlgebraic, nData] = [18,18,18,0,0,0,0]
#total columns exported  (excl. time) = 54
#number of time steps (planned) = 200
#Exudyn version = 1.10.0; Python3.11.11; Windows AVX2 FLOAT64
#
#solution information = DogEnv
1.46,-0.1809125074,-0.3618544332,0.5060895993,0.0557437433,0.06253742893,0.3317108257,-0.003800573673,0.007642396655,0.0955591106,-0.006493621115,0.2956104539,0.2963099279,0.188992244,0.3215954702,0.3483295994,0.07098487865,0.02590518987,0.3708879568,0.2118507823,-0.1309973087,-0.07306997053,0.2195834065,0.1323639587,0.1293202522,0.004612270154,0.06380891447,0.2015824812,0.1043325365,-0.3947432286,1.255563152,1.444197186,0.2605032587,0.006510868253,-2.242873449,-2.196717612,0.3109844851,1.245872739,0.8492494899,-0.5918430562,0.3155362558,1.383096073,-2.559368971,0.4186409926,0.2653395723,-4.250539066,0.07597959174,4.334915563,-8.450247333,-9.123726967,2.011273342,-0.05400470573,22.96716531,22.45744863,0.03694208003
1.47,-0.1787267687,-0.3631206866,0.5053366532,0.0579372464,0.06390478217,0.3328829546,-0.003731152531,0.008316657323,0.09740738875,-0.005428562421,0.2925702536,0.3094199503,0.203975721,0.3251440084,0.3464523801,0.04687522003,0.002241828995,0.3721624762,0.2239568282,-0.1226445979,-0.07786548144,0.219558652,0.1429179394,0.1049787707,0.007524310022,0.0693983568,0.1639528407,0.1076866509,-0.2599835922,1.276075471,1.459859811,0.369986732,-0.1801543372,-2.304496952,-2.262124654,0.1222259545,0.9876671395,0.7624567758,-0.550885924,0.05526148853,1.142314673,-2.353982478,0.1113971757,0.3941355598,-3.829652214,0.2376278046,4.972684775,-9.038542813,-9.794795561,0.7479753673,1.898273917,23.50136076,23.06087067,1.732694035
1.48,-0.1764399489,-0.3643099258,0.5045296896,0.06013173962,0.06538189959,0.3338194039,-0.003648793741,0.009033931994,0.09887196727,-0.004335713624,0.2901602169,0.3217513909,0.2181056145,0.3288814157,0.3447398233,0.02496021379,-0.01927017203,0.3734664046,0.2333571219,-0.1151750563,-0.08365285031,0.2189114041,0.1518054347,0.08238383297,0.009004517953,0.07449364898,0.1299828119,0.1113380871,-0.2251847314,1.191137776,1.366779372,0.3776099539,-0.1625867606,-2.07955047,-2.041278313,0.138262324,0.8999077159,0.734069193,-0.5927050658,-0.1885646467,0.6721081479,-2.173617664,0.142337292,0.6180437197,-3.017629886,0.4822231506,2.690587134,-7.979196131,-8.844746993,0.769256533,1.647720315,21.52481752,21.13664431,1.467453392
#Exudyn explicit time integration (ExplicitEuler) solver solution file
#simulation started=2026-01-27,10:20:04
#columns contain: time, ODE2 displacements, ODE2 velocities, ODE2 accelerations
#number of system coordinates [nODE2, nODE1, nAlgebraic, nData] = [18,0,0,0]
#number of written coordinates [nODE2, nVel2, nAcc2, nODE1, nVel1, nAlgebraic, nData] = [18,18,18,0,0,0,0]
#total columns exported  (excl. time) = 54
#number of time steps (planned) = 200
#Exudyn version = 1.10.0; Python3.11.11; Windows AVX2 FLOAT64
#
#solution information = DogEnv
1.48,-0.1764399489,-0.3643099258,0.5045296896,0.06013173962,0.06538189959,0.3338194039,-0.003648793741,0.009033931994,0.09887196727,-0.004335713624,0.2901602169,0.3217513909,0.2181056145,0.3288814157,0.3447398233,0.02496021379,-0.01927017203,0.3734664046,0.2333571219,-0.1151750563,-0.08365285031,0.2189114041,0.1518054347,0.08238383297,0.009004517953,0.07449364898,0.1299828119,0.1113380871,-0.2251847314,1.191137776,1.366779372,0.3776099539,-0.1625867606,-2.07955047,-2.041278313,0.138262324,0.8999077159,0.734069193,-0.5927050658,-0.1885646467,0.6721081479,-2.173617664,0.142337292,0.6180437197,-3.017629886,0.4822231506,2.690587134,-7.979196131,-8.844746993,0.769256533,1.647720315,21.52481752,21.13664431,1.467453392
1.49,-0.1741127499,-0.3654541739,0.5037071637,0.06257526167,0.06729131085,0.3345408342,-0.003696569038,0.009545417797,0.09988311205,-0.003497441476,0.2924618677,0.3307060137,0.228540404,0.3343109442,0.3440400613,0.006617658479,-0.03736932568,0.3735936292,0.2320238608,-0.1140368473,-0.07995764585,0.2679171272,0.2271495643,0.06357532089,-0.004989173202,0.02672434344,0.05874513629,0.06126353697,0.4402769197,0.8163283825,0.944614774,0.5514587354,-0.0569098882,-1.720277557,-1.698050258,0.01112896118,-0.1753209259,0.004497576253,0.5727353132,3.810478742,5.858360743,-1.312384526,1.556169444,-3.980261699,-7.424577375,-3.58697457,14.1514405,-9.993705432,-12.93853927,-3.647113937,1.267665763,15.06660741,14.86771702,4.320310694
1.5,-0.1718004407,-0.3665958151,0.5029370551,0.06540813218,0.06978965486,0.3351202428,-0.003669081184,0.009660242937,0.1001674871,-0.003025085275,0.297151607,0.3384006996,0.2374026683,0.3396629043,0.3435164921,-0.009855414017,-0.05362036836,0.3738799282,0.2305063774,-0.1144053812,-0.07404799692,0.2959220499,0.2675892044,0.05279078498,0.009639299326,-0.0001290952607,0.003105859021,0.03638032429,0.4736942417,0.7241949846,0.8317409101,0.5206933409,-0.04876492878,-1.574294834,-1.551502864,0.04306994545,-0.1291934722,-0.06509136741,0.5565306783,1.989942036,2.641816779,-0.9373618232,1.084300457,-1.636191037,-4.08331336,-1.545965145,-1.840189445,-8.489814012,-9.914695522,-2.476152261,0.5856247631,14.1831079,14.36970354,2.307483733
#Exudyn explicit time integration (ExplicitEuler) solver solution file
#simulation started=2026-01-27,10:20:04
#columns contain: time, ODE2 displacements, ODE2 velocities, ODE2 accelerations
#number of system coordinates [nODE2, nODE1, nAlgebraic, nData] = [18,0,0,0]
#number of written coordinates [nODE2, nVel2, nAcc2, nODE1, nVel1, nAlgebraic, nData] = [18,18,18,0,0,0,0]
#total columns exported  (excl. time) = 54
#number of time steps (planned) = 200
#Exudyn version = 1.10.0; Python3.11.11; Windows AVX2 FLOAT64
#
#solution information = DogEnv
1.5,-0.1718004407,-0.3665958151,0.5029370551,0.06540813218,0.06978965486,0.3351202428,-0.003669081184,0.009660242937,0.1001674871,-0.003025085275,0.297151607,0.3384006996,0.2374026683,0.3396629043,0.3435164921,-0.009855414017,-0.05362036836,0.3738799282,0.2305063774,-0.1144053812,-0.07404799692,0.2959220499,0.2675892044,0.05279078498,0.009639299326,-0.0001290952607,0.003105859021,0.03638032429,0.4736942417,0.7241949846,0.8317409101,0.5206933409,-0.04876492878,-1.574294834,-1.551502864,0.04306994545,-0.1291934722,-0.06509136741,0.5565306783,1.989942036,2.641816779,-0.9373618232,1.084300457,-1.636191037,-4.08331336,-1.545965145,-1.840189445,-8.489814012,-9.914695522,-2.476152261,0.5856247631,14.1831079,14.36970354,2.307483733
1.51,-0.1697088668,-0.3678368237,0.5023736601,0.0685104219,0.0733332464,0.3356542318,-0.00361841964,0.009256936317,0.09989080956,-0.003019024274,0.3008552564,0.3406445954,0.2390633833,0.3436607402,0.3440305799,-0.021446682,-0.06576977441,0.3754280858,0.1920557512,-0.1326178129,-0.03824582175,0.3285049846,0.412611683,0.05423804005,0.008520240617,-0.07285180633,-0.07512480041,-0.02966709174,0.3474196342,0.1329685077,-0.0434813435,0.3287130729,0.04965981761,-0.6510353561,-1.152086066,0.1709131446,-3.852772943,-1.918057084,3.998831254,9.160505356,7.654805509,1.426563499,-1.191198509,-24.0920888,-10.61952346,-12.05313489,-1.374407204,181.0904946,-26.09198046,-10.33938629,5.286550569,8481.416778,-19.56323827,4.641416315
1.52,-0.1679305129,-0.3692426587,0.5021618293,0.07191800154,0.07773245355,0.3362232406,-0.00344172467,0.008373856598,0.09879895961,-0.003468284722,0.304351487,0.3412019857,0.2371149193,0.3465291665,0.3445048231,-0.03206522601,-0.07749757765,0.3770848198,0.1641411817,-0.1486447331,-0.004144583687,0.3505017947,0.4598519687,0.06065525194,0.02560062188,-0.1004568044,-0.1373683365,-0.05565497584,0.3488202083,-0.009435416982,-0.3459737261,0.2520680311,0.04559275855,-0.8591312593,-1.184634995,0.1555457669,-2.919354271,-1.708012647,3.460664264,4.056480579,2.80926277,1.37807322,-0.07409555312,-11.2267362,-5.594066323,-4.675481019,-1.756156594,72.07103411,-27.05656484,-5.67056351,2.1920211,3776.672116,-5.38764192,-0.7000952903
#Exudyn explicit time integration (ExplicitEuler) solver solution file
#simulation started=2026-01-27,10:20:04
#columns contain: time, ODE2 displacements, ODE2 velocities, ODE2 accelerations
#number of system coordinates [nODE2, nODE1, nAlgebraic, nData] = [18,0,0,0]
#number of written coordinates [nODE2, nVel2, nAcc2, nODE1, nVel1, nAlgebraic, nData] = [18,18,18,0,0,0,0]
#total columns exported  (excl. time) = 54
#number of time steps (planned) = 200
#Exudyn version = 1.10.0; Python3.11.11; Windows AVX2 FLOAT64
#
#solution information = DogEnv
1.52,-0.1679305129,-0.3692426587,0.5021618293,0.07191800154,0.07773245355,0.3362232406,-0.00344172467,0.008373856598,0.09879895961,-0.003468284722,0.304351487,0.3412019857,0.2371149193,0.3465291665,0.3445048231,-0.03206522601,-0.07749757765,0.3770848198,0.1641411817,-0.1486447331,-0.004144583687,0.3505017947,0.4598519687,0.06065525194,0.02560062188,-0.1004568044,-0.1373683365,-0.05565497584,0.3488202083,-0.009435416982,-0.3459737261,0.2520680311,0.04559275855,-0.8591312593,-1.184634995,0.1555457669,-2.919354271,-1.708012647,3.460664264,4.056480579,2.80926277,1.37807322,-0.07409555312,-11.2267362,-5.594066323,-4.675481019,-1.756156594,72.07103411,-27.05656484,-5.67056351,2.1920211,3776.672116,-5.38764192,-0.7000952903
1.53,-0.1665692236,-0.3708823113,0.502437551,0.0751953205,0.08302608341,0.336970375,-0.00304012414,0.00730627939,0.09760505784,-0.004078428514,0.3070103847,0.3350612168,0.2227809801,0.347946406,0.3449356962,-0.03460155969,-0.08447642905,0.378589289,0.1139566687,-0.1773408939,0.06010352773,0.3147066763,0.5777172254,0.09006907663,0.04487018604,-0.114867339,-0.1342397026,-0.06718273607,0.2508603472,-0.7181766275,-1.904095978,0.06606729108,0.04050068533,0.4184349551,-0.7647469471,0.130044443,-5.093712474,-2.959704256,6.922371338,7.326351164,6.969828019,4.764132704,-3.829979307,-18.65763363,-9.4925033,-12.19002852,-1.736205809,279.0219798,-63.57770362,-11.21065843,8.214517226,12729.8005,-37.8436897,1.538493797
1.54,-0.1656103175,-0.3727752288,0.503325069,0.07836213684,0.08907369315,0.3380389511,-0.002603295754,0.006009862433,0.09594256934,-0.004855610798,0.3095929768,0.3270962008,0.20089334,0.3481771132,0.3453211289,-0.03713148969,-0.09327972303,0.3796121786,0.07832365928,-0.201264127,0.1156703091,0.3233093298,0.6260037859,0.1250278101,0.04264544588,-0.1481259831,-0.2005187437,-0.09042168493,0.2638222704,-0.8472155579,-2.45155716,-0.01190608178,0.03737081686,0.2297911869,-0.9896879502,0.07454831058,-4.287102874,-2.70609907,5.387687255,8.031008758,3.131218604,5.037323585,-2.676074208,-20.67554524,-9.557071578,-10.77709763,-2.00745501,226.546491,-47.06723464,-5.785552536,6.705827161,10338.8354,-28.5113305,-0.1292715998
#Exudyn explicit time integration (ExplicitEuler) solver solution file
#simulation started=2026-01-27,10:20:04
#columns contain: time, ODE2 displacements, ODE2 velocities, ODE2 accelerations
#number of system coordinates [nODE2, nODE1, nAlgebraic, nData] = [18,0,0,0]
#number of written coordinates [nODE2, nVel2, nAcc2, nODE1, nVel1, nAlgebraic, nData] = [18,18,18,0,0,0,0]
#total columns exported  (excl. time) = 54
#number of time steps (planned) = 200
#Exudyn version = 1.10.0; Python3.11.11; Windows AVX2 FLOAT64
#
#solution information = DogEnv
1.54,-0.1656103175,-0.3727752288,0.503325069,0.07836213684,0.08907369315,0.3380389511,-0.002603295754,0.006009862433,0.09594256934,-0.004855610798,0.3095929768,0.3270962008,0.20089334,0.3481771132,0.3453211289,-0.03713148969,-0.09327972303,0.3796121786,0.07832365928,-0.201264127,0.1156703091,0.3233093298,0.6260037859,0.1250278101,0.04264544588,-0.1481259831,-0.2005187437,-0.09042168493,0.2638222704,-0.8472155579,-2.45155716,-0.01190608178,0.03737081686,0.2297911869,-0.9896879502,0.07454831058,-4.287102874,-2.70609907,5.387687255,8.031008758,3.131218604,5.037323585,-2.676074208,-20.67554524,-9.557071578,-10.77709763,-2.00745501,226.546491,-47.06723464,-5.785552536,6.705827161,10338.8354,-28.5113305,-0.1292715998
1.55,-0.1649734409,-0.3748969279,0.5046672507,0.08190273577,0.09527866355,0.3394357894,-0.002247639522,0.004244658894,0.093325367,-0.00595777323,0.3124398173,0.3116643699,0.1717019944,0.3480498617,0.3456781301,-0.02294865906,-0.08446998131,0.3800770097,0.05178111579,-0.2222094776,0.1492230868,0.371593408,0.6146576814,0.1550740686,0.03794866074,-0.189827469,-0.27577398,-0.1180516346,0.290657996,-1.625900371,-3.038222907,-0.01154539213,0.03408804145,0.963204336,0.8157650921,0.01986702779,-1.450154215,-1.644720516,1.889375662,-2.9621481,-0.9174293285,1.915887757,2.789221563,25.5556274,-1.122370145,6.547153722,1.072525453,-214.1933787,-13.54660349,-0.3600939612,-6.643683266,-9196.152971,-17.63226728,-8.372443438
1.56,-0.1645691056,-0.3772157531,0.5062566629,0.08574570708,0.1013716874,0.3411439299,-0.001856432064,0.002230915916,0.09037454722,-0.007189457097,0.3152622825,0.2954330711,0.1407535368,0.347905023,0.3460064924,-0.009712123934,-0.07751465418,0.3801084683,0.02918481695,-0.2416681491,0.1667487478,0.395749358,0.6024423818,0.1871242148,0.04011869092,-0.2092406049,-0.314593807,-0.1265681555,0.2735232154,-1.636207611,-3.143677044,-0.01698953339,0.03107949355,0.9724416758,0.5803424798,-0.01159443278,-1.684665057,-1.752782406,0.8732372613,-1.162204318,-1.708423099,2.648275368,1.572378732,16.55666308,-2.179306547,3.988524608,-0.3475227991,-119.5445032,-7.882435777,-0.239550921,-3.893175581,-5146.327888,-17.05114277,-4.792350079
#Exudyn explicit time integration (ExplicitEuler) solver solution file
#simulation started=2026-01-27,10:20:04
#columns contain: time, ODE2 displacements, ODE2 velocities, ODE2 accelerations
#number of system coordinates [nODE2, nODE1, nAlgebraic, nData] = [18,0,0,0]
#number of written coordinates [nODE2, nVel2, nAcc2, nODE1, nVel1, nAlgebraic, nData] = [18,18,18,0,0,0,0]
#total columns exported  (excl. time) = 54
#number of time steps (planned) = 200
#Exudyn version = 1.10.0; Python3.11.11; Windows AVX2 FLOAT64
#
#solution information = DogEnv
1.56,-0.1645691056,-0.3772157531,0.5062566629,0.08574570708,0.1013716874,0.3411439299,-0.001856432064,0.002230915916,0.09037454722,-0.007189457097,0.3152622825,0.2954330711,0.1407535368,0.347905023,0.3460064924,-0.009712123934,-0.07751465418,0.3801084683,0.02918481695,-0.2416681491,0.1667487478,0.395749358,0.6024423818,0.1871242148,0.04011869092,-0.2092406049,-0.314593807,-0.1265681555,0.2735232154,-1.636207611,-3.143677044,-0.01698953339,0.03107949355,0.9724416758,0.5803424798,-0.01159443278,-1.684665057,-1.752782406,0.8732372613,-1.162204318,-1.708423099,2.648275368,1.572378732,16.55666308,-2.179306547,3.988524608,-0.3475227991,-119.5445032,-7.882435777,-0.239550921,-3.893175581,-5146.327888,-17.05114277,-4.792350079
1.57,-0.1643722831,-0.3797205155,0.5079243108,0.08995801952,0.1070929615,0.3431404592,-0.001500700974,8.318941605e-05,0.08667857436,-0.008487162953,0.3181404399,0.2710735047,0.1060860184,0.3479526001,0.3463060574,0.02334867357,-0.04796017684,0.3798529431,0.01351280506,-0.2581688952,0.1639110826,0.4347099994,0.5435963978,0.2117135455,0.03665623042,-0.2135522068,-0.3503999008,-0.1224550089,0.2882737442,-2.47357441,-3.410416976,0.02733756228,0.02883705326,3.258517866,2.861383538,-0.03783518449,-1.243623757,-1.48851145,-0.9820260347,1.472331736,-4.753434907,2.357812512,0.1694379572,1.109401528,3.289354298,1.785590046,-2.740815418,10.72551131,21.41164642,2.840433536,-0.2804029892,-35.58853462,-32.65687881,-1.113552903
1.58,-0.1643001858,-0.382375194,0.5095020387,0.09434201466,0.112308296,0.3453760164,-0.001127210027,-0.001979988912,0.08332230892,-0.00961120224,0.3208730825,0.2468935711,0.07305893003,0.3483288928,0.3465799892,0.05422448605,-0.02090371242,0.3794527437,0.0007270104554,-0.2728363774,0.1504753262,0.439360128,0.4997997233,0.2358278484,0.03769567365,-0.1975489419,-0.3201018015,-0.1010838133,0.2581688669,-2.35942965,-3.19060665,0.04576670404,0.02594361029,2.918703701,2.55390097,-0.03995276575,-1.281763209,-1.442858673,-1.609348795,-0.2214086282,-4.233742831,2.466095788,-0.03265226916,1.937360751,3.377585587,2.40820848,-2.812910403,11.84771237,22.78825102,1.330904194,-0.2755063682,-32.34697937,-28.53352963,0.328812648
#Exudyn explicit time integration (ExplicitEuler) solver solution file
#simulation started=2026-01-27,10:20:04
#columns contain: time, ODE2 displacements, ODE2 velocities, ODE2 accelerations
#number of system coordinates [nODE2, nODE1, nAlgebraic, nData] = [18,0,0,0]
#number of written coordinates [nODE2, nVel2, nAcc2, nODE1, nVel1, nAlgebraic, nData] = [18,18,18,0,0,0,0]
#total columns exported  (excl. time) = 54
#number of time steps (planned) = 200
#Exudyn version = 1.10.0; Python3.11.11; Windows AVX2 FLOAT64
#
#solution information = DogEnv
1.58,-0.1643001858,-0.382375194,0.5095020387,0.09434201466,0.112308296,0.3453760164,-0.001127210027,-0.001979988912,0.08332230892,-0.00961120224,0.3208730825,0.2468935711,0.07305893003,0.3483288928,0.3465799892,0.05422448605,-0.02090371242,0.3794527437,0.0007270104554,-0.2728363774,0.1504753262,0.439360128,0.4997997233,0.2358278484,0.03769567365,-0.1975489419,-0.3201018015,-0.1010838133,0.2581688669,-2.35942965,-3.19060665,0.04576670404,0.02594361029,2.918703701,2.55390097,-0.03995276575,-1.281763209,-1.442858673,-1.609348795,-0.2214086282,-4.233742831,2.466095788,-0.03265226916,1.937360751,3.377585587,2.40820848,-2.812910403,11.84771237,22.78825102,1.330904194,-0.2755063682,-32.34697937,-28.53352963,0.328812648
1.59,-0.1643531351,-0.3851680404,0.5108850548,0.09870966354,0.1169693622,0.3478489805,-0.00074175363,-0.003736727637,0.07998056655,-0.01044230334,0.3234534983,0.2191403853,0.04021122539,0.3489495095,0.3468267391,0.09447933654,0.01749002309,0.3790602358,-0.0092581767,-0.2849708876,0.1249612898,0.4307738355,0.4335248995,0.2584050762,0.03735606482,-0.1581556669,-0.2899893156,-0.06271346476,0.2520003223,-2.741908272,-3.152641025,0.07984867403,0.0236257288,3.890267441,3.699769822,-0.03749524367,-0.7843929361,-1.081614987,-2.762487977,-1.272837638,-5.779729916,2.11334203,-0.7177215504,3.39508635,9.21835978,3.637293835,-2.691615054,17.4552358,33.86350966,2.723936299,-0.2327216983,-41.11249401,-34.56978414,1.087516876
1.6,-0.1644857256,-0.3880700333,0.5119958849,0.1029506286,0.121036392,0.3505349374,-0.0004042127214,-0.005158410947,0.07754404168,-0.01089935055,0.325831267,0.1925853307,0.01037694029,0.3498600331,0.3470511875,0.1314159235,0.05284364379,0.3787570607,-0.01741919436,-0.2954073413,0.09685950936,0.4171015079,0.3807405205,0.2786926902,0.03006176595,-0.1266158014,-0.1945854149,-0.02914889603,0.2233683624,-2.567839604,-2.81068726,0.100841388,0.02125717661,3.499895646,3.374789112,-0.02181468517,-0.8338166774,-1.006504122,-2.807398986,-1.376511701,-4.91480039,1.932423509,-0.74648616,2.929895765,10.16948085,3.137057749,-2.742929698,17.18256418,34.089449,1.701722191,-0.2275316436,-37.07165307,-30.38406122,1.833403943
#Exudyn explicit time integration (ExplicitEuler) solver solution file
#simulation started=2026-01-27,10:20:05
#columns contain: time, ODE2 displacements, ODE2 velocities, ODE2 accelerations
#number of system coordinates [nODE2, nODE1, nAlgebraic, nData] = [18,0,0,0]
#number of written coordinates [nODE2, nVel2, nAcc2, nODE1, nVel1, nAlgebraic, nData] = [18,18,18,0,0,0,0]
#total columns exported  (excl. time) = 54
#number of time steps (planned) = 200
#Exudyn version = 1.10.0; Python3.11.11; Windows AVX2 FLOAT64
#
#solution information = DogEnv
1.6,-0.1644857256,-0.3880700333,0.5119958849,0.1029506286,0.121036392,0.3505349374,-0.0004042127214,-0.005158410947,0.07754404168,-0.01089935055,0.325831267,0.1925853307,0.01037694029,0.3498600331,0.3470511875,0.1314159235,0.05284364379,0.3787570607,-0.01741919436,-0.2954073413,0.09685950936,0.4171015079,0.3807405205,0.2786926902,0.03006176595,-0.1266158014,-0.1945854149,-0.02914889603,0.2233683624,-2.567839604,-2.81068726,0.100841388,0.02125717661,3.499895646,3.374789112,-0.02181468517,-0.8338166774,-1.006504122,-2.807398986,-1.376511701,-4.91480039,1.932423509,-0.74648616,2.929895765,10.16948085,3.137057749,-2.742929698,17.18256418,34.089449,1.701722191,-0.2275316436,-37.07165307,-30.38406122,1.833403943
1.61,-0.1647014331,-0.3910726604,0.5128275572,0.1070580053,0.124609827,0.3534130443,-0.0001422430459,-0.006287944973,0.07612596012,-0.01104299389,0.3279360202,0.1677418597,-0.01605547506,0.3509450164,0.3472529582,0.1646408582,0.08515483395,0.3786328208,-0.02582521259,-0.3050872431,0.06946194285,0.4048516596,0.3343769415,0.2966025124,0.02208387652,-0.09989825059,-0.08563500712,-6.902636243e-05,0.1979556819,-2.400994174,-2.4740642,0.1156330341,0.01911943936,3.147441604,3.091036937,-0.002645759707,-0.8455628765,-0.9299027814,-2.653099894,-1.023583215,-4.375066124,1.630198849,-0.8444711131,2.407847701,11.54506207,2.670316876,-2.366366345,16.10824247,33.10867727,1.292598565,-0.2012759411,-33.54264041,-26.52771207,1.957264086
1.62,-0.1650016707,-0.3941682536,0.5133946041,0.1110644344,0.1277455525,0.356453175,3.594429894e-05,-0.007176663125,0.07585745505,-0.01091990031,0.3298032233,0.1445064606,-0.0391843396,0.3521598657,0.3474345523,0.1945074632,0.1148068481,0.3787030659,-0.03431967644,-0.3139878792,0.04409373618,0.3972470882,0.2932007808,0.3108635864,0.01342125793,-0.07850120313,0.03447738598,0.02409262187,0.1757113694,-2.246912972,-2.15155586,0.1269155544,0.01721469022,2.827746452,2.842035512,0.01682588531,-0.8530355661,-0.8503635516,-2.41417098,-0.4936031462,-3.868547964,1.209849544,-0.8724612838,1.887283748,12.35171814,2.169769028,-2.095349927,14.69229333,31.27247921,0.9711508981,-0.1805776753,-30.50010734,-23.42608062,1.920643622
#Exudyn explicit time integration (ExplicitEuler) solver solution file
#simulation started=2026-01-27,10:20:05
#columns contain: time, ODE2 displacements, ODE2 velocities, ODE2 accelerations
#number of system coordinates [nODE2, nODE1, nAlgebraic, nData] = [18,0,0,0]
#number of written coordinates [nODE2, nVel2, nAcc2, nODE1, nVel1, nAlgebraic, nData] = [18,18,18,0,0,0,0]
#total columns exported  (excl. time) = 54
#number of time steps (planned) = 200
#Exudyn version = 1.10.0; Python3.11.11; Windows AVX2 FLOAT64
#
#solution information = DogEnv
1.62,-0.1650016707,-0.3941682536,0.5133946041,0.1110644344,0.1277455525,0.356453175,3.594429894e-05,-0.007176663125,0.07585745505,-0.01091990031,0.3298032233,0.1445064606,-0.0391843396,0.3521598657,0.3474345523,0.1945074632,0.1148068481,0.3787030659,-0.03431967644,-0.3139878792,0.04409373618,0.3972470882,0.2932007808,0.3108635864,0.01342125793,-0.07850120313,0.03447738598,0.02409262187,0.1757113694,-2.246912972,-2.15155586,0.1269155544,0.01721469022,2.827746452,2.842035512,0.01682588531,-0.8530355661,-0.8503635516,-2.41417098,-0.4936031462,-3.868547964,1.209849544,-0.8724612838,1.887283748,12.35171814,2.169769028,-2.095349927,14.69229333,31.27247921,0.9711508981,-0.1805776753,-30.50010734,-23.42608062,1.920643622
1.63,-0.1652500705,-0.3972853348,0.5136585646,0.1149537778,0.1300900649,0.3595861087,0.0001812669511,-0.007547069837,0.07715686351,-0.01035754457,0.3313909921,0.1279335888,-0.05170322162,0.3537123436,0.3476107425,0.2155073331,0.1378193144,0.3790359001,-0.01985299369,-0.3107114219,0.008792440089,0.3782773607,0.192900345,0.3137443745,0.008418724377,-0.01008905506,0.2261472747,0.08285017571,0.1237656217,-1.51842207,-1.022874574,0.1816434926,0.01630050574,1.9316595,2.116891502,0.03928483612,0.7857524209,0.1752467806,-3.258168103,-2.553845334,-6.377840852,-0.1797673495,-1.293588752,4.190689383,16.31137031,4.782515498,-5.877849041,15.36641939,12.31399369,4.087602897,-0.2998480914,-17.79953397,-17.82615404,1.192317639
1.64,-0.1654099971,-0.4003824354,0.5135991863,0.1185941827,0.1317550111,0.3627099833,0.0002160069699,-0.007448968606,0.08004924602,-0.009302751027,0.3323990689,0.1134981395,-0.06138413818,0.3556908929,0.3477610904,0.2339787119,0.1581499621,0.3794933416,-0.01203855926,-0.3085749505,-0.01957743144,0.3487198177,0.1440174309,0.3106479522,-0.0006886641618,0.02912776075,0.3399869292,0.127283723,0.08214804389,-1.369119611,-0.9154993756,0.2112098241,0.01391784878,1.763838187,1.949679514,0.05252966246,0.791137634,0.2435052274,-2.437403544,-3.039565809,-3.688383717,-0.4029648765,-0.7400697694,3.590588721,7.989494657,4.012932292,-2.96904699,14.21653946,9.926445629,2.153590384,-0.1942246446,-16.01563207,-16.20672994,1.339502753
#Exudyn explicit time integration (ExplicitEuler) solver solution file
#simulation started=2026-01-27,10:20:05
#columns contain: time, ODE2 displacements, ODE2 velocities, ODE2 accelerations
#number of system coordinates [nODE2, nODE1, nAlgebraic, nData] = [18,0,0,0]
#number of written coordinates [nODE2, nVel2, nAcc2, nODE1, nVel1, nAlgebraic, nData] = [18,18,18,0,0,0,0]
#total columns exported  (excl. time) = 54
#number of time steps (planned) = 200
#Exudyn version = 1.10.0; Python3.11.11; Windows AVX2 FLOAT64
#
#solution information = DogEnv
1.64,-0.1654099971,-0.4003824354,0.5135991863,0.1185941827,0.1317550111,0.3627099833,0.0002160069699,-0.007448968606,0.08004924602,-0.009302751027,0.3323990689,0.1134981395,-0.06138413818,0.3556908929,0.3477610904,0.2339787119,0.1581499621,0.3794933416,-0.01203855926,-0.3085749505,-0.01957743144,0.3487198177,0.1440174309,0.3106479522,-0.0006886641618,0.02912776075,0.3399869292,0.127283723,0.08214804389,-1.369119611,-0.9154993756,0.2112098241,0.01391784878,1.763838187,1.949679514,0.05252966246,0.791137634,0.2435052274,-2.437403544,-3.039565809,-3.688383717,-0.4029648765,-0.7400697694,3.590588721,7.989494657,4.012932292,-2.96904699,14.21653946,9.926445629,2.153590384,-0.1942246446,-16.01563207,-16.20672994,1.339502753
1.65,-0.165308343,-0.4033704141,0.5132440089,0.1214139373,0.1325206657,0.3658350686,0.0004646178878,-0.006485729886,0.08457994535,-0.007327572719,0.3319750681,0.1122336106,-0.06038015986,0.3575104714,0.3479248043,0.237998773,0.1631531008,0.3805370876,0.02505734602,-0.2904114711,-0.05325846132,0.2103486516,0.03359019945,0.3157098528,0.02651540261,0.137467637,0.5308164743,0.2557493021,-0.1316169048,0.1728470695,0.240723787,0.1914656366,0.0130413138,0.2423177056,0.361673798,0.1091507333,2.644264121,1.609918111,-3.186698352,-8.433372418,-5.939624944,-0.1169670174,-5.731593875,5.555789247,10.14913654,6.092025369,-7.637454504,-10.93538215,1.599497063,4.315946501,-0.4136299397,-16.55784899,-0.9354570996,-0.1116324145
1.66,-0.1649198643,-0.4061961513,0.5125845369,0.1233210014,0.132619831,0.3689490423,0.0004606304024,-0.004848451054,0.0902295757,-0.004616638941,0.3304863854,0.1133978444,-0.05793043911,0.3596471809,0.348041805,0.2403857533,0.1668037947,0.381631862,0.05331730916,-0.2746410491,-0.07676916688,0.178510455,-0.008793699857,0.3055025126,-0.01777716523,0.1827772884,0.589342239,0.281115995,-0.1573824771,0.101278668,0.250867705,0.2341476597,0.01069508154,0.2497773588,0.3727634971,0.1109335137,2.888920584,1.558970775,-1.84033778,-1.976477845,-2.664020357,-1.273417411,-1.691395338,2.605269152,3.311290649,1.491050398,-0.9397864421,2.349308051,1.874850641,3.52761256,-0.1660024764,1.136469674,1.53700578,0.5047918814
#Exudyn explicit time integration (ExplicitEuler) solver solution file
#simulation started=2026-01-27,10:20:05
#columns contain: time, ODE2 displacements, ODE2 velocities, ODE2 accelerations
#number of system coordinates [nODE2, nODE1, nAlgebraic, nData] = [18,0,0,0]
#number of written coordinates [nODE2, nVel2, nAcc2, nODE1, nVel1, nAlgebraic, nData] = [18,18,18,0,0,0,0]
#total columns exported  (excl. time) = 54
#number of time steps (planned) = 200
#Exudyn version = 1.10.0; Python3.11.11; Windows AVX2 FLOAT64
#
#solution information = DogEnv
1.66,-0.1649198643,-0.4061961513,0.5125845369,0.1233210014,0.132619831,0.3689490423,0.0004606304024,-0.004848451054,0.0902295757,-0.004616638941,0.3304863854,0.1133978444,-0.05793043911,0.3596471809,0.348041805,0.2403857533,0.1668037947,0.381631862,0.05331730916,-0.2746410491,-0.07676916688,0.178510455,-0.008793699857,0.3055025126,-0.01777716523,0.1827772884,0.589342239,0.281115995,-0.1573824771,0.101278668,0.250867705,0.2341476597,0.01069508154,0.2497773588,0.3727634971,0.1109335137,2.888920584,1.558970775,-1.84033778,-1.976477845,-2.664020357,-1.273417411,-1.691395338,2.605269152,3.311290649,1.491050398,-0.9397864421,2.349308051,1.874850641,3.52761256,-0.1660024764,1.136469674,1.53700578,0.5047918814
1.67,-0.1641512457,-0.4087946906,0.5116259195,0.1234660372,0.1320978396,0.3721594513,0.001133016669,-0.006540461828,0.09727981143,-0.0005723801038,0.3275598381,0.1334043105,-0.04718877932,0.361404416,0.3481594384,0.2359452112,0.1569811032,0.3832675566,0.08686204212,-0.2450744456,-0.1334748237,-0.3045852041,-0.08226970709,0.3605386343,0.1754554707,-1.060458475,0.7382161443,0.6262698319,-0.3997813853,3.580080424,1.491058302,0.1377659295,0.007311431143,-0.2612767902,-0.6949402983,0.1837309981,0.4422765702,2.170759597,-8.435687415,-59.62821318,-6.40119022,5.57440907,-3.304704522,-97.46284281,-61.17437189,42.46324207,-4.236807725,34.85956405,176.0372972,-3.380307441,-0.2778755721,-141.4631859,89.59989542,1.575983069
1.68,-0.1632238694,-0.4111882392,0.5100619192,0.1200762786,0.1311015278,0.3756353555,0.00135156478,-0.009654365148,0.1028931022,0.005932009725,0.3238992473,0.1584272917,-0.02834539474,0.3630911839,0.3482434548,0.226824859,0.1495085577,0.3851832013,0.1058924571,-0.2340658692,-0.1582523552,-0.1211127824,-0.09893906033,0.3079360024,-0.1860257772,0.4814241392,0.6928294418,0.4844387771,-0.3034102132,0.8773907673,1.541760926,0.2487004911,0.009830244005,-1.11079316,-1.225765303,0.199460509,4.575299095,1.6179346,3.107254745,63.31291251,0.05129940375,-9.073176629,-19.84309028,-44.06952324,95.82738346,-45.12056415,12.78528138,-111.0640583,-254.5853662,17.54714117,-0.1819168346,229.702978,-169.7446421,-0.4614596774
#Exudyn explicit time integration (ExplicitEuler) solver solution file
#simulation started=2026-01-27,10:20:05
#columns contain: time, ODE2 displacements, ODE2 velocities, ODE2 accelerations
#number of system coordinates [nODE2, nODE1, nAlgebraic, nData] = [18,0,0,0]
#number of written coordinates [nODE2, nVel2, nAcc2, nODE1, nVel1, nAlgebraic, nData] = [18,18,18,0,0,0,0]
#total columns exported  (excl. time) = 54
#number of time steps (planned) = 200
#Exudyn version = 1.10.0; Python3.11.11; Windows AVX2 FLOAT64
#
#solution information = DogEnv
1.68,-0.1632238694,-0.4111882392,0.5100619192,0.1200762786,0.1311015278,0.3756353555,0.00135156478,-0.009654365148,0.1028931022,0.005932009725,0.3238992473,0.1584272917,-0.02834539474,0.3630911839,0.3482434548,0.226824859,0.1495085577,0.3851832013,0.1058924571,-0.2340658692,-0.1582523552,-0.1211127824,-0.09893906033,0.3079360024,-0.1860257772,0.4814241392,0.6928294418,0.4844387771,-0.3034102132,0.8773907673,1.541760926,0.2487004911,0.009830244005,-1.11079316,-1.225765303,0.199460509,4.575299095,1.6179346,3.107254745,63.31291251,0.05129940375,-9.073176629,-19.84309028,-44.06952324,95.82738346,-45.12056415,12.78528138,-111.0640583,-254.5853662,17.54714117,-0.1819168346,229.702978,-169.7446421,-0.4614596774
1.69,-0.1619290504,-0.4134321451,0.508598338,0.1202011951,0.1300801647,0.3784753054,-5.732635798e-05,-0.005923527239,0.1103150165,0.00983629891,0.3203325364,0.1682677767,-0.01677656885,0.3656544679,0.3483452591,0.2156719745,0.1378673676,0.3873944615,0.1520691729,-0.2140606599,-0.139141337,0.0564582728,-0.1029455606,0.2714352751,-0.07089713805,0.3257306014,0.7132345664,0.3522358027,-0.3936065276,1.085726329,1.108853701,0.2661747918,0.007695569962,-1.05499799,-1.017545249,0.2156279293,4.115450986,2.073541394,0.6999273429,0.8656885956,1.039655408,-1.663671285,8.990831476,-4.250163968,-3.26021214,-2.709807059,-3.576395937,11.99806564,0.7335281805,1.362748627,-0.3408147793,12.74763173,14.83525731,-1.237611758
1.7,-0.1602159935,-0.4154691803,0.5072214402,0.1207705186,0.1291513402,0.3811037055,-0.0005432619816,-0.002838715047,0.1172791722,0.01325737589,0.3163558979,0.1794495335,-0.00566730141,0.368407932,0.3484106262,0.2057532855,0.1283541028,0.3895260135,0.1900448162,-0.1931027609,-0.1377013665,0.05774166287,-0.07878486742,0.253426754,-0.03974519623,0.2927988461,0.676639054,0.3326438879,-0.3919793897,1.131120765,1.11099636,0.2874085154,0.005741996407,-0.92851435,-0.8882425242,0.2137305284,3.57456056,2.096541551,-0.2157965908,0.5857320319,3.360529304,-1.998950643,0.2496725621,-2.927193742,-4.534281252,-1.925819791,2.422151655,-0.2220636165,-0.3732134301,2.875687968,-0.1045641435,12.26322478,11.91883755,0.6070028405
#Exudyn explicit time integration (ExplicitEuler) solver solution file
#simulation started=2026-01-27,10:20:05
#columns contain: time, ODE2 displacements, ODE2 velocities, ODE2 accelerations
#number of system coordinates [nODE2, nODE1, nAlgebraic, nData] = [18,0,0,0]
#number of written coordinates [nODE2, nVel2, nAcc2, nODE1, nVel1, nAlgebraic, nData] = [18,18,18,0,0,0,0]
#total columns exported  (excl. time) = 54
#number of time steps (planned) = 200
#Exudyn version = 1.10.0; Python3.11.11; Windows AVX2 FLOAT64
#
#solution information = DogEnv
1.7,-0.1602159935,-0.4154691803,0.5072214402,0.1207705186,0.1291513402,0.3811037055,-0.0005432619816,-0.002838715047,0.1172791722,0.01325737589,0.3163558979,0.1794495335,-0.00566730141,0.368407932,0.3484106262,0.2057532855,0.1283541028,0.3895260135,0.1900448162,-0.1931027609,-0.1377013665,0.05774166287,-0.07878486742,0.253426754,-0.03974519623,0.2927988461,0.676639054,0.3326438879,-0.3919793897,1.131120765,1.11099636,0.2874085154,0.005741996407,-0.92851435,-0.8882425242,0.2137305284,3.57456056,2.096541551,-0.2157965908,0.5857320319,3.360529304,-1.998950643,0.2496725621,-2.927193742,-4.534281252,-1.925819791,2.422151655,-0.2220636165,-0.3732134301,2.875687968,-0.1045641435,12.26322478,11.91883755,0.6070028405
1.71,-0.1581400601,-0.4173141795,0.5059034149,0.1216995837,0.1286629792,0.3834919902,-0.001075598133,1.631242185e-05,0.1235676303,0.01629776819,0.3115657443,0.1926806492,0.008572073144,0.3710361309,0.3484851392,0.1878036003,0.111207553,0.392129916,0.2233145932,-0.1762722146,-0.1279894896,0.1138017445,-0.0195553178,0.2257520768,-0.04975717716,0.2584720758,0.5854946684,0.284866219,-0.5098792966,1.332524262,1.435292539,0.2695734004,0.005051756394,-1.737227084,-1.675584537,0.2677191289,2.969652355,1.623997784,0.3854498497,3.070460606,5.518248129,-2.529405034,1.155428363,-4.631847677,-7.788202394,-3.131934814,1.040984222,-4.938324898,-4.574008945,2.645958889,-0.2213089137,18.37352798,17.83768151,0.4144695146
1.72,-0.1557645227,-0.4189967426,0.5046305176,0.1229793511,0.1287314832,0.3856229013,-0.001528318563,0.002394262474,0.1290497062,0.01900710734,0.3066243556,0.2057369244,0.02269612121,0.3738759199,0.348529395,0.1713291949,0.09531601111,0.3948392112,0.251659995,-0.1601238206,-0.1275781406,0.1417260538,0.0328748522,0.2000680161,-0.0415108254,0.2185917708,0.5112926465,0.2580037949,-0.4723640363,1.276788971,1.388981923,0.299697006,0.004060281455,-1.557637257,-1.50287244,0.2751523122,2.718872043,1.598329996,-0.2189215218,2.612629329,4.968781919,-2.59296378,0.6506614837,-3.472952556,-7.098664938,-2.348241966,4.845008564,-5.859921685,-4.619682302,3.262745986,-0.04243475635,17.37390142,16.71191159,0.9790738086
#Exudyn explicit time integration (ExplicitEuler) solver solution file
#simulation started=2026-01-27,10:20:05
#columns contain: time, ODE2 displacements, ODE2 velocities, ODE2 accelerations
#number of system coordinates [nODE2, nODE1, nAlgebraic, nData] = [18,0,0,0]
#number of written coordinates [nODE2, nVel2, nAcc2, nODE1, nVel1, nAlgebraic, nData] = [18,18,18,0,0,0,0]
#total columns exported  (excl. time) = 54
#number of time steps (planned) = 200
#Exudyn version = 1.10.0; Python3.11.11; Windows AVX2 FLOAT64
#
#solution information = DogEnv
1.72,-0.1557645227,-0.4189967426,0.5046305176,0.1229793511,0.1287314832,0.3856229013,-0.001528318563,0.002394262474,0.1290497062,0.01900710734,0.3066243556,0.2057369244,0.02269612121,0.3738759199,0.348529395,0.1713291949,0.09531601111,0.3948392112,0.251659995,-0.1601238206,-0.1275781406,0.1417260538,0.0328748522,0.2000680161,-0.0415108254,0.2185917708,0.5112926465,0.2580037949,-0.4723640363,1.276788971,1.388981923,0.299697006,0.004060281455,-1.557637257,-1.50287244,0.2751523122,2.718872043,1.598329996,-0.2189215218,2.612629329,4.968781919,-2.59296378,0.6506614837,-3.472952556,-7.098664938,-2.348241966,4.845008564,-5.859921685,-4.619682302,3.262745986,-0.04243475635,17.37390142,16.71191159,0.9790738086
1.73,-0.1531193553,-0.4205334643,0.5033899208,0.1247069321,0.1294052127,0.3874702644,-0.002002018238,0.004429166514,0.1336722939,0.02136296618,0.3012148062,0.2205508483,0.039280547,0.3767588072,0.3483405435,0.1481428255,0.07283164565,0.3978533577,0.2756615198,-0.1476876499,-0.122145945,0.1946946035,0.09932354247,0.1702452919,-0.04282562189,0.1791771298,0.4147135687,0.2185261835,-0.559095041,1.465373532,1.649424849,0.2978061944,-0.02003088983,-2.243955476,-2.183492686,0.3094957164,2.114429981,1.176351922,0.1058794539,3.556017521,5.620421795,-2.834587345,1.219149456,-3.974736605,-8.511097732,-2.7987087,2.834084599,-9.90516431,-8.13202947,2.690676758,0.07106919877,22.67969592,22.32086147,0.7084218223
1.74,-0.1502608268,-0.4219523795,0.5021645921,0.1268099911,0.1306508776,0.3890331148,-0.002375463915,0.006052871854,0.137428763,0.0234305442,0.2958489232,0.2347270492,0.05538222799,0.3798730767,0.3481473587,0.126806497,0.05208074624,0.4009848439,0.2959852409,-0.1360212542,-0.1236922533,0.2244644717,0.1480119913,0.1421499565,-0.03228834756,0.1477475151,0.3385950337,0.1966145343,-0.5095054041,1.370475643,1.571162198,0.3255078517,-0.01840765873,-2.023470139,-1.966812072,0.3169442648,1.957591468,1.151879298,-0.3543283295,2.496231963,4.235049511,-2.773893419,0.9025434264,-2.45767271,-6.834418316,-1.683588377,5.661212798,-9.009483387,-7.514949086,2.806979005,0.1956579329,21.30836388,20.9629317,0.7498061068
#Exudyn explicit time integration (ExplicitEuler) solver solution file
#simulation started=2026-01-27,10:20:05
#columns contain: time, ODE2 displacements, ODE2 velocities, ODE2 accelerations
#number of system coordinates [nODE2, nODE1, nAlgebraic, nData] = [18,0,0,0]
#number of written coordinates [nODE2, nVel2, nAcc2, nODE1, nVel1, nAlgebraic, nData] = [18,18,18,0,0,0,0]
#total columns exported  (excl. time) = 54
#number of time steps (planned) = 200
#Exudyn version = 1.10.0; Python3.11.11; Windows AVX2 FLOAT64
#
#solution information = DogEnv
1.74,-0.1502608268,-0.4219523795,0.5021645921,0.1268099911,0.1306508776,0.3890331148,-0.002375463915,0.006052871854,0.137428763,0.0234305442,0.2958489232,0.2347270492,0.05538222799,0.3798730767,0.3481473587,0.126806497,0.05208074624,0.4009848439,0.2959852409,-0.1360212542,-0.1236922533,0.2244644717,0.1480119913,0.1421499565,-0.03228834756,0.1477475151,0.3385950337,0.1966145343,-0.5095054041,1.370475643,1.571162198,0.3255078517,-0.01840765873,-2.023470139,-1.966812072,0.3169442648,1.957591468,1.151879298,-0.3543283295,2.496231963,4.235049511,-2.773893419,0.9025434264,-2.45767271,-6.834418316,-1.683588377,5.661212798,-9.009483387,-7.514949086,2.806979005,0.1956579329,21.30836388,20.9629317,0.7498061068
1.75,-0.1472035622,-0.4232621671,0.5009481624,0.1291737057,0.1323161347,0.3903217098,-0.002658798493,0.007501106874,0.1404964793,0.02541479087,0.2907537104,0.2500596816,0.07307366497,0.3849352666,0.3421214677,0.1009399217,0.02686281664,0.3997144129,0.313133848,-0.126628073,-0.1207546089,0.2462738757,0.1851368502,0.1147668776,-0.02552450469,0.1344186103,0.2702845223,0.1916094422,-0.5086254075,1.500857438,1.746599296,0.523457042,-0.5823833891,-2.492288806,-2.429918501,-0.1342705308,1.362050312,0.8492636865,-0.04189732311,1.93653145,3.344368056,-2.847982238,0.4177471453,-1.857677417,-6.820520701,-1.232076936,3.684551824,-11.89379333,-9.818388868,-0.2465093433,5.770593084,25.11800315,25.21499246,4.281862706
1.76,-0.1440072145,-0.4244866038,0.4997313634,0.1317257829,0.1343173912,0.3913289673,-0.002890317421,0.008766052901,0.1428837529,0.02728076273,0.2858945024,0.2645009717,0.09006258182,0.3901658425,0.3365759946,0.07723215851,0.003780961377,0.3985813057,0.326043413,-0.11820729,-0.1232173599,0.2635253475,0.2139858889,0.08652137412,-0.02051682268,0.1196976186,0.2086884864,0.182585418,-0.4608300065,1.388582661,1.651237622,0.5233157856,-0.5269654893,-2.249878571,-2.18725503,-0.09233096478,1.22893563,0.830793185,-0.3995298849,1.48306281,2.489539296,-2.78197504,0.5378916946,-1.102523438,-5.547174423,-0.5873013368,5.053637954,-10.53850464,-9.224128121,0.156314321,5.294085855,23.3216322,23.29480136,4.054903253
#Exudyn explicit time integration (ExplicitEuler) solver solution file
#simulation started=2026-01-27,10:20:05
#columns contain: time, ODE2 displacements, ODE2 velocities, ODE2 accelerations
#number of system coordinates [nODE2, nODE1, nAlgebraic, nData] = [18,0,0,0]
#number of written coordinates [nODE2, nVel2, nAcc2, nODE1, nVel1, nAlgebraic, nData] = [18,18,18,0,0,0,0]
#total columns exported  (excl. time) = 54
#number of time steps (planned) = 200
#Exudyn version = 1.10.0; Python3.11.11; Windows AVX2 FLOAT64
#
#solution information = DogEnv
1.76,-0.1440072145,-0.4244866038,0.4997313634,0.1317257829,0.1343173912,0.3913289673,-0.002890317421,0.008766052901,0.1428837529,0.02728076273,0.2858945024,0.2645009717,0.09006258182,0.3901658425,0.3365759946,0.07723215851,0.003780961377,0.3985813057,0.326043413,-0.11820729,-0.1232173599,0.2635253475,0.2139858889,0.08652137412,-0.02051682268,0.1196976186,0.2086884864,0.182585418,-0.4608300065,1.388582661,1.651237622,0.5233157856,-0.5269654893,-2.249878571,-2.18725503,-0.09233096478,1.22893563,0.830793185,-0.3995298849,1.48306281,2.489539296,-2.78197504,0.5378916946,-1.102523438,-5.547174423,-0.5873013368,5.053637954,-10.53850464,-9.224128121,0.156314321,5.294085855,23.3216322,23.29480136,4.054903253
1.77,-0.1407307842,-0.4256607819,0.4985433525,0.1345366132,0.1367465184,0.3920693809,-0.003125510768,0.009918092495,0.1446163831,0.02899400369,0.2831402125,0.2768759734,0.1052806537,0.3979328893,0.32494798,0.05345599448,-0.01932779905,0.391916742,0.3282706509,-0.1170782789,-0.1146366715,0.2984222272,0.2689311543,0.06101999343,-0.02270916298,0.1006285453,0.1282448659,0.1568048273,-0.1914541067,1.156737319,1.448251257,0.7814378681,-1.112412204,-2.260110355,-2.192590746,-0.6626258246,0.07525645287,0.04105929672,0.6827646284,3.181681727,4.439352935,-2.473885527,0.7924655947,-2.772342183,-8.289686458,-2.473258406,8.262790185,-13.43522594,-12.49639477,-4.693301076,11.3786716,20.91660987,21.59051421,9.013897115
1.78,-0.1374450369,-0.426829976,0.4974243956,0.1376599318,0.1396214743,0.3925617477,-0.003306778829,0.01081226864,0.1455320942,0.03046378409,0.2815023474,0.2878120539,0.1191748367,0.4055290384,0.3143640165,0.03186575491,-0.04020993175,0.3857149098,0.3288352561,-0.1167904694,-0.1096865615,0.3246742008,0.3033347866,0.03762915281,-0.0133742893,0.08038111634,0.05829751695,0.1392964006,-0.1438066127,1.032507793,1.332213361,0.7386853897,-1.005372113,-2.058297185,-1.984307764,-0.5789950375,0.04385595578,0.02029247129,0.332948665,2.098176097,2.597469247,-2.224910116,0.8864202496,-1.356873736,-5.837115642,-1.092627562,2.948681319,-11.47317251,-10.81743518,-3.902597754,10.12393261,19.47827513,20.05615346,7.767608254
#Exudyn explicit time integration (ExplicitEuler) solver solution file
#simulation started=2026-01-27,10:20:05
#columns contain: time, ODE2 displacements, ODE2 velocities, ODE2 accelerations
#number of system coordinates [nODE2, nODE1, nAlgebraic, nData] = [18,0,0,0]
#number of written coordinates [nODE2, nVel2, nAcc2, nODE1, nVel1, nAlgebraic, nData] = [18,18,18,0,0,0,0]
#total columns exported  (excl. time) = 54
#number of time steps (planned) = 200
#Exudyn version = 1.10.0; Python3.11.11; Windows AVX2 FLOAT64
#
#solution information = DogEnv
1.78,-0.1374450369,-0.426829976,0.4974243956,0.1376599318,0.1396214743,0.3925617477,-0.003306778829,0.01081226864,0.1455320942,0.03046378409,0.2815023474,0.2878120539,0.1191748367,0.4055290384,0.3143640165,0.03186575491,-0.04020993175,0.3857149098,0.3288352561,-0.1167904694,-0.1096865615,0.3246742008,0.3033347866,0.03762915281,-0.0133742893,0.08038111634,0.05829751695,0.1392964006,-0.1438066127,1.032507793,1.332213361,0.7386853897,-1.005372113,-2.058297185,-1.984307764,-0.5789950375,0.04385595578,0.02029247129,0.332948665,2.098176097,2.597469247,-2.224910116,0.8864202496,-1.356873736,-5.837115642,-1.092627562,2.948681319,-11.47317251,-10.81743518,-3.902597754,10.12393261,19.47827513,20.05615346,7.767608254
1.79,-0.1342987861,-0.4280859984,0.4964393222,0.1412702917,0.1434445869,0.3928618528,-0.003561890562,0.01114676537,0.1456196686,0.03138146185,0.2841261613,0.2934943165,0.1265943065,0.4140586309,0.3042943476,0.01400210826,-0.05816288438,0.3780551137,0.3022590886,-0.1342537843,-0.08651732236,0.3943704784,0.4449290046,0.02455547414,-0.0199504095,-0.008897238319,-0.06021257653,0.05297324246,0.4610498387,0.4491406964,0.5573346776,0.8112948308,-0.9501009314,-1.679082549,-1.689654801,-0.7317558148,-2.27254568,-1.731160134,2.404188471,5.675055866,9.382439732,-0.5892888629,2.782977838,-6.732878947,-11.99789795,-6.259065187,15.20632847,-15.69673192,-23.8646892,-11.36176764,10.22314285,10.08219966,9.483767062,10.52721935
1.8,-0.1313819981,-0.4295138546,0.4956888783,0.1454490953,0.1482451619,0.3930920807,-0.003628506021,0.01080035013,0.144529696,0.03167013093,0.2890910467,0.2972394144,0.1311082809,0.4216662643,0.2952687117,-0.002289973102,-0.07456891622,0.3711861609,0.2814615192,-0.1514178967,-0.06394814199,0.4377211462,0.5064800438,0.02253110285,0.005133297131,-0.05428263504,-0.1494340758,0.01054179354,0.5078030279,0.3016410944,0.3541477524,0.7145039467,-0.8565243249,-1.578255061,-1.58897689,-0.6472105435,-1.928388234,-1.691763392,2.054079486,3.216781915,3.72562898,0.06642892929,1.884404943,-2.786772492,-6.422204323,-2.549577176,-0.7545962607,-13.77672705,-17.3836942,-8.241322485,8.714047175,10.07770672,10.43005971,6.890363691
#Exudyn explicit time integration (ExplicitEuler) solver solution file
#simulation started=2026-01-27,10:20:05
#columns contain: time, ODE2 displacements, ODE2 velocities, ODE2 accelerations
#number of system coordinates [nODE2, nODE1, nAlgebraic, nData] = [18,0,0,0]
#number of written coordinates [nODE2, nVel2, nAcc2, nODE1, nVel1, nAlgebraic, nData] = [18,18,18,0,0,0,0]
#total columns exported  (excl. time) = 54
#number of time steps (planned) = 200
#Exudyn version = 1.10.0; Python3.11.11; Windows AVX2 FLOAT64
#
#solution information = DogEnv
1.8,-0.1313819981,-0.4295138546,0.4956888783,0.1454490953,0.1482451619,0.3930920807,-0.003628506021,0.01080035013,0.144529696,0.03167013093,0.2890910467,0.2972394144,0.1311082809,0.4216662643,0.2952687117,-0.002289973102,-0.07456891622,0.3711861609,0.2814615192,-0.1514178967,-0.06394814199,0.4377211462,0.5064800438,0.02253110285,0.005133297131,-0.05428263504,-0.1494340758,0.01054179354,0.5078030279,0.3016410944,0.3541477524,0.7145039467,-0.8565243249,-1.578255061,-1.58897689,-0.6472105435,-1.928388234,-1.691763392,2.054079486,3.216781915,3.72562898,0.06642892929,1.884404943,-2.786772492,-6.422204323,-2.549577176,-0.7545962607,-13.77672705,-17.3836942,-8.241322485,8.714047175,10.07770672,10.43005971,6.890363691
1.81,-0.1288452885,-0.4312327626,0.4953157646,0.1496876216,0.1541594428,0.3934661091,-0.003399714805,0.009962903736,0.1429241154,0.03160135795,0.293149398,0.2940699462,0.121839217,0.4273299811,0.2878709922,-0.01073697344,-0.08768459717,0.3658058929,0.2329869622,-0.189841187,-0.009381711501,0.4083201217,0.6470644561,0.05536982676,0.03931050374,-0.09778320524,-0.1993906067,-0.0138935952,0.3856774764,-0.4357555658,-1.509765182,0.4691010282,-0.7028790193,-0.8638683274,-1.354113385,-0.5119415249,-3.314589627,-3.234395031,5.372171832,-2.482212469,7.381325622,3.696638808,1.813612445,0.2415486898,-10.77800219,-0.1440445366,1.702073613,-52.16116493,-73.19211395,-14.57115933,6.067679747,-1613.685444,-17.81452233,0.9704736281
1.82,-0.1266717337,-0.4332887623,0.4954766659,0.153748791,0.1608997701,0.3942181873,-0.002968036095,0.008869893419,0.140348554,0.03138689298,0.2970633326,0.288976595,0.1036794255,0.4314219118,0.281185286,-0.0186875397,-0.1020366134,0.3607502331,0.2025670791,-0.2211285009,0.04012402756,0.4069842179,0.6935930726,0.09649080876,0.04599440678,-0.1212536757,-0.3179977554,-0.02867962019,0.3940755231,-0.5839129488,-2.085866415,0.3579609596,-0.6348246717,-0.8277860823,-1.506041677,-0.5019635914,-2.706532289,-2.95754956,4.30706159,0.2579412452,2.577158554,4.38959778,0.6216610972,-1.646509509,-11.93313222,-0.887846332,-0.09527563192,-24.67294793,-46.75990168,-8.57013364,6.118341165,-484.6659567,-11.62579666,0.030071118
#Exudyn explicit time integration (ExplicitEuler) solver solution file
#simulation started=2026-01-27,10:20:05
#columns contain: time, ODE2 displacements, ODE2 velocities, ODE2 accelerations
#number of system coordinates [nODE2, nODE1, nAlgebraic, nData] = [18,0,0,0]
#number of written coordinates [nODE2, nVel2, nAcc2, nODE1, nVel1, nAlgebraic, nData] = [18,18,18,0,0,0,0]
#total columns exported  (excl. time) = 54
#number of time steps (planned) = 200
#Exudyn version = 1.10.0; Python3.11.11; Windows AVX2 FLOAT64
#
#solution information = DogEnv
1.82,-0.1266717337,-0.4332887623,0.4954766659,0.153748791,0.1608997701,0.3942181873,-0.002968036095,0.008869893419,0.140348554,0.03138689298,0.2970633326,0.288976595,0.1036794255,0.4314219118,0.281185286,-0.0186875397,-0.1020366134,0.3607502331,0.2025670791,-0.2211285009,0.04012402756,0.4069842179,0.6935930726,0.09649080876,0.04599440678,-0.1212536757,-0.3179977554,-0.02867962019,0.3940755231,-0.5839129488,-2.085866415,0.3579609596,-0.6348246717,-0.8277860823,-1.506041677,-0.5019635914,-2.706532289,-2.95754956,4.30706159,0.2579412452,2.577158554,4.38959778,0.6216610972,-1.646509509,-11.93313222,-0.887846332,-0.09527563192,-24.67294793,-46.75990168,-8.57013364,6.118341165,-484.6659567,-11.62579666,0.030071118
1.83,-0.1247836179,-0.4356462544,0.4960539455,0.1580182613,0.1680279031,0.3953755691,-0.002576373746,0.007447505452,0.1364898989,0.03091762348,0.3008661548,0.2823155814,0.08082011542,0.4333921053,0.2796141347,-0.026930502,-0.1175423341,0.3593578047,0.1763444958,-0.2501480959,0.07395460811,0.4455778798,0.7232561033,0.1374031037,0.04056464415,-0.1528224149,-0.4479138864,-0.06420689347,0.382378639,-0.7604265613,-2.460076107,0.1564348651,-0.142053582,-0.8501917721,-1.588463481,-0.1250576187,-2.281882613,-2.79248109,2.880965611,3.839215601,0.7691655701,4.446216766,0.4653316558,-0.9522340599,-11.72784428,-2.979057942,-0.2765099079,-20.02491244,-29.35335677,-3.767891802,1.506292406,-5.278055126,-5.485332226,-1.76035801
1.84,-0.1231262582,-0.4382835724,0.4969181314,0.1626821896,0.1752557198,0.3969719195,-0.002158222152,0.00590148362,0.1314544573,0.0301346164,0.3046489274,0.2736857569,0.05499855068,0.4348197751,0.2782649193,-0.03570438652,-0.1336124249,0.3580178911,0.1555374428,-0.2773680611,0.09729839992,0.4893879145,0.7186002339,0.1824485755,0.04226677367,-0.1538753956,-0.557571154,-0.09216750294,0.3719213137,-0.9704266594,-2.684658037,0.1331194124,-0.1279511533,-0.9060697191,-1.617819735,-0.142803319,-1.90797896,-2.659959183,1.793425812,4.865359888,-1.459210015,4.53165501,-0.02067798502,0.5898209265,-10.10130879,-2.649108862,-1.590165419,-21.71686905,-16.21439294,-1.184610444,1.324112782,-5.836348922,-0.6434089762,-1.615605592
#Exudyn explicit time integration (ExplicitEuler) solver solution file
#simulation started=2026-01-27,10:20:05
#columns contain: time, ODE2 displacements, ODE2 velocities, ODE2 accelerations
#number of system coordinates [nODE2, nODE1, nAlgebraic, nData] = [18,0,0,0]
#number of written coordinates [nODE2, nVel2, nAcc2, nODE1, nVel1, nAlgebraic, nData] = [18,18,18,0,0,0,0]
#total columns exported  (excl. time) = 54
#number of time steps (planned) = 200
#Exudyn version = 1.10.0; Python3.11.11; Windows AVX2 FLOAT64
#
#solution information = DogEnv
1.84,-0.1231262582,-0.4382835724,0.4969181314,0.1626821896,0.1752557198,0.3969719195,-0.002158222152,0.00590148362,0.1314544573,0.0301346164,0.3046489274,0.2736857569,0.05499855068,0.4348197751,0.2782649193,-0.03570438652,-0.1336124249,0.3580178911,0.1555374428,-0.2773680611,0.09729839992,0.4893879145,0.7186002339,0.1824485755,0.04226677367,-0.1538753956,-0.557571154,-0.09216750294,0.3719213137,-0.9704266594,-2.684658037,0.1331194124,-0.1279511533,-0.9060697191,-1.617819735,-0.142803319,-1.90797896,-2.659959183,1.793425812,4.865359888,-1.459210015,4.53165501,-0.02067798502,0.5898209265,-10.10130879,-2.649108862,-1.590165419,-21.71686905,-16.21439294,-1.184610444,1.324112782,-5.836348922,-0.6434089762,-1.615605592
1.85,-0.1216791122,-0.441189772,0.4979215214,0.1680325578,0.1825355837,0.3989588607,-0.001862414073,0.004044688734,0.1254146721,0.02893400155,0.3081001639,0.2616138447,0.02747308512,0.4339935162,0.284904271,-0.04022395478,-0.1441885823,0.3628564932,0.1362463735,-0.3033705221,0.1024295026,0.5717802737,0.7259053453,0.217856321,0.0327721809,-0.1902059566,-0.632723066,-0.1412476285,0.3490158261,-1.313170645,-2.766746942,-0.101876432,0.6432786253,-0.476568225,-1.053926629,0.4976603708,-1.512522412,-2.487845466,0.2083115255,6.240391638,-1.603779243,3.995125468,1.168065209,0.6879823223,-4.316545104,-2.902311289,-0.5303500546,-17.66759143,0.6821401422,2.446661997,-6.375688195,-9.179652362,0.258537717,-5.080820316
1.86,-0.1203869641,-0.4443452575,0.4989446413,0.1740329067,0.1896837178,0.401337739,-0.001492876452,0.002218207857,0.1189290912,0.02741540978,0.3115263182,0.2476135336,-1.588707949e-05,0.4331135813,0.2910306477,-0.04543644026,-0.1546546561,0.3675795285,0.1224434964,-0.3278320608,0.1010323594,0.626698199,0.7009959522,0.2584541279,0.03968178665,-0.1715105025,-0.6589640683,-0.1595475559,0.3334604492,-1.488248191,-2.716746196,-0.07255765947,0.5823179907,-0.5661449204,-1.033412703,0.4468353981,-1.270847992,-2.404366302,-0.477982152,4.918953713,-3.123383555,4.080159288,0.2816179629,2.764197265,-0.900317211,-0.9983028581,-2.16507801,-17.41511635,8.975868698,3.233052787,-5.81918032,-8.771916741,3.673925375,-4.887870812
#Exudyn explicit time integration (ExplicitEuler) solver solution file
#simulation started=2026-01-27,10:20:05
#columns contain: time, ODE2 displacements, ODE2 velocities, ODE2 accelerations
#number of system coordinates [nODE2, nODE1, nAlgebraic, nData] = [18,0,0,0]
#number of written coordinates [nODE2, nVel2, nAcc2, nODE1, nVel1, nAlgebraic, nData] = [18,18,18,0,0,0,0]
#total columns exported  (excl. time) = 54
#number of time steps (planned) = 200
#Exudyn version = 1.10.0; Python3.11.11; Windows AVX2 FLOAT64
#
#solution information = DogEnv
1.86,-0.1203869641,-0.4443452575,0.4989446413,0.1740329067,0.1896837178,0.401337739,-0.001492876452,0.002218207857,0.1189290912,0.02741540978,0.3115263182,0.2476135336,-1.588707949e-05,0.4331135813,0.2910306477,-0.04543644026,-0.1546546561,0.3675795285,0.1224434964,-0.3278320608,0.1010323594,0.626698199,0.7009959522,0.2584541279,0.03968178665,-0.1715105025,-0.6589640683,-0.1595475559,0.3334604492,-1.488248191,-2.716746196,-0.07255765947,0.5823179907,-0.5661449204,-1.033412703,0.4468353981,-1.270847992,-2.404366302,-0.477982152,4.918953713,-3.123383555,4.080159288,0.2816179629,2.764197265,-0.900317211,-0.9983028581,-2.16507801,-17.41511635,8.975868698,3.233052787,-5.81918032,-8.771916741,3.673925375,-4.887870812
1.87,-0.119226189,-0.4477333266,0.4999000214,0.1802563031,0.1964560109,0.404145964,-0.00101678408,0.0001426280344,0.1136261616,0.02602342272,0.3147749308,0.2267420799,-0.02619856758,0.4325093876,0.2965728688,-0.03064814569,-0.1406966918,0.3717937327,0.1117299007,-0.3487568569,0.08901300968,0.628752102,0.6552299552,0.2964336951,0.03888384168,-0.188291091,-0.4811362542,-0.126012579,0.3173262114,-2.162443723,-2.486840654,-0.04371269384,0.5268280343,1.450981813,1.353577899,0.3983181737,-0.8346260965,-1.932806909,-1.408342509,1.817070812,-3.88899419,2.780978266,-1.572521792,4.800753925,8.555634922,2.07568375,-2.73316598,-2.950410499,25.68123015,3.067947069,-5.263714175,-24.10948144,-12.74411003,-3.865969521
1.88,-0.1181498577,-0.4513152232,0.5007159968,0.1866390983,0.2028299482,0.4072406708,-0.0006895580131,-0.001514951088,0.1092629802,0.02485935779,0.3177993,0.2049692459,-0.0497844308,0.4322149193,0.30158833,-0.01730236349,-0.1277538992,0.3756069099,0.1035129535,-0.367665683,0.07364133247,0.6482200719,0.6203439981,0.3220475407,0.02758483033,-0.1435994334,-0.3881349761,-0.1069391287,0.2869024907,-2.192901057,-2.227056775,-0.01568483632,0.4765583783,1.218770445,1.237484171,0.3657892658,-0.8008217612,-1.845597678,-1.642524755,1.967736209,-3.190196646,2.349765896,-0.8619935644,4.28148548,10.00539547,1.855910842,-3.034853466,-3.222730774,26.10855545,2.588172898,-4.789343326,-22.37272864,-10.55017389,-2.76871916
#Exudyn explicit time integration (ExplicitEuler) solver solution file
#simulation started=2026-01-27,10:20:05
#columns contain: time, ODE2 displacements, ODE2 velocities, ODE2 accelerations
#number of system coordinates [nODE2, nODE1, nAlgebraic, nData] = [18,0,0,0]
#number of written coordinates [nODE2, nVel2, nAcc2, nODE1, nVel1, nAlgebraic, nData] = [18,18,18,0,0,0,0]
#total columns exported  (excl. time) = 54
#number of time steps (planned) = 200
#Exudyn version = 1.10.0; Python3.11.11; Windows AVX2 FLOAT64
#
#solution information = DogEnv
1.88,-0.1181498577,-0.4513152232,0.5007159968,0.1866390983,0.2028299482,0.4072406708,-0.0006895580131,-0.001514951088,0.1092629802,0.02485935779,0.3177993,0.2049692459,-0.0497844308,0.4322149193,0.30158833,-0.01730236349,-0.1277538992,0.3756069099,0.1035129535,-0.367665683,0.07364133247,0.6482200719,0.6203439981,0.3220475407,0.02758483033,-0.1435994334,-0.3881349761,-0.1069391287,0.2869024907,-2.192901057,-2.227056775,-0.01568483632,0.4765583783,1.218770445,1.237484171,0.3657892658,-0.8008217612,-1.845597678,-1.642524755,1.967736209,-3.190196646,2.349765896,-0.8619935644,4.28148548,10.00539547,1.855910842,-3.034853466,-3.222730774,26.10855545,2.588172898,-4.789343326,-22.37272864,-10.55017389,-2.76871916
1.89,-0.1171563036,-0.4550655979,0.5013290423,0.1930727053,0.2087882308,0.4105667482,-0.0004368916401,-0.003199604209,0.1077581071,0.02402602156,0.3206235182,0.1765803943,-0.07269605066,0.4322059224,0.3061229536,0.01687776947,-0.09028880968,0.379137285,0.09809645314,-0.3806803919,0.04841409524,0.6499434417,0.571381048,0.335270715,0.01226731801,-0.1392214102,-0.08491674053,-0.06641625819,0.2805438254,-2.896738615,-2.196013669,0.02023449992,0.4311525839,3.302897109,3.609524639,0.3412866167,-0.1771176543,-1.046076852,-2.576684355,1.481579197,-4.455169875,0.2996819855,-1.465113738,7.901348945,9.789048153,3.098466828,-2.112964544,2.44927816,24.01172897,3.956576986,-4.292431442,-42.80069597,-34.9261903,-1.843973944
1.9,-0.1161829294,-0.458921654,0.5016856469,0.1996367576,0.2142971105,0.4139307053,-0.0003620177596,-0.004234509203,0.1073767984,0.02351627617,0.3232984957,0.1477658841,-0.09350503797,0.4325925542,0.3102277425,0.04786641097,-0.05587590638,0.3824714297,0.0967066429,-0.3903742865,0.02270039219,0.6618354018,0.5312808638,0.3372224905,0.004217536515,-0.07013651695,0.007970031826,-0.0348162279,0.2531032367,-2.86260119,-1.968154255,0.05639022493,0.3900135124,2.89842809,3.274775566,0.3263456447,-0.09313808328,-0.8943232403,-2.548237815,0.8080365095,-3.667074967,0.1092916207,-0.4422948263,6.05929512,8.810051865,3.319739595,-2.894056535,4.358959844,21.35360549,3.312860719,-3.92584959,-38.20869786,-31.95402029,-1.255852911
#Exudyn explicit time integration (ExplicitEuler) solver solution file
#simulation started=2026-01-27,10:20:05
#columns contain: time, ODE2 displacements, ODE2 velocities, ODE2 accelerations
#number of system coordinates [nODE2, nODE1, nAlgebraic, nData] = [18,0,0,0]
#number of written coordinates [nODE2, nVel2, nAcc2, nODE1, nVel1, nAlgebraic, nData] = [18,18,18,0,0,0,0]
#total columns exported  (excl. time) = 54
#number of time steps (planned) = 200
#Exudyn version = 1.10.0; Python3.11.11; Windows AVX2 FLOAT64
#
#solution information = DogEnv
1.9,-0.1161829294,-0.458921654,0.5016856469,0.1996367576,0.2142971105,0.4139307053,-0.0003620177596,-0.004234509203,0.1073767984,0.02351627617,0.3232984957,0.1477658841,-0.09350503797,0.4325925542,0.3102277425,0.04786641097,-0.05587590638,0.3824714297,0.0967066429,-0.3903742865,0.02270039219,0.6618354018,0.5312808638,0.3372224905,0.004217536515,-0.07013651695,0.007970031826,-0.0348162279,0.2531032367,-2.86260119,-1.968154255,0.05639022493,0.3900135124,2.89842809,3.274775566,0.3263456447,-0.09313808328,-0.8943232403,-2.548237815,0.8080365095,-3.667074967,0.1092916207,-0.4422948263,6.05929512,8.810051865,3.319739595,-2.894056535,4.358959844,21.35360549,3.312860719,-3.92584959,-38.20869786,-31.95402029,-1.255852911
1.91,-0.1152172677,-0.462859744,0.501772358,0.2061261925,0.2193574991,0.4173350225,-0.0002726175369,-0.004671630631,0.1080435325,0.02347598218,0.3257418896,0.1168906433,-0.1144497548,0.433316453,0.3139390416,0.08348879595,-0.01608914392,0.3856467098,0.09811709807,-0.3962892888,-0.005558676216,0.6426266329,0.4819492985,0.341182974,0.004992052405,-0.01446792907,0.1112321674,0.02153581439,0.2362438963,-3.074037172,-2.023511933,0.09227449655,0.3527536402,3.384914899,3.821830127,0.3091183918,0.3585882244,-0.4225431189,-2.806349292,-0.8274688014,-4.253763913,-0.0295196908,-0.9938096282,5.35399918,8.243513331,4.577707985,-2.425200834,9.481956301,21.2924179,3.768976536,-3.532028263,-42.02864097,-36.78055325,-1.207498036
1.92,-0.1142173943,-0.466841233,0.5015794194,0.2125120771,0.2239851163,0.4207411585,-0.0002626000682,-0.00458273,0.1095468196,0.02391094381,0.32797478,0.08664430578,-0.1336650348,0.4344155271,0.3172968683,0.1153384916,0.0203623605,0.388690233,0.1020152626,-0.3998186249,-0.03310205598,0.6341802117,0.4447777199,0.339684061,-0.002210168475,0.02981653203,0.1885698852,0.06554013102,0.2099018863,-2.971515572,-1.821455153,0.126939424,0.3190070377,2.989125684,3.47068863,0.3003899082,0.4284309461,-0.2873448794,-2.686830548,-0.9733544654,-3.290586022,-0.2411991284,-0.4959098621,3.623123332,7.259290106,4.339023462,-2.601678327,11.07577122,19.02324514,3.195756557,-3.2152288,-37.208032,-33.40892595,-0.6535975398
#Exudyn explicit time integration (ExplicitEuler) solver solution file
#simulation started=2026-01-27,10:20:05
#columns contain: time, ODE2 displacements, ODE2 velocities, ODE2 accelerations
#number of system coordinates [nODE2, nODE1, nAlgebraic, nData] = [18,0,0,0]
#number of written coordinates [nODE2, nVel2, nAcc2, nODE1, nVel1, nAlgebraic, nData] = [18,18,18,0,0,0,0]
#total columns exported  (excl. time) = 54
#number of time steps (planned) = 200
#Exudyn version = 1.10.0; Python3.11.11; Windows AVX2 FLOAT64
#
#solution information = DogEnv
1.92,-0.1142173943,-0.466841233,0.5015794194,0.2125120771,0.2239851163,0.4207411585,-0.0002626000682,-0.00458273,0.1095468196,0.02391094381,0.32797478,0.08664430578,-0.1336650348,0.4344155271,0.3172968683,0.1153384916,0.0203623605,0.388690233,0.1020152626,-0.3998186249,-0.03310205598,0.6341802117,0.4447777199,0.339684061,-0.002210168475,0.02981653203,0.1885698852,0.06554013102,0.2099018863,-2.971515572,-1.821455153,0.126939424,0.3190070377,2.989125684,3.47068863,0.3003899082,0.4284309461,-0.2873448794,-2.686830548,-0.9733544654,-3.290586022,-0.2411991284,-0.4959098621,3.623123332,7.259290106,4.339023462,-2.601678327,11.07577122,19.02324514,3.195756557,-3.2152288,-37.208032,-33.40892595,-0.6535975398
1.93,-0.1131552157,-0.4708394513,0.5011098596,0.21875067,0.2282165594,0.4241287007,-0.0002798449106,-0.004143438126,0.1118754421,0.02483854636,0.3300166055,0.05852251117,-0.15002608,0.4358820914,0.320332964,0.1427881977,0.05275673571,0.391630288,0.1099089966,-0.3998998602,-0.06081190962,0.6131766628,0.4049972751,0.3373589548,-0.003844753533,0.05545193048,0.272877383,0.1189897101,0.1917076589,-2.721670144,-1.535091026,0.1635092725,0.2885197418,2.574416589,3.075262064,0.2902366179,0.7189408131,0.004066442829,-2.667707076,-2.031396265,-3.099711175,-0.3741538379,-0.6112068872,2.030793082,7.174883498,4.956090384,-2.687083735,15.76147169,16.20258942,3.064085085,-2.911759754,-30.27912436,-29.12996527,-0.5264344985
1.94,-0.1120196785,-0.4748370069,0.5003740906,0.2247839477,0.2321303724,0.4274805011,-0.0003458919157,-0.003502278434,0.1149326902,0.02626597847,0.3318065547,0.03209722963,-0.1646108176,0.4376593033,0.3230787698,0.1670982829,0.08211547435,0.3945118938,0.1173708337,-0.3994885948,-0.08614396578,0.5934502656,0.3790677037,0.3326683958,-0.009104268736,0.07157920017,0.3367523351,0.1662635882,0.1666908543,-2.560568528,-1.383621964,0.1913361643,0.2608319992,2.290965872,2.79830746,0.2864457754,0.7767362076,0.07521277564,-2.397769712,-1.922413955,-2.153910607,-0.5486448329,-0.4365962596,1.221033643,5.689631236,4.524489735,-2.304058898,16.45411406,14.21058884,2.536481152,-2.631734346,-26.54979013,-26.35821007,-0.2797419672
#Exudyn explicit time integration (ExplicitEuler) solver solution file
#simulation started=2026-01-27,10:20:05
#columns contain: time, ODE2 displacements, ODE2 velocities, ODE2 accelerations
#number of system coordinates [nODE2, nODE1, nAlgebraic, nData] = [18,0,0,0]
#number of written coordinates [nODE2, nVel2, nAcc2, nODE1, nVel1, nAlgebraic, nData] = [18,18,18,0,0,0,0]
#total columns exported  (excl. time) = 54
#number of time steps (planned) = 200
#Exudyn version = 1.10.0; Python3.11.11; Windows AVX2 FLOAT64
#
#solution information = DogEnv
1.94,-0.1120196785,-0.4748370069,0.5003740906,0.2247839477,0.2321303724,0.4274805011,-0.0003458919157,-0.003502278434,0.1149326902,0.02626597847,0.3318065547,0.03209722963,-0.1646108176,0.4376593033,0.3230787698,0.1670982829,0.08211547435,0.3945118938,0.1173708337,-0.3994885948,-0.08614396578,0.5934502656,0.3790677037,0.3326683958,-0.009104268736,0.07157920017,0.3367523351,0.1662635882,0.1666908543,-2.560568528,-1.383621964,0.1913361643,0.2608319992,2.290965872,2.79830746,0.2864457754,0.7767362076,0.07521277564,-2.397769712,-1.922413955,-2.153910607,-0.5486448329,-0.4365962596,1.221033643,5.689631236,4.524489735,-2.304058898,16.45411406,14.21058884,2.536481152,-2.631734346,-26.54979013,-26.35821007,-0.2797419672
1.95,-0.1106571432,-0.4787362949,0.4993520265,0.2301723421,0.2352960021,0.4308388239,-0.0002186886578,-0.00271487735,0.1193293944,0.02863185492,0.3325220306,0.01620992794,-0.1709674537,0.439474055,0.3255885583,0.183602721,0.102523306,0.3977067655,0.1500576897,-0.3817028836,-0.1191286353,0.4861300455,0.2743063003,0.3379839858,0.01106710082,0.06055343856,0.5131317882,0.2952719486,0.0007553413317,-1.229102394,-0.4956317089,0.20241346,0.2366910892,1.556621695,1.871021373,0.3107949417,2.426641471,1.546255765,-3.250525694,-8.580634092,-5.949841367,-0.08577076896,-2.593310633,-8.461612365,11.02181481,9.445362571,-7.876451389,49.55422232,8.605402801,4.636002476,-2.607907038,0.9799909955,-14.69771971,-1.911585006
1.96,-0.1090424721,-0.4824814015,0.4980098614,0.2346866031,0.2378194483,0.4341940923,-0.0002357850071,-0.002408157437,0.1249025911,0.03197890362,0.3322734988,0.006060462222,-0.1755233422,0.4417085623,0.3278349937,0.1990068092,0.1205242612,0.4007539765,0.172611232,-0.3676329691,-0.1485212762,0.4240573328,0.2366681628,0.3311157003,-0.01405148624,0.0207528093,0.5926641358,0.3676156768,-0.04206184305,-0.8416578851,-0.4168715924,0.2435679666,0.2130340943,1.501885609,1.729301312,0.3011614519,2.133043115,1.282134853,-2.610697823,-3.807431948,-1.921005511,-1.218022722,-2.254238876,2.137700468,5.216874713,5.081505059,-2.218020532,24.55642914,7.290113774,3.819433074,-2.189560171,-11.02241738,-13.69316567,-0.3009502235
#Exudyn explicit time integration (ExplicitEuler) solver solution file
#simulation started=2026-01-27,10:20:06
#columns contain: time, ODE2 displacements, ODE2 velocities, ODE2 accelerations
#number of system coordinates [nODE2, nODE1, nAlgebraic, nData] = [18,0,0,0]
#number of written coordinates [nODE2, nVel2, nAcc2, nODE1, nVel1, nAlgebraic, nData] = [18,18,18,0,0,0,0]
#total columns exported  (excl. time) = 54
#number of time steps (planned) = 200
#Exudyn version = 1.10.0; Python3.11.11; Windows AVX2 FLOAT64
#
#solution information = DogEnv
1.96,-0.1090424721,-0.4824814015,0.4980098614,0.2346866031,0.2378194483,0.4341940923,-0.0002357850071,-0.002408157437,0.1249025911,0.03197890362,0.3322734988,0.006060462222,-0.1755233422,0.4417085623,0.3278349937,0.1990068092,0.1205242612,0.4007539765,0.172611232,-0.3676329691,-0.1485212762,0.4240573328,0.2366681628,0.3311157003,-0.01405148624,0.0207528093,0.5926641358,0.3676156768,-0.04206184305,-0.8416578851,-0.4168715924,0.2435679666,0.2130340943,1.501885609,1.729301312,0.3011614519,2.133043115,1.282134853,-2.610697823,-3.807431948,-1.921005511,-1.218022722,-2.254238876,2.137700468,5.216874713,5.081505059,-2.218020532,24.55642914,7.290113774,3.819433074,-2.189560171,-11.02241738,-13.69316567,-0.3009502235
1.97,-0.1070834433,-0.4860203383,0.4963856397,0.2377407964,0.2396648997,0.437650459,7.06144161e-05,-0.005187385863,0.1320467309,0.0367812213,0.3284033655,0.02042300638,-0.168714268,0.4429731848,0.3299320549,0.2013506982,0.1176675581,0.405182639,0.2087532739,-0.3437502806,-0.1801900755,0.1635045585,0.1503459172,0.3646010272,0.04228172496,-0.5175491209,0.8033423658,0.597675735,-0.5702904204,2.3921027,0.8285305369,0.1119520712,0.1928602031,0.1203699227,-0.4079375314,0.4446412546,1.882504674,1.44085771,-3.223099614,-16.15003417,-3.6644376,0.6036095309,-9.84693483,36.14609763,8.908455603,13.95072328,-10.92061863,-21.77350127,1.796479903,2.439539291,-2.488269914,-35.26534247,4.323904797,-2.694271418
1.98,-0.1048984718,-0.4893842108,0.4944438257,0.2390521316,0.2410949081,0.4412374768,1.394605717e-05,-0.008283671119,0.1403004455,0.0430798621,0.3225876422,0.04183814163,-0.1605182885,0.4443112574,0.3317555314,0.2015603244,0.113828248,0.4095494128,0.2291080615,-0.3284521342,-0.2066433392,0.12896973,0.1431564903,0.3477486726,-0.04255175761,-0.1325322169,0.8327686099,0.6380670292,-0.5699642354,1.868951853,0.8008790231,0.161816521,0.1727513616,-0.0371799871,-0.3559509058,0.4323380277,2.240630594,1.644939261,-2.137501898,3.166020472,1.05607361,-2.643414909,-4.369546636,24.94550836,-0.5908746063,-1.370025685,4.469595632,-47.39314721,-4.363031863,6.079395848,-1.761609245,-6.501099617,6.154065137,-0.4350931617
#Exudyn explicit time integration (ExplicitEuler) solver solution file
#simulation started=2026-01-27,10:20:06
#columns contain: time, ODE2 displacements, ODE2 velocities, ODE2 accelerations
#number of system coordinates [nODE2, nODE1, nAlgebraic, nData] = [18,0,0,0]
#number of written coordinates [nODE2, nVel2, nAcc2, nODE1, nVel1, nAlgebraic, nData] = [18,18,18,0,0,0,0]
#total columns exported  (excl. time) = 54
#number of time steps (planned) = 200
#Exudyn version = 1.10.0; Python3.11.11; Windows AVX2 FLOAT64
#
#solution information = DogEnv
1.98,-0.1048984718,-0.4893842108,0.4944438257,0.2390521316,0.2410949081,0.4412374768,1.394605717e-05,-0.008283671119,0.1403004455,0.0430798621,0.3225876422,0.04183814163,-0.1605182885,0.4443112574,0.3317555314,0.2015603244,0.113828248,0.4095494128,0.2291080615,-0.3284521342,-0.2066433392,0.12896973,0.1431564903,0.3477486726,-0.04255175761,-0.1325322169,0.8327686099,0.6380670292,-0.5699642354,1.868951853,0.8008790231,0.161816521,0.1727513616,-0.0371799871,-0.3559509058,0.4323380277,2.240630594,1.644939261,-2.137501898,3.166020472,1.05607361,-2.643414909,-4.369546636,24.94550836,-0.5908746063,-1.370025685,4.469595632,-47.39314721,-4.363031863,6.079395848,-1.761609245,-6.501099617,6.154065137,-0.4350931617
1.99,-0.1024048097,-0.4925423797,0.4922922897,0.2402108534,0.2423860807,0.4446499015,-0.0002744728171,-0.009905794743,0.1489872313,0.0496498004,0.3157097671,0.06984815915,-0.14547745,0.4457114753,0.3334296986,0.1893432066,0.09567922358,0.4144271397,0.2624200636,-0.3042111544,-0.2289071632,0.03278089172,0.1189425132,0.350712044,0.002455166729,-0.4577090549,0.9084755411,0.7237810767,-0.7510006377,3.437045162,1.581197222,0.1455138646,0.1560381697,-1.114568442,-1.787213924,0.4856711435,2.05649329,1.826850729,-2.642057773,-11.93279299,-0.665055392,0.1343953495,-3.521776505,6.867227779,1.190320114,9.928825755,-0.5898303015,-16.39973042,8.663791152,2.985631782,-1.811730988,-19.15446096,29.79876959,-1.837133894
2,-0.09967717541,-0.4954974765,0.489890363,0.2403351843,0.2436241368,0.4480765356,-0.0005360063259,-0.01317329601,0.1580064268,0.05708263361,0.3083886524,0.1017188813,-0.1296048125,0.4473893422,0.3349103919,0.1779125716,0.07873806375,0.4192270872,0.2837181747,-0.2864899156,-0.2503084787,0.01825246483,0.1345947912,0.3293609621,-0.05232915177,-0.1941066046,0.8922648693,0.7422226541,-0.7013388393,2.904317026,1.53924513,0.1956635104,0.1405643414,-1.128691689,-1.627423537,0.4770037021,2.267689055,1.84816884,-1.789625276,4.353159098,2.837037816,-3.141795083,-3.364283239,18.42039481,-1.768064996,-2.81092741,7.125171326,-49.40404864,-18.8516614,6.127505434,-1.404662717,7.96894642,10.30839601,-0.2383364624
#Exudyn explicit time integration (ExplicitEuler) solver solution file
#simulation started=2026-01-27,10:20:06
#columns contain: time, ODE2 displacements, ODE2 velocities, ODE2 accelerations
#number of system coordinates [nODE2, nODE1, nAlgebraic, nData] = [18,0,0,0]
#number of written coordinates [nODE2, nVel2, nAcc2, nODE1, nVel1, nAlgebraic, nData] = [18,18,18,0,0,0,0]
#total columns exported  (excl. time) = 54
#number of time steps (planned) = 200
#Exudyn version = 1.10.0; Python3.11.11; Windows AVX2 FLOAT64
#
#solution information = DogEnv
2,-0.09967717541,-0.4954974765,0.489890363,0.2403351843,0.2436241368,0.4480765356,-0.0005360063259,-0.01317329601,0.1580064268,0.05708263361,0.3083886524,0.1017188813,-0.1296048125,0.4473893422,0.3349103919,0.1779125716,0.07873806375,0.4192270872,0.2837181747,-0.2864899156,-0.2503084787,0.01825246483,0.1345947912,0.3293609621,-0.05232915177,-0.1941066046,0.8922648693,0.7422226541,-0.7013388393,2.904317026,1.53924513,0.1956635104,0.1405643414,-1.128691689,-1.627423537,0.4770037021,2.267689055,1.84816884,-1.789625276,4.353159098,2.837037816,-3.141795083,-3.364283239,18.42039481,-1.768064996,-2.81092741,7.125171326,-49.40404864,-18.8516614,6.127505434,-1.404662717,7.96894642,10.30839601,-0.2383364624
2.01,-0.09669704564,-0.4982899493,0.4873890893,0.2416283921,0.2453031235,0.4510204817,-0.001480583083,-0.01146318213,0.1662786667,0.0636523055,0.3011757917,0.1250288651,-0.112924108,0.4495871086,0.3362652149,0.157769717,0.05704687644,0.4242593063,0.312273303,-0.2704188399,-0.2515971612,0.1901478751,0.1949490403,0.2737030381,-0.07688283042,0.1439528152,0.7778713377,0.6088048995,-0.7188285982,2.221386819,1.640145935,0.250587796,0.1273565776,-1.786402626,-2.073296348,0.5027708341,2.681432057,1.833551615,-0.6878751093,2.654157597,4.061566098,-1.971459078,7.802728174,-31.900289,-4.998322972,-2.387910124,3.08140504,22.82939058,-7.390441776,4.415005223,-1.440683563,34.35195514,24.22282392,-1.130384288
2.02,-0.0934480568,-0.5009086732,0.4848353061,0.243612728,0.2474473784,0.4536531223,-0.002041507731,-0.01096060314,0.1738209598,0.06966851219,0.2942277562,0.1474028677,-0.09685380976,0.4522964345,0.3374737843,0.1408597508,0.03743611584,0.4292266443,0.3374937475,-0.2536064375,-0.2591098825,0.2116091658,0.2350190398,0.2501204681,-0.04977053631,0.02117977147,0.7265563409,0.591579209,-0.663967439,2.161662611,1.574159784,0.2922749956,0.1147195724,-1.620895689,-1.852177235,0.4907407025,2.483005843,1.583007564,-0.6823698172,3.973440807,4.306272369,-3.078934333,-0.3514797708,2.216675536,-6.306054487,-2.902567999,6.765416343,-25.37489907,-6.522392939,4.444082192,-1.144689147,13.77313898,20.81316311,-1.084311532
#Exudyn explicit time integration (ExplicitEuler) solver solution file
#simulation started=2026-01-27,10:20:06
#columns contain: time, ODE2 displacements, ODE2 velocities, ODE2 accelerations
#number of system coordinates [nODE2, nODE1, nAlgebraic, nData] = [18,0,0,0]
#number of written coordinates [nODE2, nVel2, nAcc2, nODE1, nVel1, nAlgebraic, nData] = [18,18,18,0,0,0,0]
#total columns exported  (excl. time) = 54
#number of time steps (planned) = 200
#Exudyn version = 1.10.0; Python3.11.11; Windows AVX2 FLOAT64
#
#solution information = DogEnv
2.02,-0.0934480568,-0.5009086732,0.4848353061,0.243612728,0.2474473784,0.4536531223,-0.002041507731,-0.01096060314,0.1738209598,0.06966851219,0.2942277562,0.1474028677,-0.09685380976,0.4522964345,0.3374737843,0.1408597508,0.03743611584,0.4292266443,0.3374937475,-0.2536064375,-0.2591098825,0.2116091658,0.2350190398,0.2501204681,-0.04977053631,0.02117977147,0.7265563409,0.591579209,-0.663967439,2.161662611,1.574159784,0.2922749956,0.1147195724,-1.620895689,-1.852177235,0.4907407025,2.483005843,1.583007564,-0.6823698172,3.973440807,4.306272369,-3.078934333,-0.3514797708,2.216675536,-6.306054487,-2.902567999,6.765416343,-25.37489907,-6.522392939,4.444082192,-1.144689147,13.77313898,20.81316311,-1.084311532
2.03,-0.08990658667,-0.5033883597,0.4823142829,0.2467535649,0.2500903005,0.4558110868,-0.002837347709,-0.008526989836,0.1803040294,0.07489816523,0.2880540591,0.1651328527,-0.07879834228,0.4572364385,0.3330621081,0.1153191465,0.01267263909,0.4296885972,0.3687378118,-0.2419488684,-0.2478018162,0.3640910416,0.288955506,0.1939456133,-0.06091195968,0.2011476206,0.5967936558,0.484746044,-0.6007157833,1.712733096,1.794220725,0.5236078412,-0.4281331714,-2.355830642,-2.378132728,0.02781315999,2.61520431,1.233177793,0.3131289919,3.597086599,4.430747007,-3.038553761,5.193118222,-14.97199573,-6.882790726,-2.679174875,3.547337983,2.614765754,-7.625395276,1.066546705,4.19278022,30.61443685,26.75598857,1.991779711
2.04,-0.08609795858,-0.5057468494,0.4798374828,0.2505204704,0.2532010768,0.4576006144,-0.00329609874,-0.007158453,0.1859509011,0.07966218301,0.2822686321,0.1822074454,-0.06122905401,0.4625197136,0.328983499,0.09311809333,-0.009840142831,0.4300727417,0.3926335087,-0.2297013417,-0.2485684267,0.3887732893,0.3338798667,0.1627918942,-0.03877542812,0.08606100156,0.5318724839,0.4695324547,-0.5523937622,1.679213777,1.719034564,0.5334743621,-0.3876937307,-2.096399873,-2.126759543,0.05031107874,2.247911517,1.194978894,-0.3139867597,2.707028666,4.553258444,-3.446089322,0.3392137741,-6.834494927,-6.685983012,-1.395023515,5.620044882,-9.986210451,-7.489091117,1.17055813,3.886090268,22.23856276,23.80006258,2.506775187
#Exudyn explicit time integration (ExplicitEuler) solver solution file
#simulation started=2026-01-27,10:20:06
#columns contain: time, ODE2 displacements, ODE2 velocities, ODE2 accelerations
#number of system coordinates [nODE2, nODE1, nAlgebraic, nData] = [18,0,0,0]
#number of written coordinates [nODE2, nVel2, nAcc2, nODE1, nVel1, nAlgebraic, nData] = [18,18,18,0,0,0,0]
#total columns exported  (excl. time) = 54
#number of time steps (planned) = 200
#Exudyn version = 1.10.0; Python3.11.11; Windows AVX2 FLOAT64
#
#solution information = DogEnv
2.04,-0.08609795858,-0.5057468494,0.4798374828,0.2505204704,0.2532010768,0.4576006144,-0.00329609874,-0.007158453,0.1859509011,0.07966218301,0.2822686321,0.1822074454,-0.06122905401,0.4625197136,0.328983499,0.09311809333,-0.009840142831,0.4300727417,0.3926335087,-0.2297013417,-0.2485684267,0.3887732893,0.3338798667,0.1627918942,-0.03877542812,0.08606100156,0.5318724839,0.4695324547,-0.5523937622,1.679213777,1.719034564,0.5334743621,-0.3876937307,-2.096399873,-2.126759543,0.05031107874,2.247911517,1.194978894,-0.3139867597,2.707028666,4.553258444,-3.446089322,0.3392137741,-6.834494927,-6.685983012,-1.395023515,5.620044882,-9.986210451,-7.489091117,1.17055813,3.886090268,22.23856276,23.80006258,2.506775187
2.05,-0.08206926968,-0.5080224079,0.4774128236,0.2549772224,0.2568888199,0.4589747614,-0.003833995201,-0.005365005204,0.1906434997,0.08399987546,0.2787702552,0.1956093771,-0.04429936918,0.4715891593,0.3150770352,0.06826497063,-0.03323931279,0.4218969158,0.4120304795,-0.2258227689,-0.2366672791,0.4897100848,0.4000584224,0.1144204108,-0.05073701711,0.1653884197,0.4122261611,0.4046238016,-0.26629376,1.19148991,1.648755955,0.9227698368,-1.334536416,-2.355938797,-2.219426088,-0.826001561,1.712812142,0.3441127171,0.8945490737,6.965675191,5.869149888,-4.226132571,1.716858615,-6.215690569,-10.20992812,-4.84191908,7.82807911,-19.32470656,-9.114803837,-3.53647145,13.56099749,20.78453846,24.14095971,14.35166072
2.06,-0.07786718813,-0.5102632992,0.4750795116,0.2601818775,0.2611662276,0.4599115608,-0.00426946065,-0.003978670184,0.1942908276,0.08784591003,0.2763724941,0.2066295861,-0.02825380553,0.4806426523,0.3023767623,0.04570257742,-0.0542762578,0.4141039128,0.4283144074,-0.222290389,-0.2309011477,0.5490738451,0.4545627297,0.0724834604,-0.03759784449,0.1150203405,0.3189655329,0.3675523801,-0.219745599,1.015787016,1.560475461,0.8883165872,-1.206613651,-2.157207067,-1.989273546,-0.7324058363,1.568423502,0.3609762449,0.3116468757,5.253178308,5.039439344,-4.228035098,0.9409919706,-4.046339593,-8.594309589,-2.824657256,3.188210689,-16.19998969,-8.521162453,-3.206381078,12.12103198,19.11853881,21.9673775,9.080431537
#Exudyn explicit time integration (ExplicitEuler) solver solution file
#simulation started=2026-01-27,10:20:06
#columns contain: time, ODE2 displacements, ODE2 velocities, ODE2 accelerations
#number of system coordinates [nODE2, nODE1, nAlgebraic, nData] = [18,0,0,0]
#number of written coordinates [nODE2, nVel2, nAcc2, nODE1, nVel1, nAlgebraic, nData] = [18,18,18,0,0,0,0]
#total columns exported  (excl. time) = 54
#number of time steps (planned) = 200
#Exudyn version = 1.10.0; Python3.11.11; Windows AVX2 FLOAT64
#
#solution information = DogEnv
2.06,-0.07786718813,-0.5102632992,0.4750795116,0.2601818775,0.2611662276,0.4599115608,-0.00426946065,-0.003978670184,0.1942908276,0.08784591003,0.2763724941,0.2066295861,-0.02825380553,0.4806426523,0.3023767623,0.04570257742,-0.0542762578,0.4141039128,0.4283144074,-0.222290389,-0.2309011477,0.5490738451,0.4545627297,0.0724834604,-0.03759784449,0.1150203405,0.3189655329,0.3675523801,-0.219745599,1.015787016,1.560475461,0.8883165872,-1.206613651,-2.157207067,-1.989273546,-0.7324058363,1.568423502,0.3609762449,0.3116468757,5.253178308,5.039439344,-4.228035098,0.9409919706,-4.046339593,-8.594309589,-2.824657256,3.188210689,-16.19998969,-8.521162453,-3.206381078,12.12103198,19.11853881,21.9673775,9.080431537
2.07,-0.07365459918,-0.5125909357,0.4728789133,0.2664350885,0.2666802755,0.4603674107,-0.004882122632,-0.002778332386,0.1964198194,0.09078244282,0.2762054719,0.2106435951,-0.01763648399,0.490469524,0.2886831926,0.02440770124,-0.07333567765,0.4046780026,0.4172749754,-0.2425389135,-0.2089038637,0.6937446553,0.6281329516,0.02104921472,-0.05572074184,0.1039856118,0.1132702571,0.2325847052,0.0945582295,0.1658041181,0.9233894531,0.9471751898,-1.301037673,-2.045998616,-1.781458018,-0.8907018547,-0.5056562487,-1.868147716,2.099252313,11.48367031,11.97523692,-4.244238591,3.660997624,-3.299280904,-16.74585343,-9.528990506,10.89707558,-33.10499194,-16.40398373,-9.153213295,13.41694363,5.617974963,14.65287892,12.74525999
2.08,-0.06949857357,-0.5151056179,0.4708852281,0.2738731736,0.2734450739,0.4603823359,-0.005270646987,-0.001821049323,0.1968399997,0.09272858297,0.2774825537,0.2107110832,-0.009131081036,0.4995314392,0.2763083547,0.004210262308,-0.09042198587,0.3963257838,0.4146067007,-0.2602423994,-0.1905615227,0.7893741871,0.7166761454,-0.01746512748,-0.02427130676,0.09373466601,-0.02063538529,0.1637166668,0.1478103276,-0.1517016547,0.7836055668,0.8684084994,-1.175207669,-1.993697938,-1.634457015,-0.7849660279,-0.07880528316,-1.670969911,1.556489657,8.134685258,6.476973562,-3.623176643,2.301398523,0.5353231737,-10.7072132,-4.808230528,2.198243745,-30.64257752,-11.98071353,-6.768674391,11.87304242,5.095827502,14.58704016,8.926892829
#Exudyn explicit time integration (ExplicitEuler) solver solution file
#simulation started=2026-01-27,10:20:06
#columns contain: time, ODE2 displacements, ODE2 velocities, ODE2 accelerations
#number of system coordinates [nODE2, nODE1, nAlgebraic, nData] = [18,0,0,0]
#number of written coordinates [nODE2, nVel2, nAcc2, nODE1, nVel1, nAlgebraic, nData] = [18,18,18,0,0,0,0]
#total columns exported  (excl. time) = 54
#number of time steps (planned) = 200
#Exudyn version = 1.10.0; Python3.11.11; Windows AVX2 FLOAT64
#
#solution information = DogEnv
2.08,-0.06949857357,-0.5151056179,0.4708852281,0.2738731736,0.2734450739,0.4603823359,-0.005270646987,-0.001821049323,0.1968399997,0.09272858297,0.2774825537,0.2107110832,-0.009131081036,0.4995314392,0.2763083547,0.004210262308,-0.09042198587,0.3963257838,0.4146067007,-0.2602423994,-0.1905615227,0.7893741871,0.7166761454,-0.01746512748,-0.02427130676,0.09373466601,-0.02063538529,0.1637166668,0.1478103276,-0.1517016547,0.7836055668,0.8684084994,-1.175207669,-1.993697938,-1.634457015,-0.7849660279,-0.07880528316,-1.670969911,1.556489657,8.134685258,6.476973562,-3.623176643,2.301398523,0.5353231737,-10.7072132,-4.808230528,2.198243745,-30.64257752,-11.98071353,-6.768674391,11.87304242,5.095827502,14.58704016,8.926892829
2.09,-0.06550219458,-0.5179250333,0.4691668289,0.2826034253,0.2816039162,0.4599957721,-0.005648196093,-0.0002053251906,0.1956010428,0.09352765199,0.2806997289,0.2000741101,-0.01014876509,0.508530869,0.2638442314,-0.01320971983,-0.1044167785,0.3871432199,0.3903289904,-0.3017974794,-0.1524951841,0.9412578027,0.8866259834,-0.05411914537,-0.02055475877,0.1929016351,-0.2210750259,0.01849081662,0.4202510694,-1.427217433,-0.4755377735,0.8417999704,-1.182959124,-1.728466154,-1.378257174,-0.8746150044,-1.295544566,-3.693650311,3.66069654,10.39382283,9.973613521,-1.955944628,5.352335682,2.834341118,-15.90938824,-8.320082685,8.817088473,-50.9923072,-47.17372567,-11.80510821,12.2454084,-12.13295048,-4.812452126,9.058130163
2.1,-0.06164896948,-0.5211161485,0.4678070116,0.2924429769,0.2908459785,0.4593821472,-0.005639620634,0.001876654575,0.1927208322,0.09341935944,0.2851202797,0.1833461585,-0.01684424843,0.516436472,0.2525938581,-0.03110299509,-0.1183456537,0.3787618521,0.3813761961,-0.3358037078,-0.1209187121,1.020585655,0.9530379084,-0.06705813661,0.01726085667,0.224347954,-0.3460521201,-0.0311092059,0.4498575401,-1.919876576,-0.8349554517,0.7444928565,-1.068347542,-1.851325395,-1.398832286,-0.807078067,-0.5916108428,-3.116098672,2.611569208,6.147216436,4.198232506,-0.8987280568,2.286299604,3.061940193,-9.717319848,-2.461404215,-0.3013604028,-48.49536298,-27.28658197,-8.082831505,10.79824426,-12.16999036,0.4325497141,5.286623826
#Exudyn explicit time integration (ExplicitEuler) solver solution file
#simulation started=2026-01-27,10:20:06
#columns contain: time, ODE2 displacements, ODE2 velocities, ODE2 accelerations
#number of system coordinates [nODE2, nODE1, nAlgebraic, nData] = [18,0,0,0]
#number of written coordinates [nODE2, nVel2, nAcc2, nODE1, nVel1, nAlgebraic, nData] = [18,18,18,0,0,0,0]
#total columns exported  (excl. time) = 54
#number of time steps (planned) = 200
#Exudyn version = 1.10.0; Python3.11.11; Windows AVX2 FLOAT64
#
#solution information = DogEnv
2.1,-0.06164896948,-0.5211161485,0.4678070116,0.2924429769,0.2908459785,0.4593821472,-0.005639620634,0.001876654575,0.1927208322,0.09341935944,0.2851202797,0.1833461585,-0.01684424843,0.516436472,0.2525938581,-0.03110299509,-0.1183456537,0.3787618521,0.3813761961,-0.3358037078,-0.1209187121,1.020585655,0.9530379084,-0.06705813661,0.01726085667,0.224347954,-0.3460521201,-0.0311092059,0.4498575401,-1.919876576,-0.8349554517,0.7444928565,-1.068347542,-1.851325395,-1.398832286,-0.807078067,-0.5916108428,-3.116098672,2.611569208,6.147216436,4.198232506,-0.8987280568,2.286299604,3.061940193,-9.717319848,-2.461404215,-0.3013604028,-48.49536298,-27.28658197,-8.082831505,10.79824426,-12.16999036,0.4325497141,5.286623826
2.11,-0.05786021565,-0.5246245102,0.4667158571,0.3029101858,0.3005363778,0.4586815465,-0.005377935884,0.00431430373,0.1888807801,0.09303049656,0.2901303605,0.1611507642,-0.02735819329,0.524052656,0.2411405079,-0.04977599438,-0.1320979361,0.36965205,0.3771094308,-0.365164924,-0.09899549999,1.070192475,0.9808618781,-0.07282736046,0.03217799691,0.2555572501,-0.4194942529,-0.04110264894,0.51522538,-2.478822851,-1.187752997,0.7308689449,-1.089161656,-1.929080737,-1.362750991,-0.8925370749,-0.2259433292,-2.637832732,1.595466565,3.924724749,1.566627706,-0.4698158127,0.8399308401,0.7524824211,-6.114243556,0.4553477511,-0.8531000534,-49.06102689,-18.09322107,-6.589072447,11.02283151,-13.09961375,2.928151141,5.269406805
2.12,-0.0540953692,-0.5283969236,0.4657841776,0.3137637107,0.3103872817,0.4579319304,-0.005024018401,0.006838393206,0.1844439548,0.09269180047,0.295183584,0.1340011597,-0.03992287514,0.531059454,0.2307743585,-0.06968536031,-0.1455375717,0.3609846338,0.3763165997,-0.3885742213,-0.08927972319,1.096314625,0.9860083817,-0.07701998524,0.03788716359,0.2419960038,-0.462094246,-0.02139432404,0.4919495763,-2.947783494,-1.309111777,0.6720882683,-0.9849022882,-2.050216578,-1.320625707,-0.840601201,0.05438172826,-2.051262019,0.3747457105,1.257295872,-0.4540778312,-0.39693261,0.3620194879,-3.530937706,-2.413836347,3.477787401,-2.992119735,-44.22735949,-7.450566295,-5.269998371,9.888474076,-10.83854051,5.391865649,5.159155678
#Exudyn explicit time integration (ExplicitEuler) solver solution file
#simulation started=2026-01-27,10:20:06
#columns contain: time, ODE2 displacements, ODE2 velocities, ODE2 accelerations
#number of system coordinates [nODE2, nODE1, nAlgebraic, nData] = [18,0,0,0]
#number of written coordinates [nODE2, nVel2, nAcc2, nODE1, nVel1, nAlgebraic, nData] = [18,18,18,0,0,0,0]
#total columns exported  (excl. time) = 54
#number of time steps (planned) = 200
#Exudyn version = 1.10.0; Python3.11.11; Windows AVX2 FLOAT64
#
#solution information = DogEnv
2.12,-0.0540953692,-0.5283969236,0.4657841776,0.3137637107,0.3103872817,0.4579319304,-0.005024018401,0.006838393206,0.1844439548,0.09269180047,0.295183584,0.1340011597,-0.03992287514,0.531059454,0.2307743585,-0.06968536031,-0.1455375717,0.3609846338,0.3763165997,-0.3885742213,-0.08927972319,1.096314625,0.9860083817,-0.07701998524,0.03788716359,0.2419960038,-0.462094246,-0.02139432404,0.4919495763,-2.947783494,-1.309111777,0.6720882683,-0.9849022882,-2.050216578,-1.320625707,-0.840601201,0.05438172826,-2.051262019,0.3747457105,1.257295872,-0.4540778312,-0.39693261,0.3620194879,-3.530937706,-2.413836347,3.477787401,-2.992119735,-44.22735949,-7.450566295,-5.269998371,9.888474076,-10.83854051,5.391865649,5.159155678
2.13,-0.05032039738,-0.5323745207,0.4648974709,0.3246856681,0.3201501308,0.4571625033,-0.004601828713,0.009042169969,0.1797984557,0.09273947739,0.2999944626,0.1024964795,-0.05325630254,0.5380961148,0.2194433448,-0.09064477193,-0.1584491695,0.3512534155,0.3787579657,-0.406303496,-0.08990467706,1.085321707,0.9653474133,-0.07803164872,0.0420310162,0.1877158443,-0.4635225766,0.03625136111,0.4624789826,-3.342515334,-1.347543921,0.6831924877,-1.079747395,-2.135909962,-1.257334733,-0.9524635526,0.2997531443,-1.509968551,-0.6069956231,-1.994151393,-2.435503946,-0.3733394216,-0.3672790917,-8.24668028,1.122428993,6.855311478,-3.510242529,-34.83783296,-0.7340208786,-5.003539074,10.81629855,-6.543043838,7.193498811,6.170444176
2.14,-0.04651499013,-0.5365035502,0.4639518852,0.3354025084,0.3296664932,0.4563567306,-0.0042025,0.01044032152,0.1752666981,0.09347955141,0.3044528681,0.06754116313,-0.06667886801,0.5446912767,0.209163765,-0.11224101,-0.1706451041,0.3420396268,0.382664386,-0.4187830286,-0.1008723682,1.054017481,0.936012224,-0.0839465194,0.03749179236,0.08456576807,-0.4379428412,0.116358968,0.4294529362,-3.630149667,-1.328509427,0.6364288104,-0.9768483757,-2.174351003,-1.179131833,-0.8892797398,0.4800624237,-1.003692808,-1.538072379,-4.203747131,-3.397330547,-0.836228747,-0.5577776621,-12.03399482,3.891185725,9.113273889,-3.156669847,-22.11442245,4.239608187,-4.36959381,9.7902872,-0.9478596417,8.356964902,6.410133008
#Exudyn explicit time integration (ExplicitEuler) solver solution file
#simulation started=2026-01-27,10:20:06
#columns contain: time, ODE2 displacements, ODE2 velocities, ODE2 accelerations
#number of system coordinates [nODE2, nODE1, nAlgebraic, nData] = [18,0,0,0]
#number of written coordinates [nODE2, nVel2, nAcc2, nODE1, nVel1, nAlgebraic, nData] = [18,18,18,0,0,0,0]
#total columns exported  (excl. time) = 54
#number of time steps (planned) = 200
#Exudyn version = 1.10.0; Python3.11.11; Windows AVX2 FLOAT64
#
#solution information = DogEnv
2.14,-0.04651499013,-0.5365035502,0.4639518852,0.3354025084,0.3296664932,0.4563567306,-0.0042025,0.01044032152,0.1752666981,0.09347955141,0.3044528681,0.06754116313,-0.06667886801,0.5446912767,0.209163765,-0.11224101,-0.1706451041,0.3420396268,0.382664386,-0.4187830286,-0.1008723682,1.054017481,0.936012224,-0.0839465194,0.03749179236,0.08456576807,-0.4379428412,0.116358968,0.4294529362,-3.630149667,-1.328509427,0.6364288104,-0.9768483757,-2.174351003,-1.179131833,-0.8892797398,0.4800624237,-1.003692808,-1.538072379,-4.203747131,-3.397330547,-0.836228747,-0.5577776621,-12.03399482,3.891185725,9.113273889,-3.156669847,-22.11442245,4.239608187,-4.36959381,9.7902872,-0.9478596417,8.356964902,6.410133008
2.15,-0.04265387568,-0.540733871,0.4628645147,0.3456186124,0.3387778396,0.4554995068,-0.003812663108,0.01071542387,0.1711682209,0.09519514416,0.3086642274,0.03045933371,-0.07968571983,0.5518250504,0.196496253,-0.1338917969,-0.1820185898,0.3307285154,0.3893506321,-0.4269044262,-0.1179013765,0.9893449409,0.887346916,-0.09038276376,0.03376521508,-0.03708936412,-0.3813996415,0.2290653804,0.4005913432,-3.761241162,-1.268268611,0.6977552384,-1.208970088,-2.145441398,-1.092694902,-1.107045475,0.6518006538,-0.6442646705,-2.043232812,-6.283636445,-4.478837562,-1.373040508,-1.496053808,-13.4702675,5.903493265,11.2886323,-3.724660881,-5.343969471,7.403217869,-4.983352967,12.10286262,5.747286626,8.936662481,8.318059999
2.16,-0.03872689863,-0.5450295812,0.4615751501,0.3552046505,0.3474373309,0.4545072811,-0.003549857908,0.009685225104,0.1676604648,0.09804514022,0.3124958279,-0.00716654959,-0.09196401514,0.5585652577,0.184986216,-0.1549682887,-0.192500081,0.3200762417,0.396237944,-0.4318173281,-0.1410068848,0.9279026371,0.8449278308,-0.110331585,0.01864390606,-0.1681288948,-0.3183686764,0.3419274775,0.3660804749,-3.739048379,-1.183173109,0.6507948494,-1.093786945,-2.059991639,-1.002486281,-1.022150893,0.7253626127,-0.361826501,-2.528035418,-5.877880104,-3.98797738,-2.618266853,-1.514537568,-12.23899124,6.589397752,11.19265394,-3.289441727,9.420153101,9.433224418,-4.398631868,10.96153443,11.13145695,9.064430921,8.577922105
#Exudyn explicit time integration (ExplicitEuler) solver solution file
#simulation started=2026-01-27,10:20:06
#columns contain: time, ODE2 displacements, ODE2 velocities, ODE2 accelerations
#number of system coordinates [nODE2, nODE1, nAlgebraic, nData] = [18,0,0,0]
#number of written coordinates [nODE2, nVel2, nAcc2, nODE1, nVel1, nAlgebraic, nData] = [18,18,18,0,0,0,0]
#total columns exported  (excl. time) = 54
#number of time steps (planned) = 200
#Exudyn version = 1.10.0; Python3.11.11; Windows AVX2 FLOAT64
#
#solution information = DogEnv
2.16,-0.03872689863,-0.5450295812,0.4615751501,0.3552046505,0.3474373309,0.4545072811,-0.003549857908,0.009685225104,0.1676604648,0.09804514022,0.3124958279,-0.00716654959,-0.09196401514,0.5585652577,0.184986216,-0.1549682887,-0.192500081,0.3200762417,0.396237944,-0.4318173281,-0.1410068848,0.9279026371,0.8449278308,-0.110331585,0.01864390606,-0.1681288948,-0.3183686764,0.3419274775,0.3660804749,-3.739048379,-1.183173109,0.6507948494,-1.093786945,-2.059991639,-1.002486281,-1.022150893,0.7253626127,-0.361826501,-2.528035418,-5.877880104,-3.98797738,-2.618266853,-1.514537568,-12.23899124,6.589397752,11.19265394,-3.289441727,9.420153101,9.433224418,-4.398631868,10.96153443,11.13145695,9.064430921,8.577922105
2.17,-0.03471951564,-0.549363388,0.4600464994,0.3641379899,0.355638552,0.4532835791,-0.003398750264,0.007548458774,0.16496489,0.1020793804,0.3160735681,-0.04376557529,-0.1032849394,0.5660585822,0.170509012,-0.1730535073,-0.2002492672,0.3069602698,0.4048462102,-0.4349404735,-0.1652906449,0.8639523064,0.798710125,-0.1387370769,0.005687645038,-0.2587946501,-0.2345990492,0.4611016151,0.3354782823,-3.557165516,-1.081362541,0.7344943783,-1.382028659,-1.741224106,-0.7366473383,-1.277263615,0.7853439316,-0.2706775957,-2.540233289,-4.740015999,-3.561165851,-3.87088739,-2.121383691,-8.202079272,6.321781456,10.4868894,-3.974713547,23.22049333,10.26176796,-5.190582884,13.83417844,13.56192697,7.17652199,10.98917647
2.18,-0.03063268678,-0.5537249074,0.4582654521,0.3725905969,0.363476701,0.4516782019,-0.003438578187,0.004611892468,0.1629125408,0.1071715232,0.3192447705,-0.07808119788,-0.1135829021,0.5731589987,0.1573512917,-0.1897668248,-0.207264697,0.2947334797,0.4125629843,-0.4372918397,-0.1913432802,0.8309090017,0.7711872864,-0.1853055038,-0.01292992363,-0.3231697573,-0.1772244804,0.5545961245,0.2994095855,-3.294229509,-0.9765744402,0.6863589642,-1.250374902,-1.597779735,-0.6661275984,-1.16707335,0.7641983691,-0.2126875733,-2.64078528,-1.927437847,-2.025142062,-5.377281908,-1.594659742,-4.644061563,5.160104121,8.275330471,-3.349911887,28.71286969,10.63769843,-4.441964915,12.52818088,14.90124763,6.937050318,10.95451966
#Exudyn explicit time integration (ExplicitEuler) solver solution file
#simulation started=2026-01-27,10:20:06
#columns contain: time, ODE2 displacements, ODE2 velocities, ODE2 accelerations
#number of system coordinates [nODE2, nODE1, nAlgebraic, nData] = [18,0,0,0]
#number of written coordinates [nODE2, nVel2, nAcc2, nODE1, nVel1, nAlgebraic, nData] = [18,18,18,0,0,0,0]
#total columns exported  (excl. time) = 54
#number of time steps (planned) = 200
#Exudyn version = 1.10.0; Python3.11.11; Windows AVX2 FLOAT64
#
#solution information = DogEnv
2.18,-0.03063268678,-0.5537249074,0.4582654521,0.3725905969,0.363476701,0.4516782019,-0.003438578187,0.004611892468,0.1629125408,0.1071715232,0.3192447705,-0.07808119788,-0.1135829021,0.5731589987,0.1573512917,-0.1897668248,-0.207264697,0.2947334797,0.4125629843,-0.4372918397,-0.1913432802,0.8309090017,0.7711872864,-0.1853055038,-0.01292992363,-0.3231697573,-0.1772244804,0.5545961245,0.2994095855,-3.294229509,-0.9765744402,0.6863589642,-1.250374902,-1.597779735,-0.6661275984,-1.16707335,0.7641983691,-0.2126875733,-2.64078528,-1.927437847,-2.025142062,-5.377281908,-1.594659742,-4.644061563,5.160104121,8.275330471,-3.349911887,28.71286969,10.63769843,-4.441964915,12.52818088,14.90124763,6.937050318,10.95451966
2.19,-0.02646828023,-0.558113148,0.4562335948,0.3810531343,0.371164112,0.4494775963,-0.003718928368,0.001719967104,0.1620815763,0.1129326001,0.3220934533,-0.1087674751,-0.1229099476,0.5803626862,0.1437257648,-0.1941124922,-0.2031412929,0.2822120329,0.4202211197,-0.4401090575,-0.2153286893,0.8610856663,0.7676561409,-0.2558032027,-0.03487103644,-0.3021640034,-0.0663239984,0.5976845582,0.2658744647,-2.905896981,-0.8776939628,0.7051968465,-1.297552314,-0.4137192032,0.4094334449,-1.198844029,0.7472022691,-0.2714113168,-2.395860821,3.108583207,-0.05776304443,-7.235858858,-0.579315559,-2.324357608,2.21819125,4.192340834,-3.270353682,28.50183569,12.10829505,-3.99194384,12.99061605,3.542744173,-2.443470355,11.9707625
2.2,-0.02222873784,-0.5625286757,0.4539627991,0.3898400365,0.37884882,0.4465485065,-0.004090931755,-0.001371081123,0.161508558,0.1191021915,0.3246016574,-0.1364343892,-0.1310822778,0.5872243446,0.1313724123,-0.1980615965,-0.1991610518,0.2708013174,0.4277976056,-0.4431388576,-0.2389347247,0.899003799,0.7704306747,-0.3320496216,-0.03921208369,-0.3121525218,-0.05022418016,0.635023006,0.236270824,-2.625885456,-0.7556795748,0.6674755215,-1.173928453,-0.3747018349,0.3872115407,-1.083617835,0.7679209631,-0.3387537818,-2.317495119,4.491698822,0.6085304181,-7.994442377,-0.3367493441,0.1010296638,0.9659919959,3.253902419,-2.763793066,27.67714304,12.11030734,-3.563622794,11.76281555,4.15452599,-1.969073277,11.08588542
#Exudyn explicit time integration (ExplicitEuler) solver solution file
#simulation started=2026-01-27,10:20:06
#columns contain: time, ODE2 displacements, ODE2 velocities, ODE2 accelerations
#number of system coordinates [nODE2, nODE1, nAlgebraic, nData] = [18,0,0,0]
#number of written coordinates [nODE2, nVel2, nAcc2, nODE1, nVel1, nAlgebraic, nData] = [18,18,18,0,0,0,0]
#total columns exported  (excl. time) = 54
#number of time steps (planned) = 200
#Exudyn version = 1.10.0; Python3.11.11; Windows AVX2 FLOAT64
#
#solution information = DogEnv
2.2,-0.02222873784,-0.5625286757,0.4539627991,0.3898400365,0.37884882,0.4465485065,-0.004090931755,-0.001371081123,0.161508558,0.1191021915,0.3246016574,-0.1364343892,-0.1310822778,0.5872243446,0.1313724123,-0.1980615965,-0.1991610518,0.2708013174,0.4277976056,-0.4431388576,-0.2389347247,0.899003799,0.7704306747,-0.3320496216,-0.03921208369,-0.3121525218,-0.05022418016,0.635023006,0.236270824,-2.625885456,-0.7556795748,0.6674755215,-1.173928453,-0.3747018349,0.3872115407,-1.083617835,0.7679209631,-0.3387537818,-2.317495119,4.491698822,0.6085304181,-7.994442377,-0.3367493441,0.1010296638,0.9659919959,3.253902419,-2.763793066,27.67714304,12.11030734,-3.563622794,11.76281555,4.15452599,-1.969073277,11.08588542
2.21,-0.0179054696,-0.5669925796,0.4514919148,0.3992420769,0.3866391061,0.4428028598,-0.004522089778,-0.003230010383,0.1613760902,0.1254414559,0.3268148122,-0.1598632083,-0.1411795995,0.594115495,0.1189303096,-0.1864606406,-0.1830518638,0.2594506164,0.4373827983,-0.4489057341,-0.2556471728,0.9743526647,0.7875892578,-0.4129453867,-0.03852677043,-0.1871590191,-0.02682932541,0.6368040055,0.2046222966,-2.198677392,-1.01033481,0.6746571152,-1.184467928,1.097486131,1.57517889,-1.085544503,1.019632685,-0.5154766554,-1.700683325,6.346017054,1.653586157,-7.466101135,0.7984159874,-1.836776657,-3.367849604,0.9536849857,-2.71849347,21.93187619,8.338302234,-3.694578266,11.85233423,-11.75105607,-16.22678879,10.73645238
2.22,-0.01348053724,-0.5715088267,0.4488513733,0.4092989664,0.3945990013,0.4383007164,-0.004879356505,-0.005157318969,0.1609390176,0.1318609427,0.3287390156,-0.1808039771,-0.1508838261,0.6006814173,0.1076533741,-0.1760352455,-0.1680812458,0.2491090898,0.4477698501,-0.4545662802,-0.2726158738,1.037930798,0.8048649498,-0.4886135471,-0.03366348623,-0.1954964449,-0.06124182521,0.6473275001,0.1808466383,-1.989763289,-0.9313026193,0.6384536957,-1.07165191,0.9894294323,1.419815276,-0.9834084318,1.056708655,-0.6154067854,-1.6919393,6.487660258,1.830020535,-7.684787825,0.3062415886,-0.08102894773,-3.550243376,1.047784895,-2.169368407,20.32033372,7.432875201,-3.526721005,10.73597936,-9.994351339,-14.81538753,9.73185492
#Exudyn explicit time integration (ExplicitEuler) solver solution file
#simulation started=2026-01-27,10:20:06
#columns contain: time, ODE2 displacements, ODE2 velocities, ODE2 accelerations
#number of system coordinates [nODE2, nODE1, nAlgebraic, nData] = [18,0,0,0]
#number of written coordinates [nODE2, nVel2, nAcc2, nODE1, nVel1, nAlgebraic, nData] = [18,18,18,0,0,0,0]
#total columns exported  (excl. time) = 54
#number of time steps (planned) = 200
#Exudyn version = 1.10.0; Python3.11.11; Windows AVX2 FLOAT64
#
#solution information = DogEnv
2.22,-0.01348053724,-0.5715088267,0.4488513733,0.4092989664,0.3945990013,0.4383007164,-0.004879356505,-0.005157318969,0.1609390176,0.1318609427,0.3287390156,-0.1808039771,-0.1508838261,0.6006814173,0.1076533741,-0.1760352455,-0.1680812458,0.2491090898,0.4477698501,-0.4545662802,-0.2726158738,1.037930798,0.8048649498,-0.4886135471,-0.03366348623,-0.1954964449,-0.06124182521,0.6473275001,0.1808466383,-1.989763289,-0.9313026193,0.6384536957,-1.07165191,0.9894294323,1.419815276,-0.9834084318,1.056708655,-0.6154067854,-1.6919393,6.487660258,1.830020535,-7.684787825,0.3062415886,-0.08102894773,-3.550243376,1.047784895,-2.169368407,20.32033372,7.432875201,-3.526721005,10.73597936,-9.994351339,-14.81538753,9.73185492
2.23,-0.008939979227,-0.5761022995,0.446076678,0.4199901639,0.4027091625,0.4330762393,-0.005154580338,-0.006123314816,0.1603429189,0.1383937496,0.3299207151,-0.1987535218,-0.1623175924,0.6085594359,0.09121231795,-0.1559821157,-0.1460065348,0.2348416971,0.4603752709,-0.4637283239,-0.2828774555,1.100256213,0.8179248908,-0.5560526162,-0.02440969364,-0.1060419966,-0.07942092402,0.6575862558,0.07370517278,-1.689235985,-1.131487726,0.7763783314,-1.573255257,1.900783001,2.13939067,-1.391921597,1.219216669,-0.8554125935,-1.173383271,6.728043556,1.621797577,-6.992293693,-0.1743012132,-4.071759886,-4.506685273,0.4401836431,-3.949152187,15.95298721,9.546395636,-5.415952657,15.65101889,-20.36160514,-21.05961686,12.5036253
2.24,-0.004277122068,-0.5807828277,0.4431858126,0.4313438549,0.4109773058,0.4271560269,-0.00540865421,-0.007374383196,0.1593208998,0.1449837693,0.3305384038,-0.2149145499,-0.1731729491,0.6160627825,0.07623167443,-0.1379451096,-0.1256289928,0.2215307112,0.4722170392,-0.4725757205,-0.2957844716,1.172653278,0.8365522373,-0.6299038383,-0.02613604931,-0.1429040933,-0.1257333375,0.6599776564,0.05412658406,-1.54518729,-1.040201134,0.7244768268,-1.423715246,1.7084477,1.936924901,-1.270295225,1.159398737,-0.9199841502,-1.391014294,7.622530998,2.029806915,-7.708723417,-0.06032934193,-3.144520067,-4.692220954,0.1398199138,-1.001343988,13.58954335,8.66645614,-4.989542512,14.25741547,-18.12336939,-19.39600522,11.77251088
#Exudyn explicit time integration (ExplicitEuler) solver solution file
#simulation started=2026-01-27,10:20:06
#columns contain: time, ODE2 displacements, ODE2 velocities, ODE2 accelerations
#number of system coordinates [nODE2, nODE1, nAlgebraic, nData] = [18,0,0,0]
#number of written coordinates [nODE2, nVel2, nAcc2, nODE1, nVel1, nAlgebraic, nData] = [18,18,18,0,0,0,0]
#total columns exported  (excl. time) = 54
#number of time steps (planned) = 200
#Exudyn version = 1.10.0; Python3.11.11; Windows AVX2 FLOAT64
#
#solution information = DogEnv
2.24,-0.004277122068,-0.5807828277,0.4431858126,0.4313438549,0.4109773058,0.4271560269,-0.00540865421,-0.007374383196,0.1593208998,0.1449837693,0.3305384038,-0.2149145499,-0.1731729491,0.6160627825,0.07623167443,-0.1379451096,-0.1256289928,0.2215307112,0.4722170392,-0.4725757205,-0.2957844716,1.172653278,0.8365522373,-0.6299038383,-0.02613604931,-0.1429040933,-0.1257333375,0.6599776564,0.05412658406,-1.54518729,-1.040201134,0.7244768268,-1.423715246,1.7084477,1.936924901,-1.270295225,1.159398737,-0.9199841502,-1.391014294,7.622530998,2.029806915,-7.708723417,-0.06032934193,-3.144520067,-4.692220954,0.1398199138,-1.001343988,13.58954335,8.66645614,-4.989542512,14.25741547,-18.12336939,-19.39600522,11.77251088
2.25,0.0004981216877,-0.5855864545,0.4401973824,0.4431120028,0.4193693761,0.4206136317,-0.005524519712,-0.008639671265,0.1579016996,0.1517457544,0.3281225043,-0.2296626805,-0.182980251,0.6265632241,0.048083207,-0.1228401645,-0.1082470321,0.1986991031,0.4824728536,-0.4883705369,-0.3021401042,1.192340568,0.838662359,-0.6864958947,-0.01427226987,-0.1121237601,-0.1599695045,0.7086830529,-0.3946252403,-1.386609934,-0.9435584281,1.018437894,-2.703295906,1.438643792,1.646233533,-2.206928551,0.9694472056,-1.567028191,-0.7025155694,4.101233698,-0.7417556023,-7.070614779,-0.5189077711,1.932016913,-2.86364281,3.066252095,-7.932557702,17.5917067,7.261146978,11.08193766,25.91524193,-13.92330629,-16.38539874,918.5629715
2.26,0.005366082378,-0.5905435276,0.4371295457,0.4553699096,0.4278051232,0.4133500726,-0.005742776957,-0.009825763416,0.1560646697,0.1589029846,0.3240403617,-0.2427820007,-0.192094136,0.636254184,0.02233581817,-0.1091501606,-0.09259617852,0.1771127642,0.4909441056,-0.5032339314,-0.3120467708,1.2645119,0.8506249612,-0.7691490893,-0.02703773298,-0.1289651276,-0.2096630688,0.7193549193,-0.4043128755,-1.243590791,-0.8799289166,0.9218804558,-2.447266676,1.29911681,1.484343778,-2.064102581,0.7802771221,-1.51009153,-1.130422328,8.298337133,1.662120244,-8.789839603,-0.5368085319,-2.385488781,-5.33834591,0.3181138469,2.707229693,12.32041684,5.965971853,-8.204884969,24.46125172,-13.51700095,-15.56718838,53.12045951
#Exudyn explicit time integration (ExplicitEuler) solver solution file
#simulation started=2026-01-27,10:20:06
#columns contain: time, ODE2 displacements, ODE2 velocities, ODE2 accelerations
#number of system coordinates [nODE2, nODE1, nAlgebraic, nData] = [18,0,0,0]
#number of written coordinates [nODE2, nVel2, nAcc2, nODE1, nVel1, nAlgebraic, nData] = [18,18,18,0,0,0,0]
#total columns exported  (excl. time) = 54
#number of time steps (planned) = 200
#Exudyn version = 1.10.0; Python3.11.11; Windows AVX2 FLOAT64
#
#solution information = DogEnv
2.26,0.005366082378,-0.5905435276,0.4371295457,0.4553699096,0.4278051232,0.4133500726,-0.005742776957,-0.009825763416,0.1560646697,0.1589029846,0.3240403617,-0.2427820007,-0.192094136,0.636254184,0.02233581817,-0.1091501606,-0.09259617852,0.1771127642,0.4909441056,-0.5032339314,-0.3120467708,1.2645119,0.8506249612,-0.7691490893,-0.02703773298,-0.1289651276,-0.2096630688,0.7193549193,-0.4043128755,-1.243590791,-0.8799289166,0.9218804558,-2.447266676,1.29911681,1.484343778,-2.064102581,0.7802771221,-1.51009153,-1.130422328,8.298337133,1.662120244,-8.789839603,-0.5368085319,-2.385488781,-5.33834591,0.3181138469,2.707229693,12.32041684,5.965971853,-8.204884969,24.46125172,-13.51700095,-15.56718838,53.12045951
2.27,0.01027083859,-0.5957095151,0.4339919693,0.4680393798,0.4364865113,0.4053712153,-0.005895920386,-0.01100444675,0.1535744173,0.1656720828,0.3141354899,-0.2548875369,-0.1998727637,0.6474086205,-0.01278018712,-0.1014483396,-0.08263832399,0.1504737394,0.4906853177,-0.5296368539,-0.3162209559,1.278859995,0.8742766897,-0.8354940355,-0.016440347,-0.07455898184,-0.2788325034,0.7080886514,-1.243579522,-1.126367025,-0.7589618827,1.07917817,-3.367075219,0.7404045258,0.9174972612,-1.791091654,0.4571631266,-3.761894239,1.044687326,-16.65660076,-16.93434671,-2.457226877,18.80699723,36.95246971,15.36860397,26.39970005,5.209526813,28.07871069,8.259324729,390.7410424,23.29080106,-1.042917738,-2.32010036,16097.70852
2.28,0.01518425666,-0.6011209533,0.430790634,0.4811633967,0.4452957786,0.396561831,-0.006129172943,-0.01162986376,0.1504863485,0.1729036679,0.3017556124,-0.2653466481,-0.2073832534,0.6573203912,-0.04485126799,-0.0943495013,-0.07401057674,0.1255676411,0.491994641,-0.5529148211,-0.3244029301,1.350667902,0.8870592916,-0.9286541858,-0.02639131958,-0.05671703918,-0.3381135904,0.7361179108,-1.200027476,-0.9739504895,-0.741741062,0.9445802103,-3.048918194,0.6776741574,0.8097031833,-1.631250299,0.3278020038,-3.624505291,0.5815702203,-10.76124153,-14.19273649,-4.392348331,17.19699363,28.35814285,12.32220435,27.28228009,23.5737061,20.56825223,7.453652178,373.8929652,22.56472952,-2.364324315,-1.545500761,15139.14484
#Exudyn explicit time integration (ExplicitEuler) solver solution file
#simulation started=2026-01-27,10:20:06
#columns contain: time, ODE2 displacements, ODE2 velocities, ODE2 accelerations
#number of system coordinates [nODE2, nODE1, nAlgebraic, nData] = [18,0,0,0]
#number of written coordinates [nODE2, nVel2, nAcc2, nODE1, nVel1, nAlgebraic, nData] = [18,18,18,0,0,0,0]
#total columns exported  (excl. time) = 54
#number of time steps (planned) = 200
#Exudyn version = 1.10.0; Python3.11.11; Windows AVX2 FLOAT64
#
#solution information = DogEnv
2.28,0.01518425666,-0.6011209533,0.430790634,0.4811633967,0.4452957786,0.396561831,-0.006129172943,-0.01162986376,0.1504863485,0.1729036679,0.3017556124,-0.2653466481,-0.2073832534,0.6573203912,-0.04485126799,-0.0943495013,-0.07401057674,0.1255676411,0.491994641,-0.5529148211,-0.3244029301,1.350667902,0.8870592916,-0.9286541858,-0.02639131958,-0.05671703918,-0.3381135904,0.7361179108,-1.200027476,-0.9739504895,-0.741741062,0.9445802103,-3.048918194,0.6776741574,0.8097031833,-1.631250299,0.3278020038,-3.624505291,0.5815702203,-10.76124153,-14.19273649,-4.392348331,17.19699363,28.35814285,12.32220435,27.28228009,23.5737061,20.56825223,7.453652178,373.8929652,22.56472952,-2.364324315,-1.545500761,15139.14484
2.29,0.02005097818,-0.6068338495,0.4275405636,0.4948000909,0.454407883,0.3869236339,-0.006299798689,-0.01204916122,0.1465857844,0.1798467678,0.2824210755,-0.2747910816,-0.2143433056,0.6641752541,-0.07371823529,-0.09158013699,-0.0698254978,0.1065817147,0.4834903356,-0.5881017536,-0.3271850843,1.382559235,0.9209912967,-1.005397974,-0.01414511253,0.0004980040254,-0.4270205795,0.7147999791,-2.202385457,-0.8696549822,-0.6980012884,0.6396832711,-2.757655382,0.2708511047,0.366227034,-0.6503106638,-0.2272205249,-5.117160737,1.560635169,-22.80335107,-21.39833861,-1.398013805,24.16013216,48.34137262,19.8741251,56.65558579,13.67430791,28.1407791,5.898914478,581.7722374,16.35303026,5.597765109,7.574753751,22997.06956
2.3,0.0248686532,-0.6128639105,0.4242335373,0.5089739816,0.4636655069,0.376402626,-0.006470965176,-0.01189866288,0.1420126537,0.1871566175,0.2608374855,-0.2827886736,-0.2213747736,0.6696947188,-0.09999077635,-0.08895039412,-0.0665040758,0.0892461439,0.4801923556,-0.6182596145,-0.334430639,1.455647046,0.928368398,-1.100400632,-0.01728280849,0.02396047605,-0.4851688445,0.7485049718,-2.076015393,-0.7382674191,-0.7061074867,0.5246097871,-2.498035163,0.2534112903,0.3005614405,-0.5523563273,-0.2008699241,-4.978208339,1.200644695,-18.04205107,-19.83325898,-2.662153348,22.45392063,40.23977995,18.3506733,52.10017975,35.61463329,20.95104038,5.972928842,571.4228679,16.49591119,3.756417243,8.195017976,22334.54648
#Exudyn explicit time integration (ExplicitEuler) solver solution file
#simulation started=2026-01-27,10:20:07
#columns contain: time, ODE2 displacements, ODE2 velocities, ODE2 accelerations
#number of system coordinates [nODE2, nODE1, nAlgebraic, nData] = [18,0,0,0]
#number of written coordinates [nODE2, nVel2, nAcc2, nODE1, nVel1, nAlgebraic, nData] = [18,18,18,0,0,0,0]
#total columns exported  (excl. time) = 54
#number of time steps (planned) = 200
#Exudyn version = 1.10.0; Python3.11.11; Windows AVX2 FLOAT64
#
#solution information = DogEnv
2.3,0.0248686532,-0.6128639105,0.4242335373,0.5089739816,0.4636655069,0.376402626,-0.006470965176,-0.01189866288,0.1420126537,0.1871566175,0.2608374855,-0.2827886736,-0.2213747736,0.6696947188,-0.09999077635,-0.08895039412,-0.0665040758,0.0892461439,0.4801923556,-0.6182596145,-0.334430639,1.455647046,0.928368398,-1.100400632,-0.01728280849,0.02396047605,-0.4851688445,0.7485049718,-2.076015393,-0.7382674191,-0.7061074867,0.5246097871,-2.498035163,0.2534112903,0.3005614405,-0.5523563273,-0.2008699241,-4.978208339,1.200644695,-18.04205107,-19.83325898,-2.662153348,22.45392063,40.23977995,18.3506733,52.10017975,35.61463329,20.95104038,5.972928842,571.4228679,16.49591119,3.756417243,8.195017976,22334.54648
2.31,0.02960511444,-0.6192571481,0.4208855797,0.5236684388,0.4731234122,0.3650552938,-0.006528724165,-0.01145305289,0.1366879504,0.1943165768,0.2340255238,-0.2898594088,-0.228318044,0.6725565016,-0.1236290116,-0.08925357714,-0.0664694767,0.07668380389,0.4691226215,-0.65916166,-0.3363696015,1.487580514,0.9506114802,-1.174142534,-0.0009024548819,0.08402531474,-0.5669233213,0.7423800693,-2.872943001,-0.6453836326,-0.7093192325,0.2559096701,-2.25914656,-0.02315397121,-0.02891975944,0.2053570096,-0.6869897944,-6.247223587,1.952688725,-27.33305786,-24.14525703,0.1300785849,26.36491333,54.77063626,22.67186901,76.82249998,23.5679951,25.55417201,3.501406891,725.4183663,13.12808044,8.974971839,14.49664749,28026.98184
2.32,0.03426610758,-0.6260284845,0.4174940381,0.5388836337,0.4826475573,0.3528739574,-0.006565241907,-0.01050212479,0.1307274682,0.2019175432,0.2061354104,-0.2957872252,-0.2355520606,0.6742289915,-0.145153494,-0.08944379781,-0.06695131942,0.06506810873,0.4632103433,-0.6955682048,-0.3421053863,1.558506658,0.952040433,-1.263466809,-0.003812551373,0.1013164678,-0.622417735,0.7809830468,-2.670930163,-0.54755476,-0.7342077673,0.1528161884,-2.046589101,-0.01620001232,-0.06421490626,0.2404461567,-0.6421185249,-6.116831249,1.599336296,-22.64977544,-22.41739134,-1.016428895,24.54691617,46.88344833,21.25779439,73.22465561,42.12543717,19.05441903,4.31960242,714.5053436,13.88544308,6.872477976,14.86593235,27377.0147
#Exudyn explicit time integration (ExplicitEuler) solver solution file
#simulation started=2026-01-27,10:20:07
#columns contain: time, ODE2 displacements, ODE2 velocities, ODE2 accelerations
#number of system coordinates [nODE2, nODE1, nAlgebraic, nData] = [18,0,0,0]
#number of written coordinates [nODE2, nVel2, nAcc2, nODE1, nVel1, nAlgebraic, nData] = [18,18,18,0,0,0,0]
#total columns exported  (excl. time) = 54
#number of time steps (planned) = 200
#Exudyn version = 1.10.0; Python3.11.11; Windows AVX2 FLOAT64
#
#solution information = DogEnv
2.32,0.03426610758,-0.6260284845,0.4174940381,0.5388836337,0.4826475573,0.3528739574,-0.006565241907,-0.01050212479,0.1307274682,0.2019175432,0.2061354104,-0.2957872252,-0.2355520606,0.6742289915,-0.145153494,-0.08944379781,-0.06695131942,0.06506810873,0.4632103433,-0.6955682048,-0.3421053863,1.558506658,0.952040433,-1.263466809,-0.003812551373,0.1013164678,-0.622417735,0.7809830468,-2.670930163,-0.54755476,-0.7342077673,0.1528161884,-2.046589101,-0.01620001232,-0.06421490626,0.2404461567,-0.6421185249,-6.116831249,1.599336296,-22.64977544,-22.41739134,-1.016428895,24.54691617,46.88344833,21.25779439,73.22465561,42.12543717,19.05441903,4.31960242,714.5053436,13.88544308,6.872477976,14.86593235,27377.0147
2.33,0.03883404202,-0.6332100897,0.4140668513,0.5546602976,0.4922775474,0.3399074331,-0.006503964529,-0.009305814034,0.1241000004,0.2095268611,0.1754437539,-0.3009828414,-0.2430554398,0.6737628141,-0.1645290485,-0.09075560294,-0.06901965217,0.05674423572,0.4519496438,-0.7400469858,-0.3442162984,1.600652614,0.9651378615,-1.333798819,0.01039732833,0.1439995489,-0.6932807163,0.7870401051,-3.158827835,-0.4766510734,-0.764127548,-0.06408469255,-1.850731095,-0.1229180763,-0.2202876187,0.751370596,-1.016770086,-7.04538092,2.029266756,-28.38942977,-24.18411869,1.053820415,26.28042625,55.41356346,23.21669198,92.25232489,30.68915286,20.84501853,3.897941141,817.0330641,12.52307211,8.614523149,17.97133446,31072.16667
2.34,0.04331743956,-0.6408132058,0.4105978001,0.5710461542,0.5019436146,0.3261549219,-0.006430356999,-0.00787516101,0.1168866508,0.2175712605,0.1449838226,-0.3054235772,-0.2507689004,0.672200207,-0.1821610785,-0.09192789377,-0.07130767087,0.0488144822,0.4448393038,-0.7811521453,-0.3497793787,1.679093325,0.9658718261,-1.4179435,0.006847705738,0.1390141148,-0.7467854405,0.8324356218,-2.907535789,-0.4158302964,-0.7757147706,-0.1726327532,-1.676252879,-0.1119785644,-0.234259375,0.7048619899,-0.972931535,-6.882969184,1.616844913,-23.29294442,-21.98943503,-0.2674347819,23.99958694,47.53844158,21.15368125,91.58895348,43.05776551,16.01921932,4.321653124,787.0795917,13.52695547,6.865221643,17.50588606,29849.07454
#Exudyn explicit time integration (ExplicitEuler) solver solution file
#simulation started=2026-01-27,10:20:07
#columns contain: time, ODE2 displacements, ODE2 velocities, ODE2 accelerations
#number of system coordinates [nODE2, nODE1, nAlgebraic, nData] = [18,0,0,0]
#number of written coordinates [nODE2, nVel2, nAcc2, nODE1, nVel1, nAlgebraic, nData] = [18,18,18,0,0,0,0]
#total columns exported  (excl. time) = 54
#number of time steps (planned) = 200
#Exudyn version = 1.10.0; Python3.11.11; Windows AVX2 FLOAT64
#
#solution information = DogEnv
2.34,0.04331743956,-0.6408132058,0.4105978001,0.5710461542,0.5019436146,0.3261549219,-0.006430356999,-0.00787516101,0.1168866508,0.2175712605,0.1449838226,-0.3054235772,-0.2507689004,0.672200207,-0.1821610785,-0.09192789377,-0.07130767087,0.0488144822,0.4448393038,-0.7811521453,-0.3497793787,1.679093325,0.9658718261,-1.4179435,0.006847705738,0.1390141148,-0.7467854405,0.8324356218,-2.907535789,-0.4158302964,-0.7757147706,-0.1726327532,-1.676252879,-0.1119785644,-0.234259375,0.7048619899,-0.972931535,-6.882969184,1.616844913,-23.29294442,-21.98943503,-0.2674347819,23.99958694,47.53844158,21.15368125,91.58895348,43.05776551,16.01921932,4.321653124,787.0795917,13.52695547,6.865221643,17.50588606,29849.07454
2.35,0.04771305883,-0.6488594833,0.4070896607,0.5881749518,0.5116545616,0.3116284032,-0.006302290266,-0.006500756751,0.1090971505,0.226541316,0.1133471287,-0.3093818158,-0.258602707,0.6678473113,-0.1980360772,-0.09250301498,-0.07327880163,0.042571592,0.4356045977,-0.8274611768,-0.352598138,1.753051,0.9708000556,-1.491349439,0.01409701251,0.1265869797,-0.8069296811,0.9304395317,-3.188116728,-0.368918541,-0.7808513768,-0.4778850048,-1.515551252,-0.05563975371,-0.2015653962,0.768482031,-1.102744758,-7.001793854,1.480382362,-19.6533537,-19.11547683,-0.9268636613,20.2884666,41.36317793,17.32726077,93.99716215,30.13831211,14.21920771,4.310561174,731.5831825,13.51448371,4.98942544,15.66110261,27591.25936
2.36,0.05203720327,-0.6573488693,0.4035315814,0.6062212725,0.521366635,0.2962893441,-0.006190588871,-0.005495427541,0.100754856,0.2359100355,0.08271311525,-0.3128999977,-0.2663494327,0.6621948118,-0.2124751272,-0.09305433598,-0.07533438101,0.03642299812,0.4291213716,-0.8710647596,-0.3594622897,1.858003246,0.9702822308,-1.577803866,0.0105332304,0.0751608612,-0.859902351,0.9489473512,-2.920071121,-0.3368000158,-0.7669331424,-0.5806875238,-1.372481257,-0.05425284492,-0.2071014809,0.6430721288,-1.169422092,-6.771915831,0.8858479721,-14.25538521,-16.09451808,-2.626175407,17.41271853,34.70104798,14.11836452,88.72049807,38.0287386,10.66720007,3.827027825,673.5272278,14.19357519,4.297374437,14.51586732,25272.00813
#Exudyn explicit time integration (ExplicitEuler) solver solution file
#simulation started=2026-01-27,10:20:07
#columns contain: time, ODE2 displacements, ODE2 velocities, ODE2 accelerations
#number of system coordinates [nODE2, nODE1, nAlgebraic, nData] = [18,0,0,0]
#number of written coordinates [nODE2, nVel2, nAcc2, nODE1, nVel1, nAlgebraic, nData] = [18,18,18,0,0,0,0]
#total columns exported  (excl. time) = 54
#number of time steps (planned) = 200
#Exudyn version = 1.10.0; Python3.11.11; Windows AVX2 FLOAT64
#
#solution information = DogEnv
2.36,0.05203720327,-0.6573488693,0.4035315814,0.6062212725,0.521366635,0.2962893441,-0.006190588871,-0.005495427541,0.100754856,0.2359100355,0.08271311525,-0.3128999977,-0.2663494327,0.6621948118,-0.2124751272,-0.09305433598,-0.07533438101,0.03642299812,0.4291213716,-0.8710647596,-0.3594622897,1.858003246,0.9702822308,-1.577803866,0.0105332304,0.0751608612,-0.859902351,0.9489473512,-2.920071121,-0.3368000158,-0.7669331424,-0.5806875238,-1.372481257,-0.05425284492,-0.2071014809,0.6430721288,-1.169422092,-6.771915831,0.8858479721,-14.25538521,-16.09451808,-2.626175407,17.41271853,34.70104798,14.11836452,88.72049807,38.0287386,10.66720007,3.827027825,673.5272278,14.19357519,4.297374437,14.51586732,25272.00813
2.37,0.05627831897,-0.6663002005,0.3999074349,0.6252590658,0.5311094027,0.2801411565,-0.006030137258,-0.004874571729,0.09185995988,0.2456454052,0.05199515215,-0.3161671758,-0.2739573975,0.6544557915,-0.2254808771,-0.09215286429,-0.07602551384,0.03140327289,0.4198903742,-0.9190152631,-0.3662085627,1.954312941,0.9751158421,-1.655366929,0.01749446856,0.04093152933,-0.9175387445,0.9841282678,-3.053346056,-0.30781795,-0.743156811,-0.8020913339,-1.240931765,0.08662009636,-0.07111062875,0.6092316658,-1.348490515,-6.779477218,0.5307088224,-10.6635188,-12.88089761,-3.371012833,13.90372091,29.57991602,10.16220196,81.98984608,27.40007159,9.738940539,4.826437518,594.5565034,13.71181574,1.910423211,11.55800608,22208.92886
2.38,0.06043811392,-0.6757192766,0.3961928389,0.64538117,0.5408819336,0.2631549626,-0.005871509302,-0.004744277643,0.0824030639,0.255418758,0.02272278021,-0.3191167159,-0.2811790775,0.6457287627,-0.2373037655,-0.09133916791,-0.07675968766,0.02628844545,0.4117897846,-0.9655019592,-0.377323504,2.071453485,0.9788496135,-1.743044903,0.01589283683,-0.01262321185,-0.9730836674,0.976172375,-2.787883598,-0.2832452345,-0.6987542613,-0.8858,-1.123651319,0.07652402211,-0.07307770646,0.4731622801,-1.456184056,-6.583600568,-0.05832324214,-6.46065866,-10.31359523,-4.643713529,11.69838083,24.95553403,7.502880389,72.76984597,32.77378587,7.316097388,5.223082117,535.7689987,13.72431478,1.705106324,10.87673214,19935.54498
#Exudyn explicit time integration (ExplicitEuler) solver solution file
#simulation started=2026-01-27,10:20:07
#columns contain: time, ODE2 displacements, ODE2 velocities, ODE2 accelerations
#number of system coordinates [nODE2, nODE1, nAlgebraic, nData] = [18,0,0,0]
#number of written coordinates [nODE2, nVel2, nAcc2, nODE1, nVel1, nAlgebraic, nData] = [18,18,18,0,0,0,0]
#total columns exported  (excl. time) = 54
#number of time steps (planned) = 200
#Exudyn version = 1.10.0; Python3.11.11; Windows AVX2 FLOAT64
#
#solution information = DogEnv
2.38,0.06043811392,-0.6757192766,0.3961928389,0.64538117,0.5408819336,0.2631549626,-0.005871509302,-0.004744277643,0.0824030639,0.255418758,0.02272278021,-0.3191167159,-0.2811790775,0.6457287627,-0.2373037655,-0.09133916791,-0.07675968766,0.02628844545,0.4117897846,-0.9655019592,-0.377323504,2.071453485,0.9788496135,-1.743044903,0.01589283683,-0.01262321185,-0.9730836674,0.976172375,-2.787883598,-0.2832452345,-0.6987542613,-0.8858,-1.123651319,0.07652402211,-0.07307770646,0.4731622801,-1.456184056,-6.583600568,-0.05832324214,-6.46065866,-10.31359523,-4.643713529,11.69838083,24.95553403,7.502880389,72.76984597,32.77378587,7.316097388,5.223082117,535.7689987,13.72431478,1.705106324,10.87673214,19935.54498
2.39,0.06449818482,-0.685623774,0.3923613673,0.6666135031,0.5507289375,0.2453416375,-0.005661406027,-0.005005657164,0.07236544858,0.2652113997,-0.005909285542,-0.3218802578,-0.2878421952,0.635461348,-0.2479584656,-0.08922400224,-0.0760444378,0.02185965692,0.4005945192,-1.015534349,-0.3898452605,2.179030711,0.9889952924,-1.82267595,0.02258493479,-0.04419471802,-1.033811506,0.9781891029,-2.816989916,-0.2610996707,-0.6248737767,-1.049688288,-1.015998931,0.2031002964,0.0747602997,0.4099371305,-1.646765254,-6.578800299,-0.4573516653,-3.849622071,-7.70961168,-5.042936845,9.230086509,21.4546055,4.453220829,62.27729853,24.7132183,6.834907631,8.048117013,464.0655851,12.80192971,-0.1785258166,8.994387414,17222.86773
2.4,0.06845037589,-0.6960222539,0.3883824829,0.6890118768,0.5606750095,0.2266848856,-0.005441983346,-0.005662172211,0.06172358794,0.274876715,-0.03286715725,-0.3243771684,-0.2936456014,0.6243628014,-0.2576380185,-0.08728983729,-0.0752558989,0.01719165628,0.3894489173,-1.064875277,-0.4066550436,2.301978812,1.000127186,-1.909674361,0.022464065,-0.08492427261,-1.094425468,0.9595885006,-2.565505661,-0.238977893,-0.5321268132,-1.125642696,-0.9198358194,0.1841195717,0.0858958969,0.2923974374,-1.777202597,-6.448891362,-0.9844221123,-0.9202582716,-5.918568882,-5.829990587,7.860273372,18.47494245,2.645182307,53.38064245,28.26227358,5.2716872,9.314173397,419.3886315,12.4206862,-0.1586979145,9.134525899,15524.88616
#Exudyn explicit time integration (ExplicitEuler) solver solution file
#simulation started=2026-01-27,10:20:07
#columns contain: time, ODE2 displacements, ODE2 velocities, ODE2 accelerations
#number of system coordinates [nODE2, nODE1, nAlgebraic, nData] = [18,0,0,0]
#number of written coordinates [nODE2, nVel2, nAcc2, nODE1, nVel1, nAlgebraic, nData] = [18,18,18,0,0,0,0]
#total columns exported  (excl. time) = 54
#number of time steps (planned) = 200
#Exudyn version = 1.10.0; Python3.11.11; Windows AVX2 FLOAT64
#
#solution information = DogEnv
2.4,0.06845037589,-0.6960222539,0.3883824829,0.6890118768,0.5606750095,0.2266848856,-0.005441983346,-0.005662172211,0.06172358794,0.274876715,-0.03286715725,-0.3243771684,-0.2936456014,0.6243628014,-0.2576380185,-0.08728983729,-0.0752558989,0.01719165628,0.3894489173,-1.064875277,-0.4066550436,2.301978812,1.000127186,-1.909674361,0.022464065,-0.08492427261,-1.094425468,0.9595885006,-2.565505661,-0.238977893,-0.5321268132,-1.125642696,-0.9198358194,0.1841195717,0.0858958969,0.2923974374,-1.777202597,-6.448891362,-0.9844221123,-0.9202582716,-5.918568882,-5.829990587,7.860273372,18.47494245,2.645182307,53.38064245,28.26227358,5.2716872,9.314173397,419.3886315,12.4206862,-0.1586979145,9.134525899,15524.88616
2.41,0.07227337935,-0.7069294078,0.3842246155,0.7125940006,0.570764654,0.2071987703,-0.005174134869,-0.006626908668,0.05045472145,0.2844211007,-0.05874937563,-0.3266971842,-0.2983699195,0.6120226448,-0.2663655163,-0.08489570129,-0.07362046856,0.01284547722,0.3752027008,-1.116892397,-0.4258325984,2.418126808,1.0169918,-1.990176211,0.0282820557,-0.109302352,-1.159323885,0.9487204018,-2.526206859,-0.2193982963,-0.4079965133,-1.257955258,-0.8317232958,0.2294020941,0.1750411903,0.229984511,-1.978971126,-6.458409434,-1.387665437,0.8752946321,-4.150671417,-6.004360358,6.312903732,16.2555005,0.6465702542,44.42506081,22.25845405,5.029354576,11.69471124,367.5516559,11.40500195,-0.8905054867,8.502237491,13590.7551
2.42,0.07595324946,-0.7183532524,0.3798533204,0.7374115635,0.581022465,0.1868719084,-0.004891379909,-0.007873868923,0.03853660587,0.2937843125,-0.08288780544,-0.3287832394,-0.3018103941,0.5988862495,-0.274288894,-0.08270105884,-0.07175394145,0.008152146825,0.360293682,-1.168568757,-0.4492598866,2.546855986,1.034518438,-2.076075886,0.02913466653,-0.1385317077,-1.224299708,0.9275206044,-2.295514494,-0.1980525822,-0.278521164,-1.334149006,-0.7528569389,0.209909109,0.1998202526,0.1360554726,-2.134652119,-6.380040466,-1.870689918,2.873004615,-3.085723313,-6.459776433,5.539465412,14.32369155,-0.3747926437,37.86880402,24.36312074,4.136099928,11.69333315,339.2456596,10.91476817,-0.7892215929,8.40720753,12520.88134
#Exudyn explicit time integration (ExplicitEuler) solver solution file
#simulation started=2026-01-27,10:20:07
#columns contain: time, ODE2 displacements, ODE2 velocities, ODE2 accelerations
#number of system coordinates [nODE2, nODE1, nAlgebraic, nData] = [18,0,0,0]
#number of written coordinates [nODE2, nVel2, nAcc2, nODE1, nVel1, nAlgebraic, nData] = [18,18,18,0,0,0,0]
#total columns exported  (excl. time) = 54
#number of time steps (planned) = 200
#Exudyn version = 1.10.0; Python3.11.11; Windows AVX2 FLOAT64
#
#solution information = DogEnv
2.42,0.07595324946,-0.7183532524,0.3798533204,0.7374115635,0.581022465,0.1868719084,-0.004891379909,-0.007873868923,0.03853660587,0.2937843125,-0.08288780544,-0.3287832394,-0.3018103941,0.5988862495,-0.274288894,-0.08270105884,-0.07175394145,0.008152146825,0.360293682,-1.168568757,-0.4492598866,2.546855986,1.034518438,-2.076075886,0.02913466653,-0.1385317077,-1.224299708,0.9275206044,-2.295514494,-0.1980525822,-0.278521164,-1.334149006,-0.7528569389,0.209909109,0.1998202526,0.1360554726,-2.134652119,-6.380040466,-1.870689918,2.873004615,-3.085723313,-6.459776433,5.539465412,14.32369155,-0.3747926437,37.86880402,24.36312074,4.136099928,11.69333315,339.2456596,10.91476817,-0.7892215929,8.40720753,12520.88134
2.43,0.07946756133,-0.7303054306,0.3752342992,0.7634807494,0.5914781133,0.1657231399,-0.004560405033,-0.009340048833,0.02599276796,0.3029888167,-0.1058522061,-0.3306967854,-0.3040214325,0.5846132098,-0.2814337827,-0.08133045193,-0.07031182785,0.003554607306,0.3424703282,-1.222263077,-0.4755095205,2.670508923,1.055839846,-2.155933577,0.03467650568,-0.1555274018,-1.28588663,0.9133814026,-2.232663807,-0.1816915211,-0.1616651281,-1.454590036,-0.680714522,0.1309902063,0.1589110548,0.08433153696,-2.322355491,-6.397642343,-2.254361431,4.051393753,-2.024374344,-6.430746594,4.559587099,12.93427293,-1.164312128,31.64773596,19.58039668,3.923896622,10.59978884,305.38767,9.990242267,-0.01134751071,8.404038871,11265.26298
2.44,0.08280174335,-0.7427911441,0.3703315201,0.7908498397,0.6021395163,0.1437500689,-0.004208986425,-0.01101460091,0.0128250769,0.31200623,-0.1271683131,-0.3324061588,-0.3050465772,0.5695224034,-0.2879184727,-0.08006238282,-0.06857397211,-0.0014630369,0.323861868,-1.275515688,-0.5059683722,2.804797256,1.076323016,-2.239348123,0.03627529602,-0.1785284392,-1.347256084,0.8928091421,-2.026302512,-0.159966653,-0.04374892084,-1.534042474,-0.6161000883,0.1229728271,0.1888654039,0.009775015123,-2.482075972,-6.335363332,-2.703221495,5.402632616,-1.444340589,-6.630876338,4.105055913,11.55116837,-1.484360188,27.41451986,20.94504832,3.535498952,9.599583756,290.4728233,9.552360465,0.04428388663,7.878704068,10694.21869
#Exudyn explicit time integration (ExplicitEuler) solver solution file
#simulation started=2026-01-27,10:20:07
#columns contain: time, ODE2 displacements, ODE2 velocities, ODE2 accelerations
#number of system coordinates [nODE2, nODE1, nAlgebraic, nData] = [18,0,0,0]
#number of written coordinates [nODE2, nVel2, nAcc2, nODE1, nVel1, nAlgebraic, nData] = [18,18,18,0,0,0,0]
#total columns exported  (excl. time) = 54
#number of time steps (planned) = 200
#Exudyn version = 1.10.0; Python3.11.11; Windows AVX2 FLOAT64
#
#solution information = DogEnv
2.44,0.08280174335,-0.7427911441,0.3703315201,0.7908498397,0.6021395163,0.1437500689,-0.004208986425,-0.01101460091,0.0128250769,0.31200623,-0.1271683131,-0.3324061588,-0.3050465772,0.5695224034,-0.2879184727,-0.08006238282,-0.06857397211,-0.0014630369,0.323861868,-1.275515688,-0.5059683722,2.804797256,1.076323016,-2.239348123,0.03627529602,-0.1785284392,-1.347256084,0.8928091421,-2.026302512,-0.159966653,-0.04374892084,-1.534042474,-0.6161000883,0.1229728271,0.1888654039,0.009775015123,-2.482075972,-6.335363332,-2.703221495,5.402632616,-1.444340589,-6.630876338,4.105055913,11.55116837,-1.484360188,27.41451986,20.94504832,3.535498952,9.599583756,290.4728233,9.552360465,0.04428388663,7.878704068,10694.21869
2.45,0.08593645819,-0.7558171322,0.3651099298,0.819538916,0.6130218879,0.1209764484,-0.003813076004,-0.01283741767,-0.0008369004581,0.3208573043,-0.1472861861,-0.3339533449,-0.3052021739,0.5533478215,-0.293767288,-0.08088611933,-0.06873229433,-0.006564928715,0.3029226639,-1.330070839,-0.539329072,2.936241228,1.099314974,-2.31716077,0.04108121023,-0.1904209634,-1.39056843,0.8773050273,-1.948831259,-0.1482416476,0.01674293136,-1.64762342,-0.5570532105,-0.07871058753,0.0002622510249,-0.0329591852,-2.622072172,-6.337701368,-3.045746933,6.261762274,-0.8085091326,-6.495007445,3.423737429,10.51189354,-1.074878269,23.41218194,17.1481955,3.194954301,6.008292005,271.41169,8.806631711,2.231036171,8.903009392,9982.410363
2.46,0.08886055411,-0.7693840037,0.359534597,0.8495939613,0.6241223669,0.09740966878,-0.003395235391,-0.0148624453,-0.01497908562,0.3295186694,-0.1658780957,-0.335323788,-0.3046334881,0.5363227472,-0.2990738915,-0.0816018957,-0.06854335915,-0.01213130109,0.2814063032,-1.383858878,-0.5767168015,3.076211435,1.120717479,-2.396673627,0.04298211755,-0.2143665206,-1.436990464,0.8570679953,-1.766685457,-0.1250307637,0.09739305047,-1.730716179,-0.5041219217,-0.06414198828,0.03739997161,-0.09108477011,-2.770910013,-6.265653799,-3.458060002,7.182669718,-0.4463663151,-6.542612263,3.091889046,9.392715076,-0.9457426724,20.89221865,17.84503037,3.28673118,5.746560796,267.1944741,8.469764761,2.158660762,8.387878789,9800.110664
#Exudyn explicit time integration (ExplicitEuler) solver solution file
#simulation started=2026-01-27,10:20:07
#columns contain: time, ODE2 displacements, ODE2 velocities, ODE2 accelerations
#number of system coordinates [nODE2, nODE1, nAlgebraic, nData] = [18,0,0,0]
#number of written coordinates [nODE2, nVel2, nAcc2, nODE1, nVel1, nAlgebraic, nData] = [18,18,18,0,0,0,0]
#total columns exported  (excl. time) = 54
#number of time steps (planned) = 200
#Exudyn version = 1.10.0; Python3.11.11; Windows AVX2 FLOAT64
#
#solution information = DogEnv
2.46,0.08886055411,-0.7693840037,0.359534597,0.8495939613,0.6241223669,0.09740966878,-0.003395235391,-0.0148624453,-0.01497908562,0.3295186694,-0.1658780957,-0.335323788,-0.3046334881,0.5363227472,-0.2990738915,-0.0816018957,-0.06854335915,-0.01213130109,0.2814063032,-1.383858878,-0.5767168015,3.076211435,1.120717479,-2.396673627,0.04298211755,-0.2143665206,-1.436990464,0.8570679953,-1.766685457,-0.1250307637,0.09739305047,-1.730716179,-0.5041219217,-0.06414198828,0.03739997161,-0.09108477011,-2.770910013,-6.265653799,-3.458060002,7.182669718,-0.4463663151,-6.542612263,3.091889046,9.392715076,-0.9457426724,20.89221865,17.84503037,3.28673118,5.746560796,267.1944741,8.469764761,2.158660762,8.387878789,9800.110664
2.47,0.09156022376,-0.7834928138,0.3535715887,0.881105673,0.6354537888,0.07304143158,-0.002972613844,-0.01619716534,-0.02937283179,0.3379584586,-0.183293142,-0.3366309622,-0.3037300889,0.5182566959,-0.3038614884,-0.0853916808,-0.0713898586,-0.01791709616,0.2584785987,-1.438087643,-0.6166419231,3.245001856,1.144939613,-2.485254135,0.03524747293,0.007685529233,-1.460812895,0.8187638833,-1.680691522,-0.1455167855,0.09448737472,-1.83498034,-0.4557714791,-0.3716299545,-0.2615630763,-0.131538165,-2.766048817,-6.148623536,-3.634064629,15.17523758,-0.06888890219,-9.347068048,1.09257914,25.40691528,-2.558964323,12.55673587,14.97253497,-0.1417726083,2.598688557,258.4601857,7.899622059,5.293203671,11.50820058,9422.940294
2.48,0.09403629505,-0.7981331203,0.3471974002,0.9146439925,0.6469951528,0.04767651266,-0.002635007649,-0.0158100828,-0.04424304068,0.3457511438,-0.1993086656,-0.3380745581,-0.3024506493,0.4993938689,-0.3082028284,-0.08893216992,-0.07368082174,-0.02418907257,0.2364675875,-1.490482097,-0.6591916428,3.463573106,1.161782454,-2.587054757,0.03603857607,0.05093100806,-1.511157067,0.7429768969,-1.520609387,-0.1405743432,0.1670010581,-1.916805732,-0.4123546886,-0.336435079,-0.1963471711,-0.2461219661,-2.697607272,-5.973554316,-4.058645106,15.95577846,-0.5154590818,-8.669768391,2.792574341,9.727564165,-1.823640046,11.59810083,15.29812002,1.477845078,6.026205245,221.7326681,7.18675812,4.84763865,10.53116289,8218.285181
#Exudyn explicit time integration (ExplicitEuler) solver solution file
#simulation started=2026-01-27,10:20:07
#columns contain: time, ODE2 displacements, ODE2 velocities, ODE2 accelerations
#number of system coordinates [nODE2, nODE1, nAlgebraic, nData] = [18,0,0,0]
#number of written coordinates [nODE2, nVel2, nAcc2, nODE1, nVel1, nAlgebraic, nData] = [18,18,18,0,0,0,0]
#total columns exported  (excl. time) = 54
#number of time steps (planned) = 200
#Exudyn version = 1.10.0; Python3.11.11; Windows AVX2 FLOAT64
#
#solution information = DogEnv
2.48,0.09403629505,-0.7981331203,0.3471974002,0.9146439925,0.6469951528,0.04767651266,-0.002635007649,-0.0158100828,-0.04424304068,0.3457511438,-0.1993086656,-0.3380745581,-0.3024506493,0.4993938689,-0.3082028284,-0.08893216992,-0.07368082174,-0.02418907257,0.2364675875,-1.490482097,-0.6591916428,3.463573106,1.161782454,-2.587054757,0.03603857607,0.05093100806,-1.511157067,0.7429768969,-1.520609387,-0.1405743432,0.1670010581,-1.916805732,-0.4123546886,-0.336435079,-0.1963471711,-0.2461219661,-2.697607272,-5.973554316,-4.058645106,15.95577846,-0.5154590818,-8.669768391,2.792574341,9.727564165,-1.823640046,11.59810083,15.29812002,1.477845078,6.026205245,221.7326681,7.18675812,4.84763865,10.53116289,8218.285181
2.49,0.09629776503,-0.8133010065,0.3403938121,0.9511403521,0.6586845742,0.02084426547,-0.002657410621,-0.01568760129,-0.05036856581,0.3523533414,-0.2142004315,-0.3392964473,-0.3036356769,0.4795221822,-0.3121214738,-0.09539182311,-0.08101131492,-0.03080570543,0.2175796943,-1.541737823,-0.7002051198,3.935325964,1.168637049,-2.851493536,-0.07592486871,-0.03894095144,0.1227420033,0.516734318,-1.416184951,-0.09333599001,-0.3753895841,-2.020807759,-0.3731296516,-0.6189548967,-0.7588612758,-0.6247825391,-1.400890226,-4.793300935,-3.701537083,63.88999425,-2.477493851,-40.39334511,-9.849293815,-3.108120016,51.67183573,-29.9555918,17.48750847,6.668642479,-19.45683006,31.71216652,4.311175228,6.54842404,7.538744885,1327.212392
2.5,0.0984163569,-0.8289482089,0.333200672,0.9936717787,0.6701627667,-0.009709851782,-0.003608096785,-0.01610666625,-0.04795872731,0.355874104,-0.2275345525,-0.3399902469,-0.3077421416,0.4590319764,-0.3156700583,-0.1012789476,-0.08825691172,-0.0379140214,0.2065939352,-1.588158719,-0.7394498575,4.57087753,1.117203343,-3.263379442,-0.094454068,-0.03345963625,0.2887208124,0.1891355471,-1.253922282,-0.05199670773,-0.4128997998,-2.077280402,-0.3368234012,-0.5589982744,-0.6894287879,-0.7323775956,-0.970786798,-4.639645408,-4.129484459,61.50783294,-7.777445729,-40.94666205,2.335814414,2.695847388,2.103223315,-31.22216924,14.79131487,2.37778933,3.017934821,-5.924206596,3.444202072,5.665523506,6.863490637,-2.543371489
#Exudyn explicit time integration (ExplicitEuler) solver solution file
#simulation started=2026-01-27,10:20:07
#columns contain: time, ODE2 displacements, ODE2 velocities, ODE2 accelerations
#number of system coordinates [nODE2, nODE1, nAlgebraic, nData] = [18,0,0,0]
#number of written coordinates [nODE2, nVel2, nAcc2, nODE1, nVel1, nAlgebraic, nData] = [18,18,18,0,0,0,0]
#total columns exported  (excl. time) = 54
#number of time steps (planned) = 200
#Exudyn version = 1.10.0; Python3.11.11; Windows AVX2 FLOAT64
#
#solution information = DogEnv
2.5,0.0984163569,-0.8289482089,0.333200672,0.9936717787,0.6701627667,-0.009709851782,-0.003608096785,-0.01610666625,-0.04795872731,0.355874104,-0.2275345525,-0.3399902469,-0.3077421416,0.4590319764,-0.3156700583,-0.1012789476,-0.08825691172,-0.0379140214,0.2065939352,-1.588158719,-0.7394498575,4.57087753,1.117203343,-3.263379442,-0.094454068,-0.03345963625,0.2887208124,0.1891355471,-1.253922282,-0.05199670773,-0.4128997998,-2.077280402,-0.3368234012,-0.5589982744,-0.6894287879,-0.7323775956,-0.970786798,-4.639645408,-4.129484459,61.50783294,-7.777445729,-40.94666205,2.335814414,2.695847388,2.103223315,-31.22216924,14.79131487,2.37778933,3.017934821,-5.924206596,3.444202072,5.665523506,6.863490637,-2.543371489
2.51,0.1004344802,-0.8450598176,0.3255945756,1.042350065,0.6808770275,-0.04434844751,-0.004408509341,-0.01630384033,-0.04506539004,0.3562730601,-0.2395459403,-0.3403901709,-0.3116464436,0.4378908827,-0.3188706109,-0.1090438436,-0.09726626549,-0.04537381314,0.1969552167,-1.634477636,-0.7830078751,5.164907966,1.016799221,-3.667106957,-0.06508001031,-0.006620283241,0.2835530782,-0.1084078539,-1.140883612,-0.0358728548,-0.3722293433,-2.148955299,-0.3041918353,-0.7415256686,-0.8598986618,-0.7671834029,-0.958127992,-4.576423032,-4.598866683,57.69726937,-12.31022638,-39.96011916,2.890334836,2.385283755,-1.817518635,-28.62495691,12.3856901,0.8891731059,4.041457972,-7.167599903,3.068460813,7.451990392,8.629618225,-4.350747696
2.52,0.1023554473,-0.8616283462,0.3175285497,1.096799512,0.6903638155,-0.08297973384,-0.004924835938,-0.01626209445,-0.0423302929,0.3538093888,-0.2503526696,-0.3407094459,-0.3151698875,0.4160222549,-0.3217652797,-0.1161023869,-0.1054518916,-0.05327567551,0.1869419589,-1.679342367,-0.8315131901,5.725663698,0.8721148403,-4.061534745,-0.03928016789,0.01381086543,0.2621617573,-0.380221485,-1.020937642,-0.02856509715,-0.3327655772,-2.234607065,-0.2749319138,-0.670663241,-0.7777583913,-0.8235194662,-1.095366527,-4.361493595,-5.096547742,55.1552157,-16.46569824,-39.28188639,1.849267235,1.298255452,-2.750047698,-23.84811673,11.39377679,0.430148279,3.556605392,-15.03924661,2.777900299,6.73552457,7.813989924,-9.622974528
#Exudyn explicit time integration (ExplicitEuler) solver solution file
#simulation started=2026-01-27,10:20:07
#columns contain: time, ODE2 displacements, ODE2 velocities, ODE2 accelerations
#number of system coordinates [nODE2, nODE1, nAlgebraic, nData] = [18,0,0,0]
#number of written coordinates [nODE2, nVel2, nAcc2, nODE1, nVel1, nAlgebraic, nData] = [18,18,18,0,0,0,0]
#total columns exported  (excl. time) = 54
#number of time steps (planned) = 200
#Exudyn version = 1.10.0; Python3.11.11; Windows AVX2 FLOAT64
#
#solution information = DogEnv
2.52,0.1023554473,-0.8616283462,0.3175285497,1.096799512,0.6903638155,-0.08297973384,-0.004924835938,-0.01626209445,-0.0423302929,0.3538093888,-0.2503526696,-0.3407094459,-0.3151698875,0.4160222549,-0.3217652797,-0.1161023869,-0.1054518916,-0.05327567551,0.1869419589,-1.679342367,-0.8315131901,5.725663698,0.8721148403,-4.061534745,-0.03928016789,0.01381086543,0.2621617573,-0.380221485,-1.020937642,-0.02856509715,-0.3327655772,-2.234607065,-0.2749319138,-0.670663241,-0.7777583913,-0.8235194662,-1.095366527,-4.361493595,-5.096547742,55.1552157,-16.46569824,-39.28188639,1.849267235,1.298255452,-2.750047698,-23.84811673,11.39377679,0.430148279,3.556605392,-15.03924661,2.777900299,6.73552457,7.813989924,-9.622974528
2.53,0.1041653867,-0.8786294719,0.3089524318,1.156806386,0.6982063766,-0.1255586648,-0.005251844466,-0.01609164937,-0.03986476729,0.3488624008,-0.2600185567,-0.3409614578,-0.3183136828,0.392742217,-0.3243818116,-0.1238166731,-0.1141855707,-0.06196966945,0.1743807638,-1.720452183,-0.8851209542,6.282167963,0.6876263431,-4.459242781,-0.02698063701,0.01900897464,0.2302040868,-0.6100132108,-0.9128787903,-0.02554404655,-0.2999287345,-2.434658068,-0.2485511006,-0.7351312587,-0.8319816381,-0.9171463356,-1.395348139,-3.852964334,-5.625092863,55.69026336,-20.57835336,-39.89967441,1.117458927,0.3538321521,-3.144997767,-22.69815035,10.35555014,0.175056882,3.004176665,-22.63901738,2.51070819,7.365261768,8.339984059,-9.753461209
2.54,0.1058366515,-0.8960156271,0.299813847,1.222359078,0.7039845295,-0.1721096777,-0.005461356293,-0.01587761615,-0.03770818616,0.3416421754,-0.268647572,-0.3411996656,-0.3211610387,0.3672307872,-0.3267470053,-0.1308151713,-0.1221059068,-0.07163329142,0.1594148699,-1.756216576,-0.9440720493,6.830109585,0.4574875934,-4.852317269,-0.01426602381,0.02457633438,0.2018827873,-0.8359658985,-0.8131830963,-0.02131199145,-0.2690256924,-2.673201246,-0.224634525,-0.6650169875,-0.7525966488,-1.017084354,-1.580905826,-3.301278282,-6.156927696,53.45806199,-25.49713536,-38.36322477,1.427189,0.7766544886,-2.519375591,-22.49438953,9.599340983,0.6258593255,3.135543136,-24.57872144,2.278815126,6.675062895,7.556666206,-10.06500245
#Exudyn explicit time integration (ExplicitEuler) solver solution file
#simulation started=2026-01-27,10:20:07
#columns contain: time, ODE2 displacements, ODE2 velocities, ODE2 accelerations
#number of system coordinates [nODE2, nODE1, nAlgebraic, nData] = [18,0,0,0]
#number of written coordinates [nODE2, nVel2, nAcc2, nODE1, nVel1, nAlgebraic, nData] = [18,18,18,0,0,0,0]
#total columns exported  (excl. time) = 54
#number of time steps (planned) = 200
#Exudyn version = 1.10.0; Python3.11.11; Windows AVX2 FLOAT64
#
#solution information = DogEnv
2.54,0.1058366515,-0.8960156271,0.299813847,1.222359078,0.7039845295,-0.1721096777,-0.005461356293,-0.01587761615,-0.03770818616,0.3416421754,-0.268647572,-0.3411996656,-0.3211610387,0.3672307872,-0.3267470053,-0.1308151713,-0.1221059068,-0.07163329142,0.1594148699,-1.756216576,-0.9440720493,6.830109585,0.4574875934,-4.852317269,-0.01426602381,0.02457633438,0.2018827873,-0.8359658985,-0.8131830963,-0.02131199145,-0.2690256924,-2.673201246,-0.224634525,-0.6650169875,-0.7525966488,-1.017084354,-1.580905826,-3.301278282,-6.156927696,53.45806199,-25.49713536,-38.36322477,1.427189,0.7766544886,-2.519375591,-22.49438953,9.599340983,0.6258593255,3.135543136,-24.57872144,2.278815126,6.675062895,7.556666206,-10.06500245
2.55,0.1073505767,-0.9137317242,0.2900597251,1.293234205,0.7072106112,-0.2224780073,-0.005528844877,-0.01558616356,-0.03580396693,0.3321746463,-0.2763166223,-0.3413677029,-0.3236866991,0.3392820393,-0.328884152,-0.1377059765,-0.1298303215,-0.08229614894,0.143008199,-1.786360357,-1.008236132,7.34158572,0.1761268966,-5.218616731,0.001332267983,0.03449810279,0.1797087636,-1.059034419,-0.7209530618,-0.01331388008,-0.2373775551,-2.918061393,-0.2029282474,-0.6556072017,-0.7348064883,-1.115504569,-1.689913478,-2.731850421,-6.665453158,48.41158033,-30.74587936,-34.54113746,1.671521977,1.186742189,-1.937474623,-22.04731242,8.858964271,0.8448614415,3.072848418,-24.03105866,2.067873266,6.587945198,7.384543752,-9.495853021
2.56,0.1086959408,-0.931720998,0.2796393546,1.368927364,0.7073638081,-0.276281048,-0.005430113709,-0.01517686821,-0.03409419091,0.3205079937,-0.2831000426,-0.3414550168,-0.3259082949,0.3089452782,-0.3308143588,-0.1439465161,-0.1368247339,-0.0939034329,0.1258064387,-1.810785203,-1.077318899,7.78847276,-0.1572650314,-5.534901568,0.01880605551,0.04800635114,0.162901346,-1.274614842,-0.6361216149,-0.003747411182,-0.2067025785,-3.147570926,-0.1832372103,-0.5929070443,-0.664534274,-1.204839823,-1.742012721,-2.159972417,-7.139597815,40.60485381,-35.80649155,-28.40464298,1.802479818,1.493110124,-1.443315406,-20.94529762,8.115987908,1.033992465,3.037295845,-21.63847306,1.875165306,5.967674066,6.687592151,-8.298320536
#Exudyn explicit time integration (ExplicitEuler) solver solution file
#simulation started=2026-01-27,10:20:07
#columns contain: time, ODE2 displacements, ODE2 velocities, ODE2 accelerations
#number of system coordinates [nODE2, nODE1, nAlgebraic, nData] = [18,0,0,0]
#number of written coordinates [nODE2, nVel2, nAcc2, nODE1, nVel1, nAlgebraic, nData] = [18,18,18,0,0,0,0]
#total columns exported  (excl. time) = 54
#number of time steps (planned) = 200
#Exudyn version = 1.10.0; Python3.11.11; Windows AVX2 FLOAT64
#
#solution information = DogEnv
2.56,0.1086959408,-0.931720998,0.2796393546,1.368927364,0.7073638081,-0.276281048,-0.005430113709,-0.01517686821,-0.03409419091,0.3205079937,-0.2831000426,-0.3414550168,-0.3259082949,0.3089452782,-0.3308143588,-0.1439465161,-0.1368247339,-0.0939034329,0.1258064387,-1.810785203,-1.077318899,7.78847276,-0.1572650314,-5.534901568,0.01880605551,0.04800635114,0.162901346,-1.274614842,-0.6361216149,-0.003747411182,-0.2067025785,-3.147570926,-0.1832372103,-0.5929070443,-0.664534274,-1.204839823,-1.742012721,-2.159972417,-7.139597815,40.60485381,-35.80649155,-28.40464298,1.802479818,1.493110124,-1.443315406,-20.94529762,8.115987908,1.033992465,3.037295845,-21.63847306,1.875165306,5.967674066,6.687592151,-8.298320536
2.57,0.1098674956,-0.9499263863,0.2685053911,1.448661069,0.7039422344,-0.332907478,-0.005152111407,-0.01461927328,-0.03252947408,0.3067542639,-0.2890717186,-0.34143701,-0.3278238969,0.2764553227,-0.3325569094,-0.1497285018,-0.1432885381,-0.1063371513,0.108310296,-1.82955411,-1.150922268,8.144814768,-0.5381475959,-5.779174063,0.03699886145,0.06397832867,0.1505932347,-1.474816624,-0.5586562903,0.007154076312,-0.1767386642,-3.34626212,-0.1653870012,-0.5495187117,-0.6143017184,-1.279965488,-1.751099463,-1.603552483,-7.568217361,30.41788152,-40.17484418,-20.23218164,1.816505723,1.676965959,-1.038360875,-18.95904608,7.388713704,1.092218333,2.907603471,-17.96108563,1.699364789,5.537413158,6.188189144,-6.689121789
2.58,0.1108642325,-0.9682924031,0.2566150576,1.531422625,0.6965125234,-0.3915450588,-0.004693400609,-0.01389512427,-0.0310693844,0.2911124656,-0.2943043978,-0.3413108406,-0.3294495488,0.2421761364,-0.3341293933,-0.1549585342,-0.1491352534,-0.1194377918,0.09090849998,-1.842909463,-1.228545015,8.390169381,-0.9574122193,-5.933843721,0.05475449283,0.08109882968,0.1418518856,-1.65042563,-0.4883525344,0.01821333148,-0.1483502024,-3.503612233,-0.1492149833,-0.4968340822,-0.5554296646,-1.33765026,-1.724079901,-1.079536982,-7.943077055,18.57099455,-43.43192959,-10.62382207,1.717405294,1.723303323,-0.7291403801,-16.0408648,6.683016576,1.107376467,2.763329124,-13.44805489,1.539110433,5.01316301,5.601565747,-4.838504778
#Exudyn explicit time integration (ExplicitEuler) solver solution file
#simulation started=2026-01-27,10:20:07
#columns contain: time, ODE2 displacements, ODE2 velocities, ODE2 accelerations
#number of system coordinates [nODE2, nODE1, nAlgebraic, nData] = [18,0,0,0]
#number of written coordinates [nODE2, nVel2, nAcc2, nODE1, nVel1, nAlgebraic, nData] = [18,18,18,0,0,0,0]
#total columns exported  (excl. time) = 54
#number of time steps (planned) = 200
#Exudyn version = 1.10.0; Python3.11.11; Windows AVX2 FLOAT64
#
#solution information = DogEnv
2.58,0.1108642325,-0.9682924031,0.2566150576,1.531422625,0.6965125234,-0.3915450588,-0.004693400609,-0.01389512427,-0.0310693844,0.2911124656,-0.2943043978,-0.3413108406,-0.3294495488,0.2421761364,-0.3341293933,-0.1549585342,-0.1491352534,-0.1194377918,0.09090849998,-1.842909463,-1.228545015,8.390169381,-0.9574122193,-5.933843721,0.05475449283,0.08109882968,0.1418518856,-1.65042563,-0.4883525344,0.01821333148,-0.1483502024,-3.503612233,-0.1492149833,-0.4968340822,-0.5554296646,-1.33765026,-1.724079901,-1.079536982,-7.943077055,18.57099455,-43.43192959,-10.62382207,1.717405294,1.723303323,-0.7291403801,-16.0408648,6.683016576,1.107376467,2.763329124,-13.44805489,1.539110433,5.01316301,5.601565747,-4.838504778
2.59,0.1116888124,-0.9867667737,0.2439309088,1.616035543,0.6847511859,-0.451240058,-0.004063804225,-0.01299983449,-0.02968304522,0.2738735935,-0.2988685421,-0.3410743403,-0.3307991313,0.206556056,-0.335547847,-0.1596317194,-0.1543662306,-0.1330213944,0.07393463671,-1.851254216,-1.309622245,8.512736166,-1.40240923,-5.988686845,0.07099037432,0.09797089309,0.1357062519,-1.792498411,-0.4249785244,0.02922419177,-0.121496876,-3.613195031,-0.1345727514,-0.4438175307,-0.4968182612,-1.376195101,-1.666762082,-0.6033088191,-8.259153705,6.045003195,-45.30301347,-0.4276823049,1.516095784,1.629744204,-0.5177893807,-12.28536536,6.001929966,1.073415156,2.591187833,-8.469741545,1.393019911,4.484345499,5.016457972,-2.882862924
2.6,0.1123469328,-1.005301975,0.2304213451,1.701256246,0.6684718364,-0.5109807381,-0.003283297225,-0.01194266476,-0.02834928669,0.2554115622,-0.3028322299,-0.3407303439,-0.3318893137,0.1700904039,-0.3368268906,-0.1638552068,-0.1590942545,-0.1468932889,0.05766467421,-1.855131467,-1.393555693,8.511143572,-1.8586815,-5.942553528,0.08477303068,0.1132417259,0.1311929948,-1.893577255,-0.3682799366,0.03953308684,-0.0966389649,-3.671940668,-0.1213252457,-0.4011639302,-0.4491045591,-1.39511189,-1.584203257,-0.1871107407,-8.515024662,-6.091582891,-45.70714798,9.423864322,1.231359583,1.40627562,-0.4015720634,-7.88699332,5.348998958,0.9858795665,2.381822773,-3.323905757,1.259867465,4.057687579,4.538966076,-0.9270393127
#Exudyn explicit time integration (ExplicitEuler) solver solution file
#simulation started=2026-01-27,10:20:07
#columns contain: time, ODE2 displacements, ODE2 velocities, ODE2 accelerations
#number of system coordinates [nODE2, nODE1, nAlgebraic, nData] = [18,0,0,0]
#number of written coordinates [nODE2, nVel2, nAcc2, nODE1, nVel1, nAlgebraic, nData] = [18,18,18,0,0,0,0]
#total columns exported  (excl. time) = 54
#number of time steps (planned) = 200
#Exudyn version = 1.10.0; Python3.11.11; Windows AVX2 FLOAT64
#
#solution information = DogEnv
2.6,0.1123469328,-1.005301975,0.2304213451,1.701256246,0.6684718364,-0.5109807381,-0.003283297225,-0.01194266476,-0.02834928669,0.2554115622,-0.3028322299,-0.3407303439,-0.3318893137,0.1700904039,-0.3368268906,-0.1638552068,-0.1590942545,-0.1468932889,0.05766467421,-1.855131467,-1.393555693,8.511143572,-1.8586815,-5.942553528,0.08477303068,0.1132417259,0.1311929948,-1.893577255,-0.3682799366,0.03953308684,-0.0966389649,-3.671940668,-0.1213252457,-0.4011639302,-0.4491045591,-1.39511189,-1.584203257,-0.1871107407,-8.515024662,-6.091582891,-45.70714798,9.423864322,1.231359583,1.40627562,-0.4015720634,-7.88699332,5.348998958,0.9858795665,2.381822773,-3.323905757,1.259867465,4.057687579,4.538966076,-0.9270393127
2.61,0.1128467381,-1.023856484,0.2160608052,1.78587874,0.6476326882,-0.5697886302,-0.002380137551,-0.01074591801,-0.02705656522,0.2361640929,-0.306260705,-0.3402934985,-0.3327471168,0.1332922088,-0.3379798422,-0.1671664369,-0.1628618513,-0.1608583394,0.0423286815,-1.855186674,-1.479749593,8.394206474,-2.312063597,-5.80316302,0.0953935997,0.125674049,0.1273578443,-1.948469635,-0.3179496195,0.04896492157,-0.07380809287,-3.679291303,-0.1093484375,-0.3136800573,-0.3570441799,-1.394763356,-1.480629851,0.1608503577,-8.712644992,-16.88938717,-44.76246909,18.11115718,0.8890223617,1.071536071,-0.3753596837,-3.097581938,4.722249868,0.9181782279,2.210417548,1.766957954,1.138411038,3.182683851,3.618096346,0.958032203
2.62,0.113198644,-1.042395508,0.2008294409,1.868829193,0.6223261219,-0.6267998921,-0.001388331127,-0.009442687883,-0.0258020152,0.2166076025,-0.309216409,-0.3397619343,-0.3333809712,0.09666945487,-0.3390188617,-0.1701509371,-0.1662591485,-0.1747284135,0.02810762911,-1.852130987,-1.567639268,8.179113508,-2.750256536,-5.58532228,0.1024174313,0.1343754918,0.1234380697,-1.954752419,-0.273729857,0.05712205989,-0.0532233405,-3.636647036,-0.0985314597,-0.2834266673,-0.3226496909,-1.376092559,-1.362423664,0.435166844,-8.855241638,-25.66776929,-42.74778543,25.07068145,0.5172623911,0.6624260488,-0.4196016324,1.780804156,4.133273522,0.7288869133,1.925738818,6.679924236,1.027822519,2.87671857,3.270624606,2.74252487
#Exudyn explicit time integration (ExplicitEuler) solver solution file
#simulation started=2026-01-27,10:20:07
#columns contain: time, ODE2 displacements, ODE2 velocities, ODE2 accelerations
#number of system coordinates [nODE2, nODE1, nAlgebraic, nData] = [18,0,0,0]
#number of written coordinates [nODE2, nVel2, nAcc2, nODE1, nVel1, nAlgebraic, nData] = [18,18,18,0,0,0,0]
#total columns exported  (excl. time) = 54
#number of time steps (planned) = 200
#Exudyn version = 1.10.0; Python3.11.11; Windows AVX2 FLOAT64
#
#solution information = DogEnv
2.62,0.113198644,-1.042395508,0.2008294409,1.868829193,0.6223261219,-0.6267998921,-0.001388331127,-0.009442687883,-0.0258020152,0.2166076025,-0.309216409,-0.3397619343,-0.3333809712,0.09666945487,-0.3390188617,-0.1701509371,-0.1662591485,-0.1747284135,0.02810762911,-1.852130987,-1.567639268,8.179113508,-2.750256536,-5.58532228,0.1024174313,0.1343754918,0.1234380697,-1.954752419,-0.273729857,0.05712205989,-0.0532233405,-3.636647036,-0.0985314597,-0.2834266673,-0.3226496909,-1.376092559,-1.362423664,0.435166844,-8.855241638,-25.66776929,-42.74778543,25.07068145,0.5172623911,0.6624260488,-0.4196016324,1.780804156,4.133273522,0.7288869133,1.925738818,6.679924236,1.027822519,2.87671857,3.270624606,2.74252487
2.63,0.1134138941,-1.060891858,0.1847132991,1.949230043,0.5927482845,-0.6813190041,-0.000344800167,-0.008074495881,-0.0245909226,0.1972271932,-0.311758171,-0.3392020654,-0.3338679625,0.0607157332,-0.3399549707,-0.1692855757,-0.1657671539,-0.1883236188,0.01512098165,-1.846712512,-1.656690427,7.887566785,-3.164744527,-5.307481811,0.1057095772,0.1385454193,0.1185553621,-1.913160207,-0.2351332087,0.0636154475,-0.035239792,-3.545318512,-0.08876711621,0.08797479882,0.05249448292,-1.339788141,-1.231178011,0.6360580421,-8.949542435,-32.11290731,-40.02491732,30.07848841,0.1486722444,0.2007742965,-0.5346652479,6.412230919,3.557149804,0.875440281,2.013012494,11.42681164,0.926518597,-0.8359052619,-0.4792639558,4.467875308
2.64,0.1135062521,-1.079325121,0.1677024661,2.026438988,0.5591699903,-0.7328460547,0.0007137037274,-0.006686276107,-0.02343370529,0.1784815477,-0.3139420796,-0.3385342383,-0.3341338031,0.02590652121,-0.3407983511,-0.1684462073,-0.1652655161,-0.2014715433,0.003445279505,-1.839660302,-1.746449644,7.544054145,-3.54965121,-4.989642898,0.1054078541,0.1383803495,0.1126184939,-1.828669282,-0.2021649764,0.06920348477,-0.01869387988,-3.407281429,-0.07997422132,0.07992993644,0.04784092877,-1.286346444,-1.104875654,0.762116084,-8.99513754,-36.16698243,-36.96218369,33.15555439,-0.1994974222,-0.2280942457,-0.6600403799,10.2811318,3.047438785,0.3608362666,1.421560555,16.14328367,0.834432084,-0.7703048125,-0.4478830783,6.218082704
#Exudyn explicit time integration (ExplicitEuler) solver solution file
#simulation started=2026-01-27,10:20:07
#columns contain: time, ODE2 displacements, ODE2 velocities, ODE2 accelerations
#number of system coordinates [nODE2, nODE1, nAlgebraic, nData] = [18,0,0,0]
#number of written coordinates [nODE2, nVel2, nAcc2, nODE1, nVel1, nAlgebraic, nData] = [18,18,18,0,0,0,0]
#total columns exported  (excl. time) = 54
#number of time steps (planned) = 200
#Exudyn version = 1.10.0; Python3.11.11; Windows AVX2 FLOAT64
#
#solution information = DogEnv
2.64,0.1135062521,-1.079325121,0.1677024661,2.026438988,0.5591699903,-0.7328460547,0.0007137037274,-0.006686276107,-0.02343370529,0.1784815477,-0.3139420796,-0.3385342383,-0.3341338031,0.02590652121,-0.3407983511,-0.1684462073,-0.1652655161,-0.2014715433,0.003445279505,-1.839660302,-1.746449644,7.544054145,-3.54965121,-4.989642898,0.1054078541,0.1383803495,0.1126184939,-1.828669282,-0.2021649764,0.06920348477,-0.01869387988,-3.407281429,-0.07997422132,0.07992993644,0.04784092877,-1.286346444,-1.104875654,0.762116084,-8.99513754,-36.16698243,-36.96218369,33.15555439,-0.1994974222,-0.2280942457,-0.6600403799,10.2811318,3.047438785,0.3608362666,1.421560555,16.14328367,0.834432084,-0.7703048125,-0.4478830783,6.218082704
2.65,0.1134859739,-1.097683707,0.1497940716,2.100038247,0.5218861957,-0.781065465,0.001752425558,-0.005324959472,-0.02234754715,0.1607539277,-0.315819605,-0.338024536,-0.3344569233,-0.007275646207,-0.3415580266,-0.1520187175,-0.1491434566,-0.213990612,-0.007021875323,-1.831676309,-1.836405437,7.169621908,-3.904814982,-4.648888033,0.1018203069,0.1331436003,0.1042346057,-1.711126351,-0.1737355147,0.07177426068,-0.0060255987,-3.219689378,-0.0720518586,1.585688712,1.556649073,-1.214023882,-0.9774796584,0.8345935848,-9.004279505,-38.05532414,-33.84788079,34.55827395,-0.4997043579,-0.6754645689,-0.8837021808,12.94549699,2.472563612,1.488248795,2.596665134,20.85002661,0.7473179003,-15.81558863,-15.52285113,8.080557468
2.66,0.1133685908,-1.115958744,0.1309850645,2.169846062,0.4812128345,-0.8258396693,0.002741050008,-0.00403095917,-0.02135036902,0.144305846,-0.3174413347,-0.337275155,-0.334432491,-0.03836721966,-0.342242898,-0.1369204661,-0.1343215895,-0.2257009519,-0.01642678421,-1.823208394,-1.926207823,6.788409285,-4.228232492,-4.302611574,0.09537822773,0.1251671239,0.0949102382,-1.575562167,-0.1510122207,0.07559932996,0.008363902018,-2.98923811,-0.06498094853,1.43488022,1.408622516,-1.124196782,-0.9057099039,0.8574530485,-8.951804596,-37.89782696,-30.92933362,34.49544687,-0.7766628811,-0.9189747907,-0.9997031355,13.89984715,2.087543274,-0.1811940503,0.8377596927,25.08054985,0.6692818706,-14.36436152,-14.10032958,9.84420228
#Exudyn explicit time integration (ExplicitEuler) solver solution file
#simulation started=2026-01-27,10:20:08
#columns contain: time, ODE2 displacements, ODE2 velocities, ODE2 accelerations
#number of system coordinates [nODE2, nODE1, nAlgebraic, nData] = [18,0,0,0]
#number of written coordinates [nODE2, nVel2, nAcc2, nODE1, nVel1, nAlgebraic, nData] = [18,18,18,0,0,0,0]
#total columns exported  (excl. time) = 54
#number of time steps (planned) = 200
#Exudyn version = 1.10.0; Python3.11.11; Windows AVX2 FLOAT64
#
#solution information = DogEnv
2.66,0.1133685908,-1.115958744,0.1309850645,2.169846062,0.4812128345,-0.8258396693,0.002741050008,-0.00403095917,-0.02135036902,0.144305846,-0.3174413347,-0.337275155,-0.334432491,-0.03836721966,-0.342242898,-0.1369204661,-0.1343215895,-0.2257009519,-0.01642678421,-1.823208394,-1.926207823,6.788409285,-4.228232492,-4.302611574,0.09537822773,0.1251671239,0.0949102382,-1.575562167,-0.1510122207,0.07559932996,0.008363902018,-2.98923811,-0.06498094853,1.43488022,1.408622516,-1.124196782,-0.9057099039,0.8574530485,-8.951804596,-37.89782696,-30.92933362,34.49544687,-0.7766628811,-0.9189747907,-0.9997031355,13.89984715,2.087543274,-0.1811940503,0.8377596927,25.08054985,0.6692818706,-14.36436152,-14.10032958,9.84420228
2.67,0.1131597075,-1.134149045,0.111281879,2.235840504,0.4374270864,-0.8671567568,0.00365318232,-0.002830306275,-0.02045694723,0.1292254929,-0.3186074036,-0.3368360829,-0.3346295453,-0.06680336209,-0.3428651425,-0.09706764216,-0.09471861639,-0.2365036537,-0.02485802794,-1.814460761,-2.015578862,6.41073736,-4.526090024,-3.959707428,0.08662984508,0.1142222935,0.08330857373,-1.438662639,-0.09651930327,0.07541739489,0.01743261786,-2.699647177,-0.05864108216,3.828143339,3.804360297,-1.024325306,-0.8257991732,0.8873153855,-8.888422098,-36.50016845,-28.25609992,33.54691847,-0.9943442356,-1.212493285,-1.238105518,13.60250906,2.086304541,1.704174614,2.895577327,28.60562857,0.6280776869,-38.27691159,-38.03570132,11.64547067
2.68,0.1128696661,-1.152249411,0.09068897908,2.298191444,0.3908052073,-0.905123506,0.004467111677,-0.001748323487,-0.01968651041,0.115488634,-0.3194947941,-0.3360651551,-0.3343828037,-0.09235985463,-0.3434224794,-0.06062118205,-0.05849843009,-0.2461543688,-0.03327830901,-1.805458364,-2.10359462,6.061371286,-4.797542938,-3.633605961,0.07580268064,0.1020463512,0.07050172865,-1.310250909,-0.08229661543,0.07492819031,0.02789059312,-2.406707111,-0.05292387296,3.463438598,3.441948553,-0.9031400333,-0.8544331789,0.9244274871,-8.71458075,-33.25781724,-26.16998289,31.61842411,-1.143406071,-1.216297427,-1.326667287,11.9243264,1.102480322,-0.8505162714,0.1680720548,29.79664525,0.5311636933,-34.72246298,-34.50537823,12.52219785
#Exudyn explicit time integration (ExplicitEuler) solver solution file
#simulation started=2026-01-27,10:20:08
#columns contain: time, ODE2 displacements, ODE2 velocities, ODE2 accelerations
#number of system coordinates [nODE2, nODE1, nAlgebraic, nData] = [18,0,0,0]
#number of written coordinates [nODE2, nVel2, nAcc2, nODE1, nVel1, nAlgebraic, nData] = [18,18,18,0,0,0,0]
#total columns exported  (excl. time) = 54
#number of time steps (planned) = 200
#Exudyn version = 1.10.0; Python3.11.11; Windows AVX2 FLOAT64
#
#solution information = DogEnv
2.68,0.1128696661,-1.152249411,0.09068897908,2.298191444,0.3908052073,-0.905123506,0.004467111677,-0.001748323487,-0.01968651041,0.115488634,-0.3194947941,-0.3360651551,-0.3343828037,-0.09235985463,-0.3434224794,-0.06062118205,-0.05849843009,-0.2461543688,-0.03327830901,-1.805458364,-2.10359462,6.061371286,-4.797542938,-3.633605961,0.07580268064,0.1020463512,0.07050172865,-1.310250909,-0.08229661543,0.07492819031,0.02789059312,-2.406707111,-0.05292387296,3.463438598,3.441948553,-0.9031400333,-0.8544331789,0.9244274871,-8.71458075,-33.25781724,-26.16998289,31.61842411,-1.143406071,-1.216297427,-1.326667287,11.9243264,1.102480322,-0.8505162714,0.1680720548,29.79664525,0.5311636933,-34.72246298,-34.50537823,12.52219785
2.69,0.1125007712,-1.17025596,0.06921775341,2.357152887,0.3415634013,-0.9399076328,0.005175425327,-0.0007679227197,-0.01903116261,0.1029535336,-0.3195325631,-0.3353529345,-0.334108119,-0.1145339193,-0.3439402344,-0.02161429329,-0.01969589954,-0.2548395047,-0.0407761613,-1.795804966,-2.191048062,5.73464365,-5.049157801,-3.323829381,0.06504115851,0.09267057985,0.05974300904,-1.199307795,0.03209950269,0.0755088978,0.03700611995,-2.052644232,-0.04791262477,3.716211558,3.696750723,-0.8012970551,-0.8200694647,0.9727103986,-8.586229116,-30.40588473,-24.18710907,29.79917795,-1.289809116,-1.271843389,-1.369271626,9.781861422,2.37993361,-0.784739018,0.3427727268,31.29792293,0.57303642,-37.24614411,-37.04923654,14.17400229
2.7,0.1120509061,-1.188163802,0.04688719252,2.413075072,0.289895357,-0.9717126763,0.005762663442,9.737971215e-05,-0.01850516446,0.09139018118,-0.3191609087,-0.3346562708,-0.3337434416,-0.1335381907,-0.3443945448,0.01376388703,0.01549713051,-0.2621538769,-0.04941834686,-1.785419181,-2.275411291,5.455097461,-5.284908989,-3.038473924,0.05247970583,0.08061859701,0.04514346749,-1.118274408,0.03859247425,0.06274099929,0.03466858973,-1.747956809,-0.04313459526,3.361746646,3.344163671,-0.660538929,-0.9025358067,1.115359532,-8.286843786,-25.54787781,-23.03697152,27.31280079,-1.181691749,-1.07825584,-1.482879731,6.352977384,-0.09511457597,-1.449543641,-0.4850630432,29.61487798,0.4231728197,-33.727401,-33.54942284,13.95158899
#Exudyn explicit time integration (ExplicitEuler) solver solution file
#simulation started=2026-01-27,10:20:08
#columns contain: time, ODE2 displacements, ODE2 velocities, ODE2 accelerations
#number of system coordinates [nODE2, nODE1, nAlgebraic, nData] = [18,0,0,0]
#number of written coordinates [nODE2, nVel2, nAcc2, nODE1, nVel1, nAlgebraic, nData] = [18,18,18,0,0,0,0]
#total columns exported  (excl. time) = 54
#number of time steps (planned) = 200
#Exudyn version = 1.10.0; Python3.11.11; Windows AVX2 FLOAT64
#
#solution information = DogEnv
2.7,0.1120509061,-1.188163802,0.04688719252,2.413075072,0.289895357,-0.9717126763,0.005762663442,9.737971215e-05,-0.01850516446,0.09139018118,-0.3191609087,-0.3346562708,-0.3337434416,-0.1335381907,-0.3443945448,0.01376388703,0.01549713051,-0.2621538769,-0.04941834686,-1.785419181,-2.275411291,5.455097461,-5.284908989,-3.038473924,0.05247970583,0.08061859701,0.04514346749,-1.118274408,0.03859247425,0.06274099929,0.03466858973,-1.747956809,-0.04313459526,3.361746646,3.344163671,-0.660538929,-0.9025358067,1.115359532,-8.286843786,-25.54787781,-23.03697152,27.31280079,-1.181691749,-1.07825584,-1.482879731,6.352977384,-0.09511457597,-1.449543641,-0.4850630432,29.61487798,0.4231728197,-33.727401,-33.54942284,13.95158899
2.71,0.111525323,-1.20595821,0.02370873291,2.466288507,0.2359458852,-1.000747756,0.006254282866,0.0009036027964,-0.01807883757,0.08063024627,-0.3172118852,-0.3338850528,-0.3332388847,-0.1487021669,-0.3448352042,0.04576585257,0.04733215512,-0.2687448019,-0.0563876975,-1.773735966,-2.360012688,5.193737109,-5.503442683,-2.769447197,0.04366205463,0.07711616604,0.03804350251,-1.04522504,0.2599819214,0.07566740884,0.05394807757,-1.345473072,-0.03914343606,3.041272453,3.025324922,-0.5847435603,-0.8333571966,1.163365605,-8.159549233,-23.1748288,-21.20144061,25.72004386,-1.403395523,-1.176255694,-1.415891217,3.21221381,2.979398438,-1.751895482,-0.5673081684,31.0039904,0.5871531994,-30.50761029,-30.34690807,16.70348072
2.72,0.1109178768,-1.223633813,-0.0002873117113,2.517177745,0.179874247,-1.027211241,0.006627072406,0.001624605807,-0.01777262594,0.07023751713,-0.3146043617,-0.3332250337,-0.3327408349,-0.1606829548,-0.3452039804,0.0747174194,0.07613203958,-0.2737918419,-0.06539168683,-1.760801791,-2.439206665,4.991630473,-5.711659463,-2.52491401,0.03152468446,0.06809771013,0.02305059869,-1.042419324,0.2539002174,0.05600298841,0.04502494424,-1.054097119,-0.03495435107,2.750952287,2.736553613,-0.4256738168,-0.9552773709,1.433064476,-7.687687858,-17.43867228,-20.41289118,23.25554615,-0.980125948,-0.5537607023,-1.449625936,-2.35222324,-2.094772529,-1.921533446,-0.9672515838,27.23704976,0.3351740445,-27.62077736,-27.47407209,15.14511174
#Exudyn explicit time integration (ExplicitEuler) solver solution file
#simulation started=2026-01-27,10:20:08
#columns contain: time, ODE2 displacements, ODE2 velocities, ODE2 accelerations
#number of system coordinates [nODE2, nODE1, nAlgebraic, nData] = [18,0,0,0]
#number of written coordinates [nODE2, nVel2, nAcc2, nODE1, nVel1, nAlgebraic, nData] = [18,18,18,0,0,0,0]
#total columns exported  (excl. time) = 54
#number of time steps (planned) = 200
#Exudyn version = 1.10.0; Python3.11.11; Windows AVX2 FLOAT64
#
#solution information = DogEnv
2.72,0.1109178768,-1.223633813,-0.0002873117113,2.517177745,0.179874247,-1.027211241,0.006627072406,0.001624605807,-0.01777262594,0.07023751713,-0.3146043617,-0.3332250337,-0.3327408349,-0.1606829548,-0.3452039804,0.0747174194,0.07613203958,-0.2737918419,-0.06539168683,-1.760801791,-2.439206665,4.991630473,-5.711659463,-2.52491401,0.03152468446,0.06809771013,0.02305059869,-1.042419324,0.2539002174,0.05600298841,0.04502494424,-1.054097119,-0.03495435107,2.750952287,2.736553613,-0.4256738168,-0.9552773709,1.433064476,-7.687687858,-17.43867228,-20.41289118,23.25554615,-0.980125948,-0.5537607023,-1.449625936,-2.35222324,-2.094772529,-1.921533446,-0.9672515838,27.23704976,0.3351740445,-27.62077736,-27.47407209,15.14511174
2.73,0.110235703,-1.241164863,-0.02508795625,2.566054972,0.1218151549,-1.051306574,0.006939028381,0.002362412232,-0.01752777396,0.06021127322,-0.3095621382,-0.3324128543,-0.332049127,-0.1684451831,-0.3455862041,0.1009040728,0.1021824181,-0.2785138212,-0.07190625062,-1.74610436,-2.520013831,4.792215432,-5.898491375,-2.294486643,0.02624379665,0.07218130731,0.02156254089,-0.9957992444,0.6029821287,0.08154756869,0.07425056795,-0.6045138253,-0.0317802709,2.48884615,2.475748194,-0.3909988426,-0.8187716466,1.431648518,-7.609212685,-16.29666601,-18.2603325,22.09981071,-1.52509113,-1.091705348,-1.439284813,-6.47175224,3.121751289,-2.29163077,-0.9536638416,29.4486114,0.6409265701,-24.97536382,-24.84549783,20.01387678
2.74,0.1094732479,-1.258548202,-0.05065244034,2.613285158,0.06194210115,-1.073197421,0.007140133671,0.003054377595,-0.017384535,0.04974813207,-0.3036076315,-0.3317262233,-0.3313732206,-0.1731314894,-0.3458823398,0.124595796,0.1257496013,-0.2814944993,-0.08091665829,-1.72967061,-2.592424809,4.663222408,-6.075818395,-2.085580732,0.01542656106,0.06871722292,0.007395216691,-1.111980376,0.5753672967,0.05544151271,0.06012270305,-0.3411816598,-0.02798858523,2.251044403,2.239230274,-0.2094541911,-0.9655166532,1.864445124,-6.894730742,-9.852017345,-17.03272756,19.71636723,-0.6331574711,0.371514913,-1.226419532,-15.27873574,-5.140870561,-2.486471109,-1.468901732,22.93339276,0.2575698739,-22.62608857,-22.50436731,16.36086184
#Exudyn explicit time integration (ExplicitEuler) solver solution file
#simulation started=2026-01-27,10:20:08
#columns contain: time, ODE2 displacements, ODE2 velocities, ODE2 accelerations
#number of system coordinates [nODE2, nODE1, nAlgebraic, nData] = [18,0,0,0]
#number of written coordinates [nODE2, nVel2, nAcc2, nODE1, nVel1, nAlgebraic, nData] = [18,18,18,0,0,0,0]
#total columns exported  (excl. time) = 54
#number of time steps (planned) = 200
#Exudyn version = 1.10.0; Python3.11.11; Windows AVX2 FLOAT64
#
#solution information = DogEnv
2.74,0.1094732479,-1.258548202,-0.05065244034,2.613285158,0.06194210115,-1.073197421,0.007140133671,0.003054377595,-0.017384535,0.04974813207,-0.3036076315,-0.3317262233,-0.3313732206,-0.1731314894,-0.3458823398,0.124595796,0.1257496013,-0.2814944993,-0.08091665829,-1.72967061,-2.592424809,4.663222408,-6.075818395,-2.085580732,0.01542656106,0.06871722292,0.007395216691,-1.111980376,0.5753672967,0.05544151271,0.06012270305,-0.3411816598,-0.02798858523,2.251044403,2.239230274,-0.2094541911,-0.9655166532,1.864445124,-6.894730742,-9.852017345,-17.03272756,19.71636723,-0.6331574711,0.371514913,-1.226419532,-15.27873574,-5.140870561,-2.486471109,-1.468901732,22.93339276,0.2575698739,-22.62608857,-22.50436731,16.36086184
2.75,0.1086361707,-1.275743915,-0.07695722117,2.659178061,0.0004385766816,-1.093093688,0.007318099565,0.003850345448,-0.01726130864,0.03905625149,-0.2947183248,-0.3308502192,-0.3304782698,-0.1734556784,-0.346212911,0.1460229778,0.1470654401,-0.2844116056,-0.08732869699,-1.710567512,-2.66703046,4.526084254,-6.223504907,-1.893002663,0.01313278993,0.07944286931,0.01058829337,-1.092879055,1.005387443,0.08832452213,0.09490450379,0.1289358932,-0.02553293443,2.036689648,2.025908029,-0.2064054767,-0.787076429,1.839707716,-6.819686911,-9.481362352,-14.48285813,18.69091882,-1.551049256,-0.822246341,-1.380797514,-20.62183942,1.734170257,-2.886061018,-1.387884332,24.72418038,0.6667098778,-20.45081708,-20.34757004,22.42548076
2.76,0.1077213315,-1.292748444,-0.1039475304,2.704092364,-0.06247570185,-1.111137525,0.007400511622,0.004655915678,-0.01721462836,0.02679903102,-0.2848728183,-0.3301280965,-0.329620101,-0.1711183879,-0.3464480161,0.1654094281,0.1663493705,-0.2854731522,-0.09593903492,-1.689056108,-2.729985077,4.46722538,-6.355860349,-1.718198524,0.005921155263,0.08636402365,1.424638395e-05,-1.380485804,0.9477034115,0.05595134456,0.0759833903,0.3211597838,-0.02217454815,1.841852949,1.832132959,-0.01514283944,-0.9154730427,2.47256877,-5.808083845,-2.809023223,-11.65132813,16.20886736,-0.009440114179,1.891856762,-0.625300755,-33.06357591,-8.699595946,-2.983277081,-1.870924614,13.34064892,0.188070193,-18.53800553,-18.43694265,15.82267062
#Exudyn explicit time integration (ExplicitEuler) solver solution file
#simulation started=2026-01-27,10:20:08
#columns contain: time, ODE2 displacements, ODE2 velocities, ODE2 accelerations
#number of system coordinates [nODE2, nODE1, nAlgebraic, nData] = [18,0,0,0]
#number of written coordinates [nODE2, nVel2, nAcc2, nODE1, nVel1, nAlgebraic, nData] = [18,18,18,0,0,0,0]
#total columns exported  (excl. time) = 54
#number of time steps (planned) = 200
#Exudyn version = 1.10.0; Python3.11.11; Windows AVX2 FLOAT64
#
#solution information = DogEnv
2.76,0.1077213315,-1.292748444,-0.1039475304,2.704092364,-0.06247570185,-1.111137525,0.007400511622,0.004655915678,-0.01721462836,0.02679903102,-0.2848728183,-0.3301280965,-0.329620101,-0.1711183879,-0.3464480161,0.1654094281,0.1663493705,-0.2854731522,-0.09593903492,-1.689056108,-2.729985077,4.46722538,-6.355860349,-1.718198524,0.005921155263,0.08636402365,1.424638395e-05,-1.380485804,0.9477034115,0.05595134456,0.0759833903,0.3211597838,-0.02217454815,1.841852949,1.832132959,-0.01514283944,-0.9154730427,2.47256877,-5.808083845,-2.809023223,-11.65132813,16.20886736,-0.009440114179,1.891856762,-0.625300755,-33.06357591,-8.699595946,-2.983277081,-1.870924614,13.34064892,0.188070193,-18.53800553,-18.43694265,15.82267062
2.77,0.1067320461,-1.309503063,-0.1315746464,2.748361778,-0.1264902454,-1.127570934,0.00750771887,0.005677471517,-0.01713968182,0.01316650476,-0.2723283751,-0.3292338066,-0.328553516,-0.1650283737,-0.3467255178,0.182940417,0.183789036,-0.2864838701,-0.10251007,-1.663025791,-2.7935372,4.398584704,-6.444717844,-1.567393982,0.007508180208,0.1054467739,0.00741297219,-1.439865039,1.357846772,0.08966665069,0.11168758,0.7275332544,-0.02036518829,1.666475116,1.657582415,-0.02618436686,-0.7324987697,2.53404497,-5.602515697,-2.616424351,-8.179150956,14.73440311,-1.112865101,0.1833319835,-0.8885717993,-37.93443765,-1.411437623,-3.157015747,-1.591394321,11.91717529,0.612767418,-16.74299132,-16.66139327,19.82209437
2.78,0.1057755701,-1.325826868,-0.1595454751,2.7919371,-0.1875771598,-1.142783061,0.0102399637,-0.001643412851,-0.01436421023,-0.0001616174442,-0.2600396102,-0.3265557568,-0.3275973868,-0.1584636773,-0.3469525962,0.2002626433,0.1994444455,-0.2864604404,-0.03166631461,-1.507032352,-2.676586647,4.125446124,-3.745162751,-1.635975638,1.724171628,-2.807632652,1.76407142,0.474585124,0.6650371974,0.5593124341,0.02715471953,0.01416911523,-0.04542546947,1.069282692,1.459786829,-0.3239533804,25.79086489,42.34835171,48.34405255,-63.55003836,828.9018743,-70.50162307,246.0993145,747.7530764,262.3111515,552.9118389,-113.394052,-318.7969212,-28.80240136,-226.022755,-4.585384546,-242.7314216,-8.485591062,-174.1151366
#Exudyn explicit time integration (ExplicitEuler) solver solution file
#simulation started=2026-01-27,10:20:08
#columns contain: time, ODE2 displacements, ODE2 velocities, ODE2 accelerations
#number of system coordinates [nODE2, nODE1, nAlgebraic, nData] = [18,0,0,0]
#number of written coordinates [nODE2, nVel2, nAcc2, nODE1, nVel1, nAlgebraic, nData] = [18,18,18,0,0,0,0]
#total columns exported  (excl. time) = 54
#number of time steps (planned) = 200
#Exudyn version = 1.10.0; Python3.11.11; Windows AVX2 FLOAT64
#
#solution information = DogEnv
2.78,0.1057755701,-1.325826868,-0.1595454751,2.7919371,-0.1875771598,-1.142783061,0.0102399637,-0.001643412851,-0.01436421023,-0.0001616174442,-0.2600396102,-0.3265557568,-0.3275973868,-0.1584636773,-0.3469525962,0.2002626433,0.1994444455,-0.2864604404,-0.03166631461,-1.507032352,-2.676586647,4.125446124,-3.745162751,-1.635975638,1.724171628,-2.807632652,1.76407142,0.474585124,0.6650371974,0.5593124341,0.02715471953,0.01416911523,-0.04542546947,1.069282692,1.459786829,-0.3239533804,25.79086489,42.34835171,48.34405255,-63.55003836,828.9018743,-70.50162307,246.0993145,747.7530764,262.3111515,552.9118389,-113.394052,-318.7969212,-28.80240136,-226.022755,-4.585384546,-242.7314216,-8.485591062,-174.1151366
2.79,0.1064862757,-1.339641045,-0.18501086,2.831740736,-0.2009008725,-1.161401842,0.02440984676,-0.008546719269,0.0008198347724,0.01650415159,-0.2533634939,-0.3306525778,-0.3273155262,-0.163372755,-0.3473688825,0.207650751,0.2135112904,-0.2959935423,0.1491029866,-1.311413587,-2.492549638,3.864205665,0.1067200555,-2.004711738,0.7276571309,0.4787164942,0.8755528312,2.067581306,0.8384334544,-0.8087802224,0.09680084262,-0.5579425197,-0.02861519657,0.7848137553,1.349236687,-1.333367362,10.67623677,5.796989935,-0.3536720155,-27.87201806,162.0263649,-16.85771554,-120.2832562,107.7824444,-113.9895386,-33.40142664,34.23483883,8.379670206,17.63210547,48.16984371,2.565768877,34.94245193,-11.72207836,-32.39389134
2.8,0.1083460673,-1.352662311,-0.2102111049,2.868634457,-0.1940008192,-1.182142658,0.02780682458,-0.0008243302953,0.005888937487,0.0306654837,-0.2439833139,-0.3371290457,-0.3257381535,-0.1663148061,-0.3475663423,0.2168075567,0.2264132856,-0.3096343448,0.2113155367,-1.30421309,-2.56355617,3.488845762,1.163432164,-2.143584742,0.1073139248,0.93658295,0.2842984647,0.3549330186,0.9771926064,-0.4576762432,0.1885074156,-0.1312997714,-0.01436883225,0.9993000578,1.229324569,-1.280287933,3.246324164,-1.347765036,-10.05223349,-39.84348083,80.56626626,-14.72816482,-24.71220814,17.58710798,-24.29779435,-246.572427,-1.859764068,32.29094765,-0.07162210655,-5.454400937,0.4492856651,8.783598646,-12.09026031,40.50659866
#Exudyn explicit time integration (ExplicitEuler) solver solution file
#simulation started=2026-01-27,10:20:08
#columns contain: time, ODE2 displacements, ODE2 velocities, ODE2 accelerations
#number of system coordinates [nODE2, nODE1, nAlgebraic, nData] = [18,0,0,0]
#number of written coordinates [nODE2, nVel2, nAcc2, nODE1, nVel1, nAlgebraic, nData] = [18,18,18,0,0,0,0]
#total columns exported  (excl. time) = 54
#number of time steps (planned) = 200
#Exudyn version = 1.10.0; Python3.11.11; Windows AVX2 FLOAT64
#
#solution information = DogEnv
2.8,0.1083460673,-1.352662311,-0.2102111049,2.868634457,-0.1940008192,-1.182142658,0.02780682458,-0.0008243302953,0.005888937487,0.0306654837,-0.2439833139,-0.3371290457,-0.3257381535,-0.1663148061,-0.3475663423,0.2168075567,0.2264132856,-0.3096343448,0.2113155367,-1.30421309,-2.56355617,3.488845762,1.163432164,-2.143584742,0.1073139248,0.93658295,0.2842984647,0.3549330186,0.9771926064,-0.4576762432,0.1885074156,-0.1312997714,-0.01436883225,0.9993000578,1.229324569,-1.280287933,3.246324164,-1.347765036,-10.05223349,-39.84348083,80.56626626,-14.72816482,-24.71220814,17.58710798,-24.29779435,-246.572427,-1.859764068,32.29094765,-0.07162210655,-5.454400937,0.4492856651,8.783598646,-12.09026031,40.50659866
2.81,0.110603978,-1.365717792,-0.2362857952,2.902021632,-0.1784934549,-1.204269418,0.02805586792,0.009702324295,0.007879994341,0.02623174341,-0.2350265793,-0.3407863293,-0.3239880754,-0.1690062768,-0.3476956755,0.221416869,0.2327401418,-0.3197331652,0.2368782008,-1.305557802,-2.653787716,3.22894486,1.838239977,-2.272679413,-0.07928532042,0.9450983422,0.0906595307,-0.8413291304,0.8404671713,-0.2471322301,0.143532412,-0.3231615636,-0.01296262081,0.5399697863,0.5929132534,-0.7353376521,1.525954125,0.1654903682,-9.465276734,-14.25310172,38.03535711,-9.593952448,-20.06119726,-49.31869252,-20.98888279,-6.904006019,-8.40850264,26.5953911,-5.510929348,10.13914933,0.09990691576,11.97521565,-5.999513392,49.61808694
2.82,0.1130328512,-1.378755469,-0.2632824827,2.933929118,-0.158790917,-1.227358326,0.02650499983,0.01685383862,0.007978473918,0.01897969699,-0.2270631486,-0.3423880359,-0.3228104513,-0.1713646065,-0.3478223195,0.2269688254,0.2383790315,-0.3249902781,0.2484906648,-1.300521725,-2.74426384,3.183774014,2.062623325,-2.33482182,-0.2102440023,0.543239015,-0.05092380407,-0.5313726079,0.7478866539,-0.122754439,0.09282923783,-0.1433435025,-0.01262229483,0.5342187153,0.5350003464,-0.3472986682,1.171436882,0.9916610403,-8.227972224,4.754709835,11.88191545,-3.026908701,-7.335725632,-17.74478867,-8.542153704,42.7108771,-10.10481313,-2.211111035,-4.589962636,14.57773239,-0.03566217632,-9.590901011,-5.563891133,28.48606513
#Exudyn explicit time integration (ExplicitEuler) solver solution file
#simulation started=2026-01-27,10:20:08
#columns contain: time, ODE2 displacements, ODE2 velocities, ODE2 accelerations
#number of system coordinates [nODE2, nODE1, nAlgebraic, nData] = [18,0,0,0]
#number of written coordinates [nODE2, nVel2, nAcc2, nODE1, nVel1, nAlgebraic, nData] = [18,18,18,0,0,0,0]
#total columns exported  (excl. time) = 54
#number of time steps (planned) = 200
#Exudyn version = 1.10.0; Python3.11.11; Windows AVX2 FLOAT64
#
#solution information = DogEnv
2.82,0.1130328512,-1.378755469,-0.2632824827,2.933929118,-0.158790917,-1.227358326,0.02650499983,0.01685383862,0.007978473918,0.01897969699,-0.2270631486,-0.3423880359,-0.3228104513,-0.1713646065,-0.3478223195,0.2269688254,0.2383790315,-0.3249902781,0.2484906648,-1.300521725,-2.74426384,3.183774014,2.062623325,-2.33482182,-0.2102440023,0.543239015,-0.05092380407,-0.5313726079,0.7478866539,-0.122754439,0.09282923783,-0.1433435025,-0.01262229483,0.5342187153,0.5350003464,-0.3472986682,1.171436882,0.9916610403,-8.227972224,4.754709835,11.88191545,-3.026908701,-7.335725632,-17.74478867,-8.542153704,42.7108771,-10.10481313,-2.211111035,-4.589962636,14.57773239,-0.03566217632,-9.590901011,-5.563891133,28.48606513
2.83,0.1156385356,-1.391650411,-0.2910123507,2.966408182,-0.13691433,-1.250718156,0.02449064111,0.02575926148,0.007473599533,0.01542554202,-0.2204932506,-0.3447675957,-0.3219601228,-0.1728038443,-0.3479524581,0.2198043052,0.2323743529,-0.3277677809,0.2738404904,-1.278972634,-2.803661604,3.327637441,2.251634297,-2.32625429,-0.227446439,0.8325750348,-0.08402398244,-0.2835072784,0.6043143553,-0.3171170797,0.06141717991,-0.1264516332,-0.01320636884,-0.6672608216,-0.5878633337,-0.2285926318,2.391431313,1.904471295,-6.653412828,16.49611746,1.904323011,2.534830714,-7.348507892,-57.84225051,-8.51120692,7.710540879,-5.277518539,3.998518594,-1.481280582,4.541421297,0.1421415224,20.89319839,5.962586302,12.30308265
2.84,0.1184746695,-1.404348427,-0.3193903837,3.000562131,-0.1147176989,-1.273858686,0.02188569366,0.03097324116,0.006257134057,0.01331915252,-0.2146650056,-0.3474603477,-0.3214103315,-0.1740811063,-0.3480775447,0.213950382,0.2267796187,-0.3292958799,0.2920580208,-1.259886864,-2.872180064,3.515794537,2.15253109,-2.301050558,-0.2880032119,0.2503786624,-0.1530635543,-0.1018031154,0.5605002309,-0.2283652262,0.0470603125,-0.1641006636,-0.01199934678,-0.5355209778,-0.5317827701,-0.07328778136,1.514317245,2.223900818,-6.422564968,22.76790289,-18.69977927,2.927824466,-3.870501299,-34.88560674,-4.572793161,25.99093619,-4.994254617,1.486681268,-1.898417068,-15.26083018,0.04708726973,2.297433498,5.233195293,13.61296725
#Exudyn explicit time integration (ExplicitEuler) solver solution file
#simulation started=2026-01-27,10:20:08
#columns contain: time, ODE2 displacements, ODE2 velocities, ODE2 accelerations
#number of system coordinates [nODE2, nODE1, nAlgebraic, nData] = [18,0,0,0]
#number of written coordinates [nODE2, nVel2, nAcc2, nODE1, nVel1, nAlgebraic, nData] = [18,18,18,0,0,0,0]
#total columns exported  (excl. time) = 54
#number of time steps (planned) = 200
#Exudyn version = 1.10.0; Python3.11.11; Windows AVX2 FLOAT64
#
#solution information = DogEnv
2.84,0.1184746695,-1.404348427,-0.3193903837,3.000562131,-0.1147176989,-1.273858686,0.02188569366,0.03097324116,0.006257134057,0.01331915252,-0.2146650056,-0.3474603477,-0.3214103315,-0.1740811063,-0.3480775447,0.213950382,0.2267796187,-0.3292958799,0.2920580208,-1.259886864,-2.872180064,3.515794537,2.15253109,-2.301050558,-0.2880032119,0.2503786624,-0.1530635543,-0.1018031154,0.5605002309,-0.2283652262,0.0470603125,-0.1641006636,-0.01199934678,-0.5355209778,-0.5317827701,-0.07328778136,1.514317245,2.223900818,-6.422564968,22.76790289,-18.69977927,2.927824466,-3.870501299,-34.88560674,-4.572793161,25.99093619,-4.994254617,1.486681268,-1.898417068,-15.26083018,0.04708726973,2.297433498,5.233195293,13.61296725
2.85,0.1215252229,-1.416775775,-0.3483050807,3.037154947,-0.09331704663,-1.296648961,0.01930348715,0.03724420369,0.004964438664,0.01336926974,-0.2097227945,-0.3517779551,-0.3208873696,-0.1768403092,-0.3481987359,0.1957186398,0.2103817265,-0.33001023,0.3199733213,-1.224979742,-2.911719799,3.804859635,2.095923235,-2.251218697,-0.2533835753,0.6675629486,-0.1303673626,0.008234568813,0.4602261028,-0.5915543284,0.04116778046,-0.3248830741,-0.01203052835,-1.755337427,-1.575675837,-0.0976580775,2.848066746,3.384144865,-4.667880042,26.23955886,-14.12468705,5.174746923,-1.132219758,-41.38776795,-2.11575685,-9.486546682,-1.974109819,-2.949519998,1.118243516,0.0827001731,0.2080429905,32.49667161,15.95689508,-3.802949776
2.86,0.1248410657,-1.428871314,-0.3776862106,3.076404897,-0.0733890475,-1.318954465,0.01663931046,0.0409093769,0.00349308415,0.01326342312,-0.2051647888,-0.3568084019,-0.3204300138,-0.1803500804,-0.3483082657,0.1798637508,0.1953886729,-0.3309073071,0.3410235545,-1.19442215,-2.966472562,4.046270872,1.852923995,-2.212871996,-0.2847570355,0.04259585505,-0.1683282358,0.01712627356,0.4504270589,-0.3693547408,0.04570413097,-0.4415865945,-0.01011416176,-1.438706774,-1.424336561,-0.06363603342,1.498598727,3.080777248,-5.456342993,25.42876616,-34.0700902,3.267325465,-3.810444512,-52.47894609,-4.24744806,15.34170851,-2.025445156,22.71885261,-1.135448951,-35.29027339,0.07985828082,18.26215821,14.24080567,5.934504472
#Exudyn explicit time integration (ExplicitEuler) solver solution file
#simulation started=2026-01-27,10:20:08
#columns contain: time, ODE2 displacements, ODE2 velocities, ODE2 accelerations
#number of system coordinates [nODE2, nODE1, nAlgebraic, nData] = [18,0,0,0]
#number of written coordinates [nODE2, nVel2, nAcc2, nODE1, nVel1, nAlgebraic, nData] = [18,18,18,0,0,0,0]
#total columns exported  (excl. time) = 54
#number of time steps (planned) = 200
#Exudyn version = 1.10.0; Python3.11.11; Windows AVX2 FLOAT64
#
#solution information = DogEnv
2.86,0.1248410657,-1.428871314,-0.3776862106,3.076404897,-0.0733890475,-1.318954465,0.01663931046,0.0409093769,0.00349308415,0.01326342312,-0.2051647888,-0.3568084019,-0.3204300138,-0.1803500804,-0.3483082657,0.1798637508,0.1953886729,-0.3309073071,0.3410235545,-1.19442215,-2.966472562,4.046270872,1.852923995,-2.212871996,-0.2847570355,0.04259585505,-0.1683282358,0.01712627356,0.4504270589,-0.3693547408,0.04570413097,-0.4415865945,-0.01011416176,-1.438706774,-1.424336561,-0.06363603342,1.498598727,3.080777248,-5.456342993,25.42876616,-34.0700902,3.267325465,-3.810444512,-52.47894609,-4.24744806,15.34170851,-2.025445156,22.71885261,-1.135448951,-35.29027339,0.07985828082,18.26215821,14.24080567,5.934504472
2.87,0.1283569802,-1.440610286,-0.4075075603,3.118405943,-0.05601013948,-1.3408775,0.01400324841,0.04318258273,0.001980827835,0.01437041341,-0.2012113931,-0.3626374023,-0.3199392746,-0.1871331404,-0.3484079137,0.1567756775,0.1744180803,-0.3316038194,0.364352351,-1.150323095,-2.995102268,4.359177371,1.616299927,-2.167376254,-0.2458892822,0.3392608009,-0.1382625476,0.1368924188,0.3664369754,-0.8318913787,0.04411066738,-0.8301521851,-0.01026811423,-2.300591048,-2.004588376,-0.1053931694,2.728987824,4.977472445,-2.51590291,29.29410836,-22.62354244,4.873330157,4.740009412,6.172231131,3.753589431,-7.186621736,-1.868498561,-38.47510079,2.073811312,-5.571015086,0.1294476842,13.13867564,20.15492386,-9.150189178
2.88,0.1329475723,-1.450310369,-0.4336935578,3.147323234,-0.02446817606,-1.364185253,0.009345389786,0.03084439441,0.008384815547,0.04647629085,-0.2318251033,-0.3540070912,-0.3140278357,-0.2158606041,-0.2953335192,0.1425268911,0.1556059332,-0.3193212148,0.5773613039,-0.7196700705,-2.095901484,1.662982449,3.684636108,-2.36810731,-0.1504730683,-6.205308141,0.2547662811,5.089528676,-1.993339794,1.47427397,0.6777676931,-4.761569422,3.042654019,-1.755990709,-1.787079046,1.290216077,22.08607709,59.95638852,69.04882695,-3.512619831,-203.49063,0.5547797291,-780.728501,-639.7452041,-327.1722484,-2119.809639,570.9298238,-391.9436654,-81.92003525,-913.0956733,-91445.44037,-267.1567707,-64.11453759,-37047.33536
#Exudyn explicit time integration (ExplicitEuler) solver solution file
#simulation started=2026-01-27,10:20:08
#columns contain: time, ODE2 displacements, ODE2 velocities, ODE2 accelerations
#number of system coordinates [nODE2, nODE1, nAlgebraic, nData] = [18,0,0,0]
#number of written coordinates [nODE2, nVel2, nAcc2, nODE1, nVel1, nAlgebraic, nData] = [18,18,18,0,0,0,0]
#total columns exported  (excl. time) = 54
#number of time steps (planned) = 200
#Exudyn version = 1.10.0; Python3.11.11; Windows AVX2 FLOAT64
#
#solution information = DogEnv
2.88,0.1329475723,-1.450310369,-0.4336935578,3.147323234,-0.02446817606,-1.364185253,0.009345389786,0.03084439441,0.008384815547,0.04647629085,-0.2318251033,-0.3540070912,-0.3140278357,-0.2158606041,-0.2953335192,0.1425268911,0.1556059332,-0.3193212148,0.5773613039,-0.7196700705,-2.095901484,1.662982449,3.684636108,-2.36810731,-0.1504730683,-6.205308141,0.2547662811,5.089528676,-1.993339794,1.47427397,0.6777676931,-4.761569422,3.042654019,-1.755990709,-1.787079046,1.290216077,22.08607709,59.95638852,69.04882695,-3.512619831,-203.49063,0.5547797291,-780.728501,-639.7452041,-327.1722484,-2119.809639,570.9298238,-391.9436654,-81.92003525,-913.0956733,-91445.44037,-267.1567707,-64.11453759,-37047.33536
2.89,0.1393927265,-1.454738484,-0.4473973269,3.156070865,-0.009998237592,-1.386090442,-0.01004636081,0.01333476351,-0.01262569195,0.07506129221,-0.2359559841,-0.336099308,-0.3027304668,-0.2420687497,-0.2701892518,0.09830985353,0.1046868189,-0.2996943389,0.6903445357,-0.2187349573,-0.740098034,0.3320177351,0.07077940919,-1.893829525,-2.857124513,1.032008225,-2.996043306,1.154052817,0.4922062646,1.877465798,1.042872697,-1.017493928,-0.4864974521,-5.037845802,-5.575492947,1.792975134,6.262986407,42.0530144,91.74839849,-64.70678742,10.82373718,70.95620717,-331.7271524,-144.7813577,790.5619805,314.2043333,-1268.677624,-873.3816485,-842.5961286,702.1665577,-9608.626099,-23803.30734,-58770.65711,16860.11462
2.9,0.1463826235,-1.455814312,-0.4515480946,3.157297209,-0.009895330261,-1.40211876,-0.0356226166,0.01937615254,-0.03971706478,0.0818382136,-0.2279154646,-0.3164606114,-0.2928468587,-0.2462463225,-0.2648866732,0.06330719134,0.06475886678,-0.2942758078,0.6967492797,-0.02850404109,-0.1801894499,-0.006072685531,0.05156243853,-1.334440609,-2.19036601,0.2941620633,-2.330919372,0.3431830726,0.9327008043,1.881766348,1.028636361,0.02517324344,-0.03604003736,-3.257968666,-3.079053535,0.2017800799,-2.099422084,9.341977555,31.96081379,-14.06441309,10.37828143,45.00950102,96.75019539,-47.38287967,8.917883643,-51.65377967,-51.47835188,-38.61582983,358.2011936,60.73405527,-2415.232635,27.02826172,10906.64068,-12.12924136
#Exudyn explicit time integration (ExplicitEuler) solver solution file
#simulation started=2026-01-27,10:20:08
#columns contain: time, ODE2 displacements, ODE2 velocities, ODE2 accelerations
#number of system coordinates [nODE2, nODE1, nAlgebraic, nData] = [18,0,0,0]
#number of written coordinates [nODE2, nVel2, nAcc2, nODE1, nVel1, nAlgebraic, nData] = [18,18,18,0,0,0,0]
#total columns exported  (excl. time) = 54
#number of time steps (planned) = 200
#Exudyn version = 1.10.0; Python3.11.11; Windows AVX2 FLOAT64
#
#solution information = DogEnv
2.9,0.1463826235,-1.455814312,-0.4515480946,3.157297209,-0.009895330261,-1.40211876,-0.0356226166,0.01937615254,-0.03971706478,0.0818382136,-0.2279154646,-0.3164606114,-0.2928468587,-0.2462463225,-0.2648866732,0.06330719134,0.06475886678,-0.2942758078,0.6967492797,-0.02850404109,-0.1801894499,-0.006072685531,0.05156243853,-1.334440609,-2.19036601,0.2941620633,-2.330919372,0.3431830726,0.9327008043,1.881766348,1.028636361,0.02517324344,-0.03604003736,-3.257968666,-3.079053535,0.2017800799,-2.099422084,9.341977555,31.96081379,-14.06441309,10.37828143,45.00950102,96.75019539,-47.38287967,8.917883643,-51.65377967,-51.47835188,-38.61582983,358.2011936,60.73405527,-2415.232635,27.02826172,10906.64068,-12.12924136
2.91,0.1532169543,-1.455733804,-0.4522083452,3.156751525,-0.008587335347,-1.413337271,-0.05380222992,0.02042215874,-0.05941161297,0.08311286938,-0.2182337524,-0.3009049876,-0.283241875,-0.243733967,-0.266008232,0.03427056649,0.03413067093,-0.2937724709,0.6674544182,0.03387152001,0.01662944115,-0.08325962586,0.2098112676,-0.9283767272,-1.456045038,-0.04672794587,-1.641784267,-0.05602507174,0.9652712193,1.253716657,0.976489017,0.4188983346,-0.272876438,-2.826161256,-2.836377447,-0.08000418768,-3.47292034,3.402860115,11.39377896,-3.031852347,14.49868625,34.12374521,67.51756475,-22.79536841,57.06828014,-30.5035399,-7.694898929,-61.2657257,0.2193823925,22.83750208,-22.58033594,11.66799014,37.43519731,-18.28038086
2.92,0.1597146607,-1.455272873,-0.4516227052,3.155831685,-0.005850665516,-1.421106657,-0.06523027566,0.01907323499,-0.07335528643,0.08126353146,-0.2091271426,-0.2913341236,-0.2735615123,-0.2387181721,-0.2695799005,0.006543067556,0.00748781856,-0.295232349,0.6315417501,0.05516545553,0.09008457868,-0.09618019706,0.3305392048,-0.6385677774,-0.8439707211,-0.2021749888,-1.174119351,-0.2970001234,0.8438506154,0.6762441589,0.9532191896,0.562233565,-0.4219526439,-2.706163976,-2.499503035,-0.1940699348,-3.607588377,1.298823122,4.491470924,-0.1875939147,9.189161331,24.5298098,54.70797735,-9.089419811,37.69604219,-19.23754119,-14.56537907,-46.22153201,-3.712833909,8.453246782,-9.437374477,16.67359897,30.83895316,-6.547656311
#Exudyn explicit time integration (ExplicitEuler) solver solution file
#simulation started=2026-01-27,10:20:08
#columns contain: time, ODE2 displacements, ODE2 velocities, ODE2 accelerations
#number of system coordinates [nODE2, nODE1, nAlgebraic, nData] = [18,0,0,0]
#number of written coordinates [nODE2, nVel2, nAcc2, nODE1, nVel1, nAlgebraic, nData] = [18,18,18,0,0,0,0]
#total columns exported  (excl. time) = 54
#number of time steps (planned) = 200
#Exudyn version = 1.10.0; Python3.11.11; Windows AVX2 FLOAT64
#
#solution information = DogEnv
2.92,0.1597146607,-1.455272873,-0.4516227052,3.155831685,-0.005850665516,-1.421106657,-0.06523027566,0.01907323499,-0.07335528643,0.08126353146,-0.2091271426,-0.2913341236,-0.2735615123,-0.2387181721,-0.2695799005,0.006543067556,0.00748781856,-0.295232349,0.6315417501,0.05516545553,0.09008457868,-0.09618019706,0.3305392048,-0.6385677774,-0.8439707211,-0.2021749888,-1.174119351,-0.2970001234,0.8438506154,0.6762441589,0.9532191896,0.562233565,-0.4219526439,-2.706163976,-2.499503035,-0.1940699348,-3.607588377,1.298823122,4.491470924,-0.1875939147,9.189161331,24.5298098,54.70797735,-9.089419811,37.69604219,-19.23754119,-14.56537907,-46.22153201,-3.712833909,8.453246782,-9.437374477,16.67359897,30.83895316,-6.547656311
2.93,0.1658683214,-1.454653107,-0.4507347377,3.154788076,-0.002958459311,-1.426482007,-0.0649315544,0.01629147898,-0.08388129812,0.07659151999,-0.1998732035,-0.288485361,-0.2682895025,-0.2318888849,-0.2704510123,-0.005183413171,-0.002789966769,-0.2936877293,0.6011836674,0.06851671399,0.08293018172,-0.09872944862,0.2249272813,-0.4550240709,0.5601664225,-0.3383621731,-0.9931930217,-0.5925814855,0.9250213162,0.3097346478,0.4856069736,0.7421549354,-0.1024949598,-1.01683431,-0.898178635,0.1348231041,-2.59801003,0.924774612,-1.641859648,1.542082486,-10.65388216,13.23783292,36.64644453,-9.383795741,10.01583517,-16.73781969,-6.146756568,15.9632831,-0.3133665375,7.356493722,4.312623286,15.60438848,11.86214758,-2.885277689
2.94,0.1717498377,-1.453929966,-0.4499850885,3.153851285,-0.0009889411844,-1.430444874,-0.058898345,0.01258210213,-0.09324457455,0.07018207772,-0.1909035361,-0.2850319791,-0.2634293906,-0.224303296,-0.2712626294,-0.01478964854,-0.01119490157,-0.2923883653,0.57447945,0.07580659796,0.06754754143,-0.09033974982,0.1871612262,-0.3406173327,0.5739258665,-0.3939759945,-0.871620225,-0.6674511551,0.8683010874,0.3545702771,0.4883139962,0.7592099431,-0.06338781418,-0.9084552672,-0.7828903297,0.1325206685,-2.800953159,0.6640410944,-1.27950499,0.4457486285,0.5673537536,10.50713086,-12.13990022,-3.030454746,13.92652873,-2.593444149,-6.095692546,-1.721770269,0.7141389699,-1.896753397,2.570497486,9.267378574,11.10357457,1.505126167
#Exudyn explicit time integration (ExplicitEuler) solver solution file
#simulation started=2026-01-27,10:20:08
#columns contain: time, ODE2 displacements, ODE2 velocities, ODE2 accelerations
#number of system coordinates [nODE2, nODE1, nAlgebraic, nData] = [18,0,0,0]
#number of written coordinates [nODE2, nVel2, nAcc2, nODE1, nVel1, nAlgebraic, nData] = [18,18,18,0,0,0,0]
#total columns exported  (excl. time) = 54
#number of time steps (planned) = 200
#Exudyn version = 1.10.0; Python3.11.11; Windows AVX2 FLOAT64
#
#solution information = DogEnv
2.94,0.1717498377,-1.453929966,-0.4499850885,3.153851285,-0.0009889411844,-1.430444874,-0.058898345,0.01258210213,-0.09324457455,0.07018207772,-0.1909035361,-0.2850319791,-0.2634293906,-0.224303296,-0.2712626294,-0.01478964854,-0.01119490157,-0.2923883653,0.57447945,0.07580659796,0.06754754143,-0.09033974982,0.1871612262,-0.3406173327,0.5739258665,-0.3939759945,-0.871620225,-0.6674511551,0.8683010874,0.3545702771,0.4883139962,0.7592099431,-0.06338781418,-0.9084552672,-0.7828903297,0.1325206685,-2.800953159,0.6640410944,-1.27950499,0.4457486285,0.5673537536,10.50713086,-12.13990022,-3.030454746,13.92652873,-2.593444149,-6.095692546,-1.721770269,0.7141389699,-1.896753397,2.570497486,9.267378574,11.10357457,1.505126167
2.95,0.1773854504,-1.453229494,-0.45010576,3.151909325,0.000926136569,-1.433686788,-0.03538290356,0.009123585603,-0.1009589197,0.07021052354,-0.1682334666,-0.2848087846,-0.2648580644,-0.1834146444,-0.2722671705,0.002940272001,0.006163791624,-0.2841064443,0.5578174243,0.03653690509,-0.1166815931,-0.312829241,0.2191705744,-0.348585126,3.967086934,-0.426483542,-0.8739342507,1.85868578,2.832979536,0.1658144288,-0.1841160495,7.576380025,-0.1827194788,1.874776241,1.790038575,1.240850407,0.7532143241,-10.60604954,-19.67851678,-18.88598674,-8.004705885,-8.195850296,75.23618618,-8.064446153,-29.12939604,520.8486652,-5.470352185,18.86482753,1.267228218,467.2494264,31.32644404,-7.457496593,-15.90219185,9.248910712
2.96,0.183079149,-1.453299853,-0.4517612258,3.148952302,0.001616265538,-1.437211486,-0.003898571549,0.003033387939,-0.1117027839,0.09692836206,-0.140671823,-0.2835040287,-0.2670959023,-0.1101160224,-0.2716227523,0.02092381657,0.02295342441,-0.2743780997,0.5811157794,-0.03480734902,-0.1700884355,-0.2064228328,-0.07091463742,-0.3246930347,1.779951681,-0.8106831067,-1.227796512,1.68294245,2.667575295,0.03158452848,-0.2782921962,5.37460904,0.2568574642,1.678174791,1.549217422,0.5947257128,0.9496113366,-1.864919491,5.534573953,20.59354638,-6.170575412,9.140716054,-256.353373,-18.84458534,-4.058720061,-398.022023,-23.06219818,-20.1853384,-7.644251628,-506.6383162,13.0944151,-29.16588511,-25.09319284,-69.78464607
#Exudyn explicit time integration (ExplicitEuler) solver solution file
#simulation started=2026-01-27,10:20:08
#columns contain: time, ODE2 displacements, ODE2 velocities, ODE2 accelerations
#number of system coordinates [nODE2, nODE1, nAlgebraic, nData] = [18,0,0,0]
#number of written coordinates [nODE2, nVel2, nAcc2, nODE1, nVel1, nAlgebraic, nData] = [18,18,18,0,0,0,0]
#total columns exported  (excl. time) = 54
#number of time steps (planned) = 200
#Exudyn version = 1.10.0; Python3.11.11; Windows AVX2 FLOAT64
#
#solution information = DogEnv
2.96,0.183079149,-1.453299853,-0.4517612258,3.148952302,0.001616265538,-1.437211486,-0.003898571549,0.003033387939,-0.1117027839,0.09692836206,-0.140671823,-0.2835040287,-0.2670959023,-0.1101160224,-0.2716227523,0.02092381657,0.02295342441,-0.2743780997,0.5811157794,-0.03480734902,-0.1700884355,-0.2064228328,-0.07091463742,-0.3246930347,1.779951681,-0.8106831067,-1.227796512,1.68294245,2.667575295,0.03158452848,-0.2782921962,5.37460904,0.2568574642,1.678174791,1.549217422,0.5947257128,0.9496113366,-1.864919491,5.534573953,20.59354638,-6.170575412,9.140716054,-256.353373,-18.84458534,-4.058720061,-398.022023,-23.06219818,-20.1853384,-7.644251628,-506.6383162,13.0944151,-29.16588511,-25.09319284,-69.78464607
2.97,0.1888601335,-1.453619959,-0.4535327043,3.14780213,-0.0001733919462,-1.440043058,0.01916538984,-0.006533911479,-0.1246905502,0.1076761932,-0.09674842477,-0.2886555145,-0.2750498114,-0.05248261693,-0.2606207775,0.0522885197,0.05317239731,-0.2596047921,0.5721609269,-0.03567754324,-0.187534405,-0.006182735992,-0.3019042117,-0.2516616439,2.564122449,-1.104505294,-1.411099495,0.9869373614,5.380381555,-0.6053229569,-0.8558789381,6.292720138,1.17971601,2.98989116,2.889937744,1.599296759,-1.363521406,-1.673879174,0.1679864834,15.34189558,-11.0189454,4.610286656,-129.0689202,-13.44922587,-9.042464757,15.2710037,-16.78640569,-6.860091815,-1.174700655,47.02951183,-25.16727402,-42.20523919,-41.50840312,-16.92950054
2.98,0.1944934489,-1.45401329,-0.4551932115,3.147959225,-0.002618549527,-1.442254697,0.03402552809,-0.01713324035,-0.1379146545,0.1139957214,-0.05025923105,-0.2946955417,-0.2832406507,0.004349363707,-0.2507776963,0.08034359133,0.08023170551,-0.2465366304,0.5508142558,-0.03580967654,-0.1292600784,-0.002026200848,-0.1105398561,-0.1801088118,0.4718095011,-0.9388666514,-1.1302578,-0.08566439037,3.739399256,-0.5705060012,-0.7422058073,4.410884536,0.8305798584,2.64072433,2.542884097,0.920245615,-3.301285381,2.255863399,8.648122301,-7.654855198,31.5762695,9.765030804,-116.6796334,29.68752862,48.06926886,-168.6984777,-129.3347674,11.30855056,20.77672294,-313.3765153,-5.163869049,-28.72461238,-27.59337219,-72.0146532
#Exudyn explicit time integration (ExplicitEuler) solver solution file
#simulation started=2026-01-27,10:20:09
#columns contain: time, ODE2 displacements, ODE2 velocities, ODE2 accelerations
#number of system coordinates [nODE2, nODE1, nAlgebraic, nData] = [18,0,0,0]
#number of written coordinates [nODE2, nVel2, nAcc2, nODE1, nVel1, nAlgebraic, nData] = [18,18,18,0,0,0,0]
#total columns exported  (excl. time) = 54
#number of time steps (planned) = 200
#Exudyn version = 1.10.0; Python3.11.11; Windows AVX2 FLOAT64
#
#solution information = DogEnv
2.98,0.1944934489,-1.45401329,-0.4551932115,3.147959225,-0.002618549527,-1.442254697,0.03402552809,-0.01713324035,-0.1379146545,0.1139957214,-0.05025923105,-0.2946955417,-0.2832406507,0.004349363707,-0.2507776963,0.08034359133,0.08023170551,-0.2465366304,0.5508142558,-0.03580967654,-0.1292600784,-0.002026200848,-0.1105398561,-0.1801088118,0.4718095011,-0.9388666514,-1.1302578,-0.08566439037,3.739399256,-0.5705060012,-0.7422058073,4.410884536,0.8305798584,2.64072433,2.542884097,0.920245615,-3.301285381,2.255863399,8.648122301,-7.654855198,31.5762695,9.765030804,-116.6796334,29.68752862,48.06926886,-168.6984777,-129.3347674,11.30855056,20.77672294,-313.3765153,-5.163869049,-28.72461238,-27.59337219,-72.0146532
2.99,0.1998033738,-1.454218384,-0.4562366884,3.147911795,-0.003156560757,-1.443562313,0.03949369313,-0.02599163073,-0.147734828,0.1087283473,-0.00600196865,-0.2999501444,-0.2897639294,0.04428395416,-0.2331283606,0.1053311998,0.1043284737,-0.2304869242,0.509405609,-0.008196210583,-0.08027944298,0.003424492762,-0.01307369808,-0.0826598387,0.4874274454,-0.8419164036,-0.849835499,-0.8181151166,4.615909029,-0.4967771057,-0.5778915331,3.492660301,1.655997648,2.363350261,2.277762567,1.438916242,-4.406683183,2.167876483,5.234209585,-1.471430219,12.26251363,9.025549866,-52.81065264,14.13224441,30.5364814,-32.91549884,-87.53586917,7.207556163,15.60759845,-118.4895038,-47.83488765,-24.78458618,-24.00902524,-44.41687972
3,0.2046779861,-1.454174941,-0.4567681549,3.147723421,-0.002571113757,-1.443945993,0.04177732442,-0.0335799477,-0.1545632722,0.09940169619,0.03478111743,-0.3044373199,-0.294666288,0.07239187712,-0.2182444851,0.1278517259,0.1260715906,-0.2183848927,0.4651037751,0.01920435011,-0.0263516874,-0.04703560469,0.1272598851,0.006959421802,0.03201677965,-0.6772794547,-0.5126341494,-1.00160615,3.625242998,-0.3933806927,-0.3958060328,2.09768206,1.389803434,2.147377434,2.081506404,1.0010889,-4.385206353,3.286126574,4.824084788,-5.282478764,11.03362788,9.034199086,-22.88420144,13.65754394,31.63027616,-3.366329813,-56.80448751,11.13338643,18.70600496,-128.9991848,-10.51648432,-19.45609448,-16.50836013,-33.13858151
#Exudyn explicit time integration (ExplicitEuler) solver solution file
#simulation started=2026-01-27,10:20:09
#columns contain: time, ODE2 displacements, ODE2 velocities, ODE2 accelerations
#number of system coordinates [nODE2, nODE1, nAlgebraic, nData] = [18,0,0,0]
#number of written coordinates [nODE2, nVel2, nAcc2, nODE1, nVel1, nAlgebraic, nData] = [18,18,18,0,0,0,0]
#total columns exported  (excl. time) = 54
#number of time steps (planned) = 200
#Exudyn version = 1.10.0; Python3.11.11; Windows AVX2 FLOAT64
#
#solution information = DogEnv
3,0.2046779861,-1.454174941,-0.4567681549,3.147723421,-0.002571113757,-1.443945993,0.04177732442,-0.0335799477,-0.1545632722,0.09940169619,0.03478111743,-0.3044373199,-0.294666288,0.07239187712,-0.2182444851,0.1278517259,0.1260715906,-0.2183848927,0.4651037751,0.01920435011,-0.0263516874,-0.04703560469,0.1272598851,0.006959421802,0.03201677965,-0.6772794547,-0.5126341494,-1.00160615,3.625242998,-0.3933806927,-0.3958060328,2.09768206,1.389803434,2.147377434,2.081506404,1.0010889,-4.385206353,3.286126574,4.824084788,-5.282478764,11.03362788,9.034199086,-22.88420144,13.65754394,31.63027616,-3.366329813,-56.80448751,11.13338643,18.70600496,-128.9991848,-10.51648432,-19.45609448,-16.50836013,-33.13858151
3.01,0.2091104793,-1.453813671,-0.4568997832,3.147132958,-0.001002544015,-1.443436624,0.04208547374,-0.0399553143,-0.1584267616,0.089662484,0.07462096306,-0.3078915206,-0.2977769992,0.0940460268,-0.1901420125,0.1483481882,0.1460401701,-0.1947008652,0.4215735796,0.05045032017,0.003059678617,-0.07388685389,0.1997271704,0.09496781531,-0.08269107941,-0.5817395993,-0.2498314846,-0.9444309767,3.671614979,-0.3045349612,-0.2327996155,1.859098467,2.538450668,1.957109606,1.916034358,2.127448983,-4.153300106,2.801291288,3.547542611,-4.754350516,9.938871798,8.46674778,-26.8196514,12.95443389,28.5444117,7.562303584,-118.4034801,9.343861136,15.96267954,-103.0377502,-43.93396769,-17.40548645,-14.15466088,-50.56767228
3.02,0.213129365,-1.453156014,-0.4567077664,3.146154429,0.001413859422,-1.442081851,0.04035990941,-0.04520188968,-0.1595854515,0.08073309136,0.1068817119,-0.3104529552,-0.2993189591,0.1077692941,-0.1663672088,0.1671021862,0.1645696101,-0.1755702772,0.3827237555,0.08243373033,0.03366775456,-0.1200272903,0.2765608771,0.1755344533,-0.2302241749,-0.4742905068,0.01129915529,-0.8286871282,2.894926087,-0.2075692748,-0.07672882685,0.9409860056,2.238962376,1.795667417,1.793164628,1.727345621,-3.613316026,3.418865648,2.431143215,-3.712530494,5.548319847,7.696560539,-6.793300973,8.594872415,23.23946924,14.05684295,-49.54630711,9.13478042,14.54045499,-69.53954287,-25.7538395,-15.21872286,-11.28711481,-31.41000425
#Exudyn explicit time integration (ExplicitEuler) solver solution file
#simulation started=2026-01-27,10:20:09
#columns contain: time, ODE2 displacements, ODE2 velocities, ODE2 accelerations
#number of system coordinates [nODE2, nODE1, nAlgebraic, nData] = [18,0,0,0]
#number of written coordinates [nODE2, nVel2, nAcc2, nODE1, nVel1, nAlgebraic, nData] = [18,18,18,0,0,0,0]
#total columns exported  (excl. time) = 54
#number of time steps (planned) = 200
#Exudyn version = 1.10.0; Python3.11.11; Windows AVX2 FLOAT64
#
#solution information = DogEnv
3.02,0.213129365,-1.453156014,-0.4567077664,3.146154429,0.001413859422,-1.442081851,0.04035990941,-0.04520188968,-0.1595854515,0.08073309136,0.1068817119,-0.3104529552,-0.2993189591,0.1077692941,-0.1663672088,0.1671021862,0.1645696101,-0.1755702772,0.3827237555,0.08243373033,0.03366775456,-0.1200272903,0.2765608771,0.1755344533,-0.2302241749,-0.4742905068,0.01129915529,-0.8286871282,2.894926087,-0.2075692748,-0.07672882685,0.9409860056,2.238962376,1.795667417,1.793164628,1.727345621,-3.613316026,3.418865648,2.431143215,-3.712530494,5.548319847,7.696560539,-6.793300973,8.594872415,23.23946924,14.05684295,-49.54630711,9.13478042,14.54045499,-69.53954287,-25.7538395,-15.21872286,-11.28711481,-31.41000425
3.03,0.2167832216,-1.452170419,-0.4562855311,3.144783344,0.004473541959,-1.439965272,0.03789870269,-0.04951196203,-0.1583779155,0.07286770704,0.133776467,-0.3121068558,-0.2994080305,0.1151572595,-0.1312783295,0.1843206518,0.1819309314,-0.145518144,0.3486090186,0.1151181419,0.05107595542,-0.1528431821,0.3308400273,0.2464210542,-0.2628641186,-0.3894423971,0.2240341304,-0.7273696634,2.390119262,-0.1242108233,0.05537644811,0.4551955894,3.287812373,1.649431097,1.681260243,2.773979201,-3.141232237,3.33709099,1.610292709,-2.898905007,3.678321974,6.473265219,-1.873333326,7.233576277,18.83559431,13.28216756,-59.4994744,8.135037446,11.97682062,-58.98527215,-40.85599452,-13.91645156,-10.27706749,-44.11860381
3.04,0.2201224763,-1.450851842,-0.455706187,3.143146845,0.007907166381,-1.437202049,0.03525260578,-0.05309022578,-0.1552991785,0.0660840708,0.1551292888,-0.312977728,-0.2983139035,0.1181203659,-0.1003176662,0.2001496259,0.1982438466,-0.1191274591,0.3196553308,0.1486472339,0.06400145727,-0.1694176021,0.3500139008,0.3040568504,-0.2605336726,-0.3273509444,0.3821295402,-0.6473140385,1.897414165,-0.05492586397,0.1574666365,0.2686781503,2.905086692,1.517157604,1.579826681,2.530587613,-2.716333721,3.191624985,1.030642136,-0.1344708097,0.1337623779,4.840363567,1.899600921,6.046718226,12.39710649,4.464026445,-44.85985027,5.215945702,8.080941837,4.627339141,-36.93450216,-12.70629706,-10.43695931,-22.97185992
#Exudyn explicit time integration (ExplicitEuler) solver solution file
#simulation started=2026-01-27,10:20:09
#columns contain: time, ODE2 displacements, ODE2 velocities, ODE2 accelerations
#number of system coordinates [nODE2, nODE1, nAlgebraic, nData] = [18,0,0,0]
#number of written coordinates [nODE2, nVel2, nAcc2, nODE1, nVel1, nAlgebraic, nData] = [18,18,18,0,0,0,0]
#total columns exported  (excl. time) = 54
#number of time steps (planned) = 200
#Exudyn version = 1.10.0; Python3.11.11; Windows AVX2 FLOAT64
#
#solution information = DogEnv
3.04,0.2201224763,-1.450851842,-0.455706187,3.143146845,0.007907166381,-1.437202049,0.03525260578,-0.05309022578,-0.1552991785,0.0660840708,0.1551292888,-0.312977728,-0.2983139035,0.1181203659,-0.1003176662,0.2001496259,0.1982438466,-0.1191274591,0.3196553308,0.1486472339,0.06400145727,-0.1694176021,0.3500139008,0.3040568504,-0.2605336726,-0.3273509444,0.3821295402,-0.6473140385,1.897414165,-0.05492586397,0.1574666365,0.2686781503,2.905086692,1.517157604,1.579826681,2.530587613,-2.716333721,3.191624985,1.030642136,-0.1344708097,0.1337623779,4.840363567,1.899600921,6.046718226,12.39710649,4.464026445,-44.85985027,5.215945702,8.080941837,4.627339141,-36.93450216,-12.70629706,-10.43695931,-22.97185992
3.05,0.223191285,-1.449209902,-0.4550203071,3.141406457,0.01143344517,-1.433954686,0.03287485373,-0.05603840813,-0.1508787957,0.059861345,0.1713522065,-0.3132372218,-0.296359804,0.119517753,-0.06626946924,0.2147093211,0.2135440233,-0.08863631312,0.2944817327,0.1800580016,0.07274406671,-0.173445512,0.3468015512,0.3425540146,-0.2162162948,-0.265511724,0.4911440009,-0.602435093,1.406889322,-0.001259257139,0.2271784053,0.1523118441,3.207525925,1.395344618,1.479102036,2.926679396,-2.36274725,3.013086395,0.7020701544,0.9774415992,-2.411639719,2.855104417,4.918474935,5.729095282,7.641766028,3.153182576,-39.72516827,3.889657686,4.969318725,7.14068011,-40.43019363,-11.76067812,-10.27023001,-27.90626702
3.06,0.2260231155,-1.447266641,-0.4542651261,3.139744432,0.01473891256,-1.430420725,0.03099594656,-0.0584093363,-0.1456699081,0.05397062307,0.1835613679,-0.3130871967,-0.2938921808,0.1214135498,-0.03611864057,0.2280906498,0.2278207666,-0.06071514908,0.2720368685,0.208265026,0.07764106211,-0.156937227,0.3102684004,0.3612102239,-0.1557809279,-0.2082325936,0.5439471882,-0.5771326296,1.042583438,0.02919573872,0.2621871244,0.2281575562,2.826494405,1.280810468,1.374839595,2.658632526,-2.135991026,2.645503674,0.2850374075,2.121651285,-4.628382711,0.9267226353,6.837425154,5.660312358,3.281388534,2.125090062,-33.0485548,2.43528975,2.245541531,7.56970941,-35.85460562,-11.13857629,-10.50042414,-25.6691478
#Exudyn explicit time integration (ExplicitEuler) solver solution file
#simulation started=2026-01-27,10:20:09
#columns contain: time, ODE2 displacements, ODE2 velocities, ODE2 accelerations
#number of system coordinates [nODE2, nODE1, nAlgebraic, nData] = [18,0,0,0]
#number of written coordinates [nODE2, nVel2, nAcc2, nODE1, nVel1, nAlgebraic, nData] = [18,18,18,0,0,0,0]
#total columns exported  (excl. time) = 54
#number of time steps (planned) = 200
#Exudyn version = 1.10.0; Python3.11.11; Windows AVX2 FLOAT64
#
#solution information = DogEnv
3.06,0.2260231155,-1.447266641,-0.4542651261,3.139744432,0.01473891256,-1.430420725,0.03099594656,-0.0584093363,-0.1456699081,0.05397062307,0.1835613679,-0.3130871967,-0.2938921808,0.1214135498,-0.03611864057,0.2280906498,0.2278207666,-0.06071514908,0.2720368685,0.208265026,0.07764106211,-0.156937227,0.3102684004,0.3612102239,-0.1557809279,-0.2082325936,0.5439471882,-0.5771326296,1.042583438,0.02919573872,0.2621871244,0.2281575562,2.826494405,1.280810468,1.374839595,2.658632526,-2.135991026,2.645503674,0.2850374075,2.121651285,-4.628382711,0.9267226353,6.837425154,5.660312358,3.281388534,2.125090062,-33.0485548,2.43528975,2.245541531,7.56970941,-35.85460562,-11.13857629,-10.50042414,-25.6691478
3.07,0.2286419515,-1.445056669,-0.4534772447,3.138268014,0.01760660303,-1.42679303,0.02982712507,-0.06021239439,-0.1400942412,0.04831394298,0.1921369969,-0.3126651446,-0.2911929388,0.1235779367,-0.007726796292,0.2403618979,0.2410565892,-0.03360526719,0.2519094669,0.2337361243,0.07937429551,-0.136468875,0.2599416609,0.361381075,-0.08159084428,-0.1530795677,0.5658381094,-0.5551589179,0.7106871598,0.05382489704,0.2740273706,0.2488562546,2.668680025,1.173649924,1.271499535,2.586711294,-1.912797766,2.429090636,0.01087107419,2.4631088,-5.680062381,-0.8289506002,6.959186212,5.39989856,0.6479790632,2.005508017,-26.48936648,1.936717007,0.1775038729,7.228649044,-33.64749687,-10.35098254,-10.32154363,-25.22699574
3.08,0.2310692144,-1.44260352,-0.45268762,3.137031275,0.01991331839,-1.423245837,0.02935223834,-0.06147984833,-0.1344425957,0.04286257002,0.1980077731,-0.3120396321,-0.288468816,0.1264080937,0.01735699936,0.2515983442,0.2532625203,-0.008947368654,0.2336345593,0.2567047295,0.07810727588,-0.1102062236,0.1999406428,0.3454446241,-0.01352936045,-0.1005242181,0.561026593,-0.5346255203,0.4684429607,0.07091078632,0.268486384,0.3160976984,2.351072052,1.073910694,1.168981284,2.346376093,-1.748141156,2.177145571,-0.2477204692,2.718683351,-6.20323971,-2.302597975,6.483774924,5.036222649,-1.418061234,2.170497013,-22.06074906,1.596164365,-1.17983009,6.18922747,-29.95487651,-9.59064354,-10.13590147,-22.88303305
#Exudyn explicit time integration (ExplicitEuler) solver solution file
#simulation started=2026-01-27,10:20:09
#columns contain: time, ODE2 displacements, ODE2 velocities, ODE2 accelerations
#number of system coordinates [nODE2, nODE1, nAlgebraic, nData] = [18,0,0,0]
#number of written coordinates [nODE2, nVel2, nAcc2, nODE1, nVel1, nAlgebraic, nData] = [18,18,18,0,0,0,0]
#total columns exported  (excl. time) = 54
#number of time steps (planned) = 200
#Exudyn version = 1.10.0; Python3.11.11; Windows AVX2 FLOAT64
#
#solution information = DogEnv
3.08,0.2310692144,-1.44260352,-0.45268762,3.137031275,0.01991331839,-1.423245837,0.02935223834,-0.06147984833,-0.1344425957,0.04286257002,0.1980077731,-0.3120396321,-0.288468816,0.1264080937,0.01735699936,0.2515983442,0.2532625203,-0.008947368654,0.2336345593,0.2567047295,0.07810727588,-0.1102062236,0.1999406428,0.3454446241,-0.01352936045,-0.1005242181,0.561026593,-0.5346255203,0.4684429607,0.07091078632,0.268486384,0.3160976984,2.351072052,1.073910694,1.168981284,2.346376093,-1.748141156,2.177145571,-0.2477204692,2.718683351,-6.20323971,-2.302597975,6.483774924,5.036222649,-1.418061234,2.170497013,-22.06074906,1.596164365,-1.17983009,6.18922747,-29.95487651,-9.59064354,-10.13590147,-22.88303305
3.09,0.2333212878,-1.43994152,-0.4519362648,3.136107873,0.02161898654,-1.419928157,0.02937107399,-0.06206695261,-0.1288613177,0.03763919165,0.2024584889,-0.3107809216,-0.2851431376,0.130565575,0.03688967528,0.2582225417,0.2609228332,0.01079570649,0.2167423511,0.2744174559,0.07240893763,-0.07768706022,0.1434227792,0.3169764329,0.01219747155,-0.01599471646,0.547551262,-0.5077424962,0.3929948649,0.1251427504,0.3296348369,0.4431540749,1.834591277,0.6217551875,0.7209045221,1.867804235,-1.640264282,1.496826032,-0.4481351425,2.245822696,-4.677596775,-3.021998813,0.7193057599,8.315677566,-2.298240154,3.397322065,-7.334504208,-1.785270356,-2.491662648,3.379357805,-20.12969457,-6.256500065,-6.605948288,-18.29663101
3.1,0.2354093095,-1.437129461,-0.4512299601,3.13542501,0.02284446341,-1.416908804,0.02949811742,-0.06181655477,-0.1234737313,0.0327413232,0.2061437106,-0.3096330532,-0.2819958032,0.1351498422,0.05429237957,0.2641415664,0.2678122322,0.02859881921,0.2008867441,0.2874942564,0.06920977189,-0.05999214297,0.1031817718,0.2866016621,0.01100017066,0.06498834053,0.5319976897,-0.4706863495,0.3524212169,0.1031719044,0.2970175957,0.4727169347,1.648781075,0.5622833509,0.6569471471,1.694027316,-1.530946797,1.119648784,-0.213849106,1.447013235,-3.507251035,-3.022481504,-0.6608114693,7.43281758,-0.9838232354,3.885683549,-1.885095548,-2.486284133,-3.9680898,2.593477969,-17.28328124,-5.736046212,-6.237781854,-16.52324895
#Exudyn explicit time integration (ExplicitEuler) solver solution file
#simulation started=2026-01-27,10:20:09
#columns contain: time, ODE2 displacements, ODE2 velocities, ODE2 accelerations
#number of system coordinates [nODE2, nODE1, nAlgebraic, nData] = [18,0,0,0]
#number of written coordinates [nODE2, nVel2, nAcc2, nODE1, nVel1, nAlgebraic, nData] = [18,18,18,0,0,0,0]
#total columns exported  (excl. time) = 54
#number of time steps (planned) = 200
#Exudyn version = 1.10.0; Python3.11.11; Windows AVX2 FLOAT64
#
#solution information = DogEnv
3.1,0.2354093095,-1.437129461,-0.4512299601,3.13542501,0.02284446341,-1.416908804,0.02949811742,-0.06181655477,-0.1234737313,0.0327413232,0.2061437106,-0.3096330532,-0.2819958032,0.1351498422,0.05429237957,0.2641415664,0.2678122322,0.02859881921,0.2008867441,0.2874942564,0.06920977189,-0.05999214297,0.1031817718,0.2866016621,0.01100017066,0.06498834053,0.5319976897,-0.4706863495,0.3524212169,0.1031719044,0.2970175957,0.4727169347,1.648781075,0.5622833509,0.6569471471,1.694027316,-1.530946797,1.119648784,-0.213849106,1.447013235,-3.507251035,-3.022481504,-0.6608114693,7.43281758,-0.9838232354,3.885683549,-1.885095548,-2.486284133,-3.9680898,2.593477969,-17.28328124,-5.736046212,-6.237781854,-16.52324895
3.11,0.2373472755,-1.434221487,-0.4506070775,3.135083216,0.023636104,-1.414200564,0.02928318011,-0.06006069015,-0.1171472473,0.0281668868,0.2122467532,-0.3079266592,-0.2781407628,0.143141291,0.05835286875,0.2565809708,0.2613886535,0.0334210478,0.1868282922,0.2905861368,0.05676311514,-0.01620607344,0.05793152553,0.2559889894,-0.0200442302,0.2329124975,0.6290169474,-0.4450556875,0.6010165065,0.1379552358,0.3826165565,0.8187363144,0.3268421821,-0.7476455785,-0.6291764088,0.4160750127,-1.328387889,-0.1677288639,-0.8488380232,2.077971396,-2.974193285,-2.763283075,-0.2068508255,2.830524671,-8.5575518,3.26071599,-7.408828274,-3.615861248,1.051154877,-3.77198776,-4.767252455,7.653569458,7.869719528,-3.471023669
3.12,0.2391491716,-1.431328332,-0.4500723289,3.134990578,0.02411689137,-1.411773151,0.02906967532,-0.05768088986,-0.111271363,0.02391057009,0.2179849716,-0.3066703332,-0.2742662949,0.1511338533,0.06142730154,0.2494656566,0.2554635852,0.037414512,0.1733325143,0.2875663656,0.05089918338,-0.004370670626,0.04116406441,0.2295678934,-0.02274733374,0.2393867142,0.5490165587,-0.403811891,0.5522604951,0.1145200838,0.3890227637,0.7790295795,0.2904980065,-0.6764217679,-0.5576667295,0.3827884291,-1.373937607,-0.4332216854,-0.3825698301,0.6940307544,-1.016085896,-2.553191495,-0.3010988554,0.0410855623,-6.666847814,4.519031291,-3.508283674,-2.269748741,-0.6655177893,-4.012189937,-2.965271519,6.640273303,6.36274089,-3.171881231
#Exudyn explicit time integration (ExplicitEuler) solver solution file
#simulation started=2026-01-27,10:20:09
#columns contain: time, ODE2 displacements, ODE2 velocities, ODE2 accelerations
#number of system coordinates [nODE2, nODE1, nAlgebraic, nData] = [18,0,0,0]
#number of written coordinates [nODE2, nVel2, nAcc2, nODE1, nVel1, nAlgebraic, nData] = [18,18,18,0,0,0,0]
#total columns exported  (excl. time) = 54
#number of time steps (planned) = 200
#Exudyn version = 1.10.0; Python3.11.11; Windows AVX2 FLOAT64
#
#solution information = DogEnv
3.12,0.2391491716,-1.431328332,-0.4500723289,3.134990578,0.02411689137,-1.411773151,0.02906967532,-0.05768088986,-0.111271363,0.02391057009,0.2179849716,-0.3066703332,-0.2742662949,0.1511338533,0.06142730154,0.2494656566,0.2554635852,0.037414512,0.1733325143,0.2875663656,0.05089918338,-0.004370670626,0.04116406441,0.2295678934,-0.02274733374,0.2393867142,0.5490165587,-0.403811891,0.5522604951,0.1145200838,0.3890227637,0.7790295795,0.2904980065,-0.6764217679,-0.5576667295,0.3827884291,-1.373937607,-0.4332216854,-0.3825698301,0.6940307544,-1.016085896,-2.553191495,-0.3010988554,0.0410855623,-6.666847814,4.519031291,-3.508283674,-2.269748741,-0.6655177893,-4.012189937,-2.965271519,6.640273303,6.36274089,-3.171881231
3.13,0.2408095003,-1.428486879,-0.4496751839,3.135253853,0.02439953531,-1.409609489,0.02841914379,-0.05512955534,-0.1058604016,0.02009907951,0.2272925068,-0.3050326781,-0.2690796306,0.1636532819,0.04468806284,0.2336175666,0.2412216791,0.02197321203,0.1578646785,0.2753930376,0.03241714319,0.04380488327,0.03168624449,0.20476302,-0.03920558008,0.2769844111,0.450571942,-0.3544991964,0.9576875149,0.1281009547,0.6288409216,1.252430253,-1.666060793,-1.531421561,-1.325647103,-1.538543213,-1.668228688,-1.996253167,-0.9628928122,1.697672898,1.7815683,-2.034760949,3.511000089,2.014124543,-23.22585451,5.908184921,-11.86096029,-6.679164112,21.50946907,-13.73856179,15.19950537,14.44417669,20.38906186,15.68436636
3.14,0.2423024615,-1.425836241,-0.4493845779,3.135739776,0.0247811838,-1.407653601,0.02815372935,-0.05235704918,-0.1019857124,0.01682497497,0.2363118484,-0.3039835739,-0.2623640183,0.1755286549,0.02879804139,0.2190224306,0.2285846222,0.007347679024,0.1404025469,0.2542794567,0.02679051933,0.05083927312,0.03983072455,0.1866920472,-0.01893865867,0.2677725848,0.364847343,-0.3035507126,0.8487482337,0.09343591417,0.6597968464,1.125151064,-1.510574711,-1.385182205,-1.209073231,-1.386694462,-1.768667682,-2.158170929,-0.2794403647,0.07438252174,-0.4848452402,-1.738701684,0.7057823218,-3.200927184,-1.903558902,4.15299538,-9.885697811,-0.1900401173,-6.849325717,-11.68962216,15.33382278,14.61605135,11.33364486,14.65467733
#Exudyn explicit time integration (ExplicitEuler) solver solution file
#simulation started=2026-01-27,10:20:09
#columns contain: time, ODE2 displacements, ODE2 velocities, ODE2 accelerations
#number of system coordinates [nODE2, nODE1, nAlgebraic, nData] = [18,0,0,0]
#number of written coordinates [nODE2, nVel2, nAcc2, nODE1, nVel1, nAlgebraic, nData] = [18,18,18,0,0,0,0]
#total columns exported  (excl. time) = 54
#number of time steps (planned) = 200
#Exudyn version = 1.10.0; Python3.11.11; Windows AVX2 FLOAT64
#
#solution information = DogEnv
3.14,0.2423024615,-1.425836241,-0.4493845779,3.135739776,0.0247811838,-1.407653601,0.02815372935,-0.05235704918,-0.1019857124,0.01682497497,0.2363118484,-0.3039835739,-0.2623640183,0.1755286549,0.02879804139,0.2190224306,0.2285846222,0.007347679024,0.1404025469,0.2542794567,0.02679051933,0.05083927312,0.03983072455,0.1866920472,-0.01893865867,0.2677725848,0.364847343,-0.3035507126,0.8487482337,0.09343591417,0.6597968464,1.125151064,-1.510574711,-1.385182205,-1.209073231,-1.386694462,-1.768667682,-2.158170929,-0.2794403647,0.07438252174,-0.4848452402,-1.738701684,0.7057823218,-3.200927184,-1.903558902,4.15299538,-9.885697811,-0.1900401173,-6.849325717,-11.68962216,15.33382278,14.61605135,11.33364486,14.65467733
3.15,0.2436110693,-1.423432586,-0.4491866832,3.136448718,0.0251378703,-1.405870795,0.02782081065,-0.04978535997,-0.09855433268,0.01403340012,0.2455235627,-0.302920446,-0.2551774388,0.1878488728,0.004087095843,0.2020898103,0.2136043348,-0.01600305219,0.1207386151,0.224193256,0.01556172573,0.0794854416,0.0348269745,0.1710178575,-0.01843258008,0.2497411799,0.3269578179,-0.2587311698,0.8880657949,0.09355725918,0.7029628691,1.177503785,-2.37785816,-1.616377101,-1.442952013,-2.248715704,-2.01220812,-3.26689637,-0.4497665281,0.2396824901,-0.4459993317,-1.299591549,1.927952182,-3.415676964,-1.848906581,3.658528228,-12.1023063,0.1595627734,-7.687369994,-15.20072329,23.08998807,17.30802222,12.8471751,22.50257784
3.16,0.2447188563,-1.421351607,-0.4490445548,3.137231299,0.02544722118,-1.404225235,0.02769476411,-0.04750722259,-0.09534699203,0.01161742974,0.2537984333,-0.3018974474,-0.2485952511,0.1989021252,-0.01856259117,0.1867641988,0.199807399,-0.0374072377,0.1006223451,0.1917951345,0.01344357891,0.07555440403,0.0258143353,0.157783743,-0.009145164798,0.202978458,0.3161251661,-0.2246751759,0.7663453789,0.1153176771,0.608701985,1.034368848,-2.15244298,-1.449473131,-1.316253469,-2.033377138,-2.009021609,-3.198940473,-0.07341283747,-0.6984607152,-1.155360513,-1.3933889,0.3484019076,-5.083502095,-0.7169711657,3.29824743,-11.86054367,2.899446014,-10.19189936,-13.59074248,21.64302742,15.93229471,12.252468,20.4935434
#Exudyn explicit time integration (ExplicitEuler) solver solution file
#simulation started=2026-01-27,10:20:09
#columns contain: time, ODE2 displacements, ODE2 velocities, ODE2 accelerations
#number of system coordinates [nODE2, nODE1, nAlgebraic, nData] = [18,0,0,0]
#number of written coordinates [nODE2, nVel2, nAcc2, nODE1, nVel1, nAlgebraic, nData] = [18,18,18,0,0,0,0]
#total columns exported  (excl. time) = 54
#number of time steps (planned) = 200
#Exudyn version = 1.10.0; Python3.11.11; Windows AVX2 FLOAT64
#
#solution information = DogEnv
3.16,0.2447188563,-1.421351607,-0.4490445548,3.137231299,0.02544722118,-1.404225235,0.02769476411,-0.04750722259,-0.09534699203,0.01161742974,0.2537984333,-0.3018974474,-0.2485952511,0.1989021252,-0.01856259117,0.1867641988,0.199807399,-0.0374072377,0.1006223451,0.1917951345,0.01344357891,0.07555440403,0.0258143353,0.157783743,-0.009145164798,0.202978458,0.3161251661,-0.2246751759,0.7663453789,0.1153176771,0.608701985,1.034368848,-2.15244298,-1.449473131,-1.316253469,-2.033377138,-2.009021609,-3.198940473,-0.07341283747,-0.6984607152,-1.155360513,-1.3933889,0.3484019076,-5.083502095,-0.7169711657,3.29824743,-11.86054367,2.899446014,-10.19189936,-13.59074248,21.64302742,15.93229471,12.252468,20.4935434
3.17,0.2456206878,-1.419621577,-0.4489285509,3.138026902,0.02568590523,-1.402715365,0.02761381563,-0.04564904157,-0.09223191733,0.009578898321,0.2594627325,-0.3005523037,-0.2425544016,0.2071577745,-0.03732427417,0.1710822316,0.1854430218,-0.05505219991,0.07969828101,0.1548572465,0.009943962724,0.07863126,0.01945343123,0.1442490141,-0.006287069184,0.1646449343,0.3060514608,-0.1860229097,0.4898876589,0.1450551575,0.56104012,0.7393554048,-1.772506092,-1.487614112,-1.378582675,-1.666221233,-2.065555452,-3.504810759,-0.2539640849,-0.6502155979,-1.143476234,-1.335052608,0.3213873113,-5.484753536,-0.8990457988,3.138890704,-10.51378517,3.386381715,-9.935726919,-12.04233925,17.00014709,16.77291862,12.56033767,16.0097347
3.18,0.2463155295,-1.418243273,-0.4488396867,3.138774814,0.02582024372,-1.401342017,0.02755622943,-0.04426932562,-0.0892100391,0.007872753197,0.2638568101,-0.2989347272,-0.2374395875,0.2139795512,-0.05423623181,0.1569869662,0.1722626049,-0.07095039075,0.05908277306,0.1208143646,0.007979467653,0.07062804341,0.007230209083,0.1299382798,-0.005970574791,0.1190162622,0.2986398308,-0.1548223176,0.3894584834,0.1711588545,0.4612197292,0.625838639,-1.611076031,-1.337718772,-1.258165502,-1.514672938,-2.048383491,-3.289531921,-0.1451226936,-0.8166333115,-1.231627847,-1.518579498,-0.1576741839,-1.62015131,-0.6668808131,3.115559198,-9.56915939,-0.119716478,-9.807082954,-10.78592959,15.3126503,13.42076856,11.45264174,14.33421286
#Exudyn explicit time integration (ExplicitEuler) solver solution file
#simulation started=2026-01-27,10:20:09
#columns contain: time, ODE2 displacements, ODE2 velocities, ODE2 accelerations
#number of system coordinates [nODE2, nODE1, nAlgebraic, nData] = [18,0,0,0]
#number of written coordinates [nODE2, nVel2, nAcc2, nODE1, nVel1, nAlgebraic, nData] = [18,18,18,0,0,0,0]
#total columns exported  (excl. time) = 54
#number of time steps (planned) = 200
#Exudyn version = 1.10.0; Python3.11.11; Windows AVX2 FLOAT64
#
#solution information = DogEnv
3.18,0.2463155295,-1.418243273,-0.4488396867,3.138774814,0.02582024372,-1.401342017,0.02755622943,-0.04426932562,-0.0892100391,0.007872753197,0.2638568101,-0.2989347272,-0.2374395875,0.2139795512,-0.05423623181,0.1569869662,0.1722626049,-0.07095039075,0.05908277306,0.1208143646,0.007979467653,0.07062804341,0.007230209083,0.1299382798,-0.005970574791,0.1190162622,0.2986398308,-0.1548223176,0.3894584834,0.1711588545,0.4612197292,0.625838639,-1.611076031,-1.337718772,-1.258165502,-1.514672938,-2.048383491,-3.289531921,-0.1451226936,-0.8166333115,-1.231627847,-1.518579498,-0.1576741839,-1.62015131,-0.6668808131,3.115559198,-9.56915939,-0.119716478,-9.807082954,-10.78592959,15.3126503,13.42076856,11.45264174,14.33421286
3.19,0.2468026222,-1.417216462,-0.4487732746,3.139474428,0.02587157268,-1.400117661,0.02750661089,-0.04312663199,-0.08624386199,0.006512557752,0.2652488406,-0.2970399127,-0.2329076016,0.2176617146,-0.06435048085,0.1426081597,0.1586586122,-0.08016714394,0.03848491749,0.08600330208,0.005025115649,0.06672577166,0.0001104874801,0.1148926431,-0.007648815309,0.1104988471,0.292802814,-0.1195111244,0.07090292406,0.1884941678,0.4112638157,0.2923900655,-0.944439749,-1.370650088,-1.305339128,-0.859015838,-1.992450904,-3.151166087,-0.2842356363,-0.7442384582,-1.208827437,-1.478221461,-0.264714652,-1.058271052,-0.7987452125,2.864806571,-6.802192695,-0.5414456605,-9.160717979,-7.841285458,8.019965918,13.84381985,11.88436587,7.301057909
3.2,0.2470901797,-1.416506984,-0.4487348763,3.140105386,0.02581258527,-1.399042167,0.02741558072,-0.04205977865,-0.08335222869,0.005456100702,0.2656413028,-0.2951993427,-0.2292400303,0.2202205046,-0.07341340313,0.1295592746,0.1461755993,-0.08841084119,0.01897532287,0.05613964276,0.00281914641,0.05947895593,-0.0119327042,0.1000418892,-0.01071155183,0.104334298,0.2857498315,-0.09175196961,0.008635181182,0.1777571852,0.3224348189,0.2204567863,-0.868695475,-1.240431733,-1.191942466,-0.7902382769,-1.906272304,-2.823468649,-0.1706886732,-0.6956458668,-1.163000271,-1.486958916,-0.3337457034,-0.1725242869,-0.6216959522,2.703117375,-5.748753374,-1.569601977,-8.535245589,-6.68418976,7.205401345,12.27333398,10.80415386,6.543388723
#Exudyn explicit time integration (ExplicitEuler) solver solution file
#simulation started=2026-01-27,10:20:09
#columns contain: time, ODE2 displacements, ODE2 velocities, ODE2 accelerations
#number of system coordinates [nODE2, nODE1, nAlgebraic, nData] = [18,0,0,0]
#number of written coordinates [nODE2, nVel2, nAcc2, nODE1, nVel1, nAlgebraic, nData] = [18,18,18,0,0,0,0]
#total columns exported  (excl. time) = 54
#number of time steps (planned) = 200
#Exudyn version = 1.10.0; Python3.11.11; Windows AVX2 FLOAT64
#
#solution information = DogEnv
3.2,0.2470901797,-1.416506984,-0.4487348763,3.140105386,0.02581258527,-1.399042167,0.02741558072,-0.04205977865,-0.08335222869,0.005456100702,0.2656413028,-0.2951993427,-0.2292400303,0.2202205046,-0.07341340313,0.1295592746,0.1461755993,-0.08841084119,0.01897532287,0.05613964276,0.00281914641,0.05947895593,-0.0119327042,0.1000418892,-0.01071155183,0.104334298,0.2857498315,-0.09175196961,0.008635181182,0.1777571852,0.3224348189,0.2204567863,-0.868695475,-1.240431733,-1.191942466,-0.7902382769,-1.906272304,-2.823468649,-0.1706886732,-0.6956458668,-1.163000271,-1.486958916,-0.3337457034,-0.1725242869,-0.6216959522,2.703117375,-5.748753374,-1.569601977,-8.535245589,-6.68418976,7.205401345,12.27333398,10.80415386,6.543388723
3.21,0.2471862844,-1.416089032,-0.4487098327,3.140652495,0.02566011223,-1.398116903,0.02732621543,-0.04100174375,-0.08050309462,0.004684168567,0.2633295994,-0.2933914206,-0.2262868497,0.2200276742,-0.07420650999,0.1171440901,0.1341919665,-0.08842444714,0.0005089691643,0.02924823678,0.001681888724,0.04987166816,-0.02049376367,0.08476123986,-0.01438103385,0.107119682,0.2826073075,-0.06344483796,-0.2760290898,0.1761887966,0.2570435499,-0.06992444817,-0.05551290771,-1.181757103,-1.14605828,0.01895071615,-1.761765782,-2.331988313,-0.1667289715,-0.7454773839,-1.107054957,-1.531004439,-0.6001882232,0.3595934119,-0.5867563054,2.487642749,-2.047338122,-1.639943101,-7.626496703,-3.000185043,-0.9766800554,11.74552884,10.55502606,-1.473982547
3.22,0.2471059515,-1.415906897,-0.4486999736,3.141119871,0.02540253519,-1.397344251,0.0271584106,-0.03989973268,-0.07770584031,0.004169214083,0.2604828037,-0.2917299906,-0.2240794415,0.2191957476,-0.07481021724,0.105885555,0.1232353493,-0.08830800516,-0.01656011731,0.007461724712,0.0003971566264,0.0439123471,-0.03089739639,0.06973162904,-0.01888023002,0.1143976298,0.2769017553,-0.03968482351,-0.2924364851,0.1545628098,0.1851265388,-0.09555792087,-0.06509430134,-1.070907935,-1.046001835,0.004492808532,-1.650333233,-2.030932701,-0.09490707182,-0.5096084073,-0.9741209588,-1.464952487,-0.3691716506,0.9941284898,-0.5278300041,2.258242217,-1.35491496,-2.466778987,-6.779903467,-2.240925069,-0.8721452364,10.49615495,9.508273357,-1.334996796
#Exudyn explicit time integration (ExplicitEuler) solver solution file
#simulation started=2026-01-27,10:20:09
#columns contain: time, ODE2 displacements, ODE2 velocities, ODE2 accelerations
#number of system coordinates [nODE2, nODE1, nAlgebraic, nData] = [18,0,0,0]
#number of written coordinates [nODE2, nVel2, nAcc2, nODE1, nVel1, nAlgebraic, nData] = [18,18,18,0,0,0,0]
#total columns exported  (excl. time) = 54
#number of time steps (planned) = 200
#Exudyn version = 1.10.0; Python3.11.11; Windows AVX2 FLOAT64
#
#solution information = DogEnv
3.22,0.2471059515,-1.415906897,-0.4486999736,3.141119871,0.02540253519,-1.397344251,0.0271584106,-0.03989973268,-0.07770584031,0.004169214083,0.2604828037,-0.2917299906,-0.2240794415,0.2191957476,-0.07481021724,0.105885555,0.1232353493,-0.08830800516,-0.01656011731,0.007461724712,0.0003971566264,0.0439123471,-0.03089739639,0.06973162904,-0.01888023002,0.1143976298,0.2769017553,-0.03968482351,-0.2924364851,0.1545628098,0.1851265388,-0.09555792087,-0.06509430134,-1.070907935,-1.046001835,0.004492808532,-1.650333233,-2.030932701,-0.09490707182,-0.5096084073,-0.9741209588,-1.464952487,-0.3691716506,0.9941284898,-0.5278300041,2.258242217,-1.35491496,-2.466778987,-6.779903467,-2.240925069,-0.8721452364,10.49615495,9.508273357,-1.334996796
3.23,0.2468660878,-1.415900683,-0.448683354,3.141407672,0.02496825044,-1.39671479,0.02696757359,-0.03869619325,-0.07496012067,0.003837084628,0.2570697277,-0.2916825768,-0.2243926418,0.2176579772,-0.07034177271,0.1029036298,0.1202446355,-0.08315492035,-0.03106073422,-0.004284497291,0.002581604486,0.01956395988,-0.05018579847,0.0552716584,-0.02541582044,0.1214505727,0.274812501,-0.02199201296,-0.3343927587,-0.008388530019,-0.07209788967,-0.1596358845,0.4344070991,-0.2590397672,-0.2594793273,0.498338582,-1.356501868,-0.8819022877,0.1035994333,-0.8908231061,-0.8828340778,-1.583446806,-0.8721257272,1.507031346,0.01479018753,2.328673076,2.274695088,0.4013216244,-3.309328075,0.3725166909,-4.89302868,2.604158691,1.933068378,-5.521243868
3.24,0.2464904658,-1.415984992,-0.4486545881,3.14157655,0.02442681373,-1.396238815,0.02668453781,-0.03739807522,-0.07222103296,0.003726607677,0.2538227831,-0.2917704265,-0.2252600257,0.2160847993,-0.06623746572,0.1004322565,0.1177354596,-0.07843947497,-0.04397938124,-0.01244787179,0.003016358625,0.01522403547,-0.05790306171,0.04000461571,-0.03025421519,0.1385788346,0.2723733435,-0.0004911956128,-0.3158517849,-0.01050111039,-0.100285495,-0.1546385285,0.3864825305,-0.2356861583,-0.2428467224,0.4449702809,-1.228574117,-0.754796254,0.00463248903,-0.2050568571,-0.704217727,-1.449241053,-0.2510751044,1.715336091,-0.3755873188,1.970318013,1.615772067,-0.462652116,-2.458391529,0.5752051538,-4.612311472,2.16455523,1.510001584,-5.090191464
#Exudyn explicit time integration (ExplicitEuler) solver solution file
#simulation started=2026-01-27,10:20:09
#columns contain: time, ODE2 displacements, ODE2 velocities, ODE2 accelerations
#number of system coordinates [nODE2, nODE1, nAlgebraic, nData] = [18,0,0,0]
#number of written coordinates [nODE2, nVel2, nAcc2, nODE1, nVel1, nAlgebraic, nData] = [18,18,18,0,0,0,0]
#total columns exported  (excl. time) = 54
#number of time steps (planned) = 200
#Exudyn version = 1.10.0; Python3.11.11; Windows AVX2 FLOAT64
#
#solution information = DogEnv
3.24,0.2464904658,-1.415984992,-0.4486545881,3.14157655,0.02442681373,-1.396238815,0.02668453781,-0.03739807522,-0.07222103296,0.003726607677,0.2538227831,-0.2917704265,-0.2252600257,0.2160847993,-0.06623746572,0.1004322565,0.1177354596,-0.07843947497,-0.04397938124,-0.01244787179,0.003016358625,0.01522403547,-0.05790306171,0.04000461571,-0.03025421519,0.1385788346,0.2723733435,-0.0004911956128,-0.3158517849,-0.01050111039,-0.100285495,-0.1546385285,0.3864825305,-0.2356861583,-0.2428467224,0.4449702809,-1.228574117,-0.754796254,0.00463248903,-0.2050568571,-0.704217727,-1.449241053,-0.2510751044,1.715336091,-0.3755873188,1.970318013,1.615772067,-0.462652116,-2.458391529,0.5752051538,-4.612311472,2.16455523,1.510001584,-5.090191464
3.25,0.2460064899,-1.416069393,-0.4485998809,3.141442973,0.02365051892,-1.395901036,0.02637699668,-0.03594746126,-0.06948307578,0.003751932116,0.2525355744,-0.2949331081,-0.2302755869,0.2158778887,-0.06093861765,0.1143135954,0.1311731796,-0.07276932662,-0.05234235193,-0.002251364105,0.008447911584,-0.02850296776,-0.0815070486,0.02581467992,-0.03488328541,0.1456176648,0.2796638331,0.01606901677,-0.0632465442,-0.3363057433,-0.5314376235,0.005017524101,0.5051281994,1.370962182,1.337530272,0.533644135,-0.7328910933,1.232790024,0.4784244652,-1.102323792,-0.1516662967,-1.712093519,-0.9813178752,2.328760393,0.9249666685,2.616015409,6.257514502,6.892420475,4.472317776,2.229811678,-3.630794874,-13.03573446,-13.38913751,-4.397754422
3.26,0.2454488003,-1.416033858,-0.4484975845,3.141138759,0.02282071476,-1.395724417,0.02599297847,-0.03438072559,-0.06667231802,0.004023221734,0.2521241695,-0.2979863761,-0.2353679581,0.2160446361,-0.05608199595,0.1273853226,0.1438945788,-0.06765225783,-0.05907343689,0.009184766703,0.01155713052,-0.03020654437,-0.08495782241,0.009767174144,-0.04087726816,0.1669555052,0.2804234262,0.03691025296,-0.02467384521,-0.2763678151,-0.486731507,0.02854240937,0.4650442268,1.243566398,1.206915297,0.4894699064,-0.6186959832,1.060083331,0.1837982018,0.2917035633,-0.4405080035,-1.471327931,-0.3179546036,1.817447158,-0.3891216854,1.703112762,2.452023977,5.324963294,4.404467553,2.267849207,-4.132694484,-12.24966051,-12.56391109,-4.333655391
#Exudyn explicit time integration (ExplicitEuler) solver solution file
#simulation started=2026-01-27,10:20:09
#columns contain: time, ODE2 displacements, ODE2 velocities, ODE2 accelerations
#number of system coordinates [nODE2, nODE1, nAlgebraic, nData] = [18,0,0,0]
#number of written coordinates [nODE2, nVel2, nAcc2, nODE1, nVel1, nAlgebraic, nData] = [18,18,18,0,0,0,0]
#total columns exported  (excl. time) = 54
#number of time steps (planned) = 200
#Exudyn version = 1.10.0; Python3.11.11; Windows AVX2 FLOAT64
#
#solution information = DogEnv
3.26,0.2454488003,-1.416033858,-0.4484975845,3.141138759,0.02282071476,-1.395724417,0.02599297847,-0.03438072559,-0.06667231802,0.004023221734,0.2521241695,-0.2979863761,-0.2353679581,0.2160446361,-0.05608199595,0.1273853226,0.1438945788,-0.06765225783,-0.05907343689,0.009184766703,0.01155713052,-0.03020654437,-0.08495782241,0.009767174144,-0.04087726816,0.1669555052,0.2804234262,0.03691025296,-0.02467384521,-0.2763678151,-0.486731507,0.02854240937,0.4650442268,1.243566398,1.206915297,0.4894699064,-0.6186959832,1.060083331,0.1837982018,0.2917035633,-0.4405080035,-1.471327931,-0.3179546036,1.817447158,-0.3891216854,1.703112762,2.452023977,5.324963294,4.404467553,2.267849207,-4.132694484,-12.24966051,-12.56391109,-4.333655391
3.27,0.2448368708,-1.415849429,-0.4483579695,3.140715605,0.02189669129,-1.395695621,0.02558068209,-0.03264632102,-0.06385856,0.00446603818,0.2530922847,-0.30225578,-0.2419516433,0.2172159511,-0.05160588694,0.147985353,0.1640858447,-0.06308707383,-0.06302130212,0.02855203033,0.01652229686,-0.04771320464,-0.09422261838,-0.004423882398,-0.04360618259,0.1795033704,0.282599649,0.05423025326,0.1393976338,-0.4088223862,-0.6479941197,0.1403096106,0.4283176045,1.987903426,1.950131347,0.4335240617,-0.327069405,1.935107522,0.423492801,-0.09007726574,-0.1645651186,-1.421865803,-0.556217259,1.694904884,0.1850699562,1.731704829,4.095047997,8.98882841,7.557985875,2.881274297,-2.771307703,-19.2347847,-19.23733036,-2.943234545
3.28,0.2441919031,-1.415472925,-0.4481760814,3.140252405,0.02094304513,-1.395805628,0.02512490274,-0.03077801179,-0.06104203236,0.005080108698,0.2546289877,-0.3059272454,-0.2480664942,0.2187574136,-0.04746925442,0.1669383793,0.1826578764,-0.0588981276,-0.0658665098,0.04646008648,0.01951927933,-0.04379439586,-0.09671049336,-0.01721359758,-0.04693158889,0.1931982644,0.2794352495,0.06759954545,0.1640733271,-0.3272443632,-0.5753414877,0.1675507904,0.3982263723,1.803692735,1.76505391,0.4040522795,-0.2461219466,1.65421149,0.2021290945,0.6209049586,-0.2762853496,-1.130979098,-0.1619838082,1.055058718,-0.5939503896,1.046945121,1.498175756,7.441530922,6.925079136,2.482467507,-3.091253714,-17.56911395,-17.69737156,-2.903225572
#Exudyn explicit time integration (ExplicitEuler) solver solution file
#simulation started=2026-01-27,10:20:09
#columns contain: time, ODE2 displacements, ODE2 velocities, ODE2 accelerations
#number of system coordinates [nODE2, nODE1, nAlgebraic, nData] = [18,0,0,0]
#number of written coordinates [nODE2, nVel2, nAcc2, nODE1, nVel1, nAlgebraic, nData] = [18,18,18,0,0,0,0]
#total columns exported  (excl. time) = 54
#number of time steps (planned) = 200
#Exudyn version = 1.10.0; Python3.11.11; Windows AVX2 FLOAT64
#
#solution information = DogEnv
3.28,0.2441919031,-1.415472925,-0.4481760814,3.140252405,0.02094304513,-1.395805628,0.02512490274,-0.03077801179,-0.06104203236,0.005080108698,0.2546289877,-0.3059272454,-0.2480664942,0.2187574136,-0.04746925442,0.1669383793,0.1826578764,-0.0588981276,-0.0658665098,0.04646008648,0.01951927933,-0.04379439586,-0.09671049336,-0.01721359758,-0.04693158889,0.1931982644,0.2794352495,0.06759954545,0.1640733271,-0.3272443632,-0.5753414877,0.1675507904,0.3982263723,1.803692735,1.76505391,0.4040522795,-0.2461219466,1.65421149,0.2021290945,0.6209049586,-0.2762853496,-1.130979098,-0.1619838082,1.055058718,-0.5939503896,1.046945121,1.498175756,7.441530922,6.925079136,2.482467507,-3.091253714,-17.56911395,-17.69737156,-2.903225572
3.29,0.2435209622,-1.4149342,-0.4479812637,3.139880358,0.01995267896,-1.396027243,0.02461531244,-0.02881523439,-0.05830970936,0.005779700363,0.2572156519,-0.3088847687,-0.2534826216,0.2215451008,-0.04759480779,0.1841302919,0.1994538019,-0.0589027951,-0.06837855687,0.06034373986,0.01955137942,-0.03189037848,-0.100354469,-0.02656667292,-0.04918439596,0.1994460874,0.2677415109,0.07345456368,0.2654652601,-0.2651213295,-0.5084033589,0.2943983272,-0.02314777448,1.635284141,1.594666736,-0.009578731521,-0.2360701046,1.19299045,0.01360523568,0.8022423315,-0.1834916167,-0.7706869752,0.263314433,0.5147032598,-0.889936287,0.6412591541,-1.008900285,5.961221987,6.311861231,0.3905824639,0.8609008378,-16.10422735,-16.2397876,1.165384744
3.3,0.2428265457,-1.414275196,-0.4477853167,3.1395956,0.01894257117,-1.396326897,0.02413646691,-0.02680102046,-0.05567120926,0.00654314686,0.2598269496,-0.3112527349,-0.2582694084,0.2245020468,-0.0477833989,0.1997128333,0.2146257548,-0.05894307942,-0.07042024245,0.07122302653,0.01961602574,-0.0253801288,-0.1014627015,-0.03304057588,-0.04650348237,0.2028818441,0.260222174,0.0789641915,0.2570858245,-0.2091839861,-0.4497910313,0.2964910017,-0.01458909559,1.482294353,1.440946494,0.001371243184,-0.1731698308,0.9871079639,-0.0001029519961,0.5591150954,-0.05249296295,-0.5364401613,0.288130893,0.1841505351,-0.6740814198,0.4491118537,-0.7670405601,5.207766359,5.453613484,0.06834341915,0.8123181015,-14.54228533,-14.57703014,1.01456224
#Exudyn explicit time integration (ExplicitEuler) solver solution file
#simulation started=2026-01-27,10:20:09
#columns contain: time, ODE2 displacements, ODE2 velocities, ODE2 accelerations
#number of system coordinates [nODE2, nODE1, nAlgebraic, nData] = [18,0,0,0]
#number of written coordinates [nODE2, nVel2, nAcc2, nODE1, nVel1, nAlgebraic, nData] = [18,18,18,0,0,0,0]
#total columns exported  (excl. time) = 54
#number of time steps (planned) = 200
#Exudyn version = 1.10.0; Python3.11.11; Windows AVX2 FLOAT64
#
#solution information = DogEnv
3.3,0.2428265457,-1.414275196,-0.4477853167,3.1395956,0.01894257117,-1.396326897,0.02413646691,-0.02680102046,-0.05567120926,0.00654314686,0.2598269496,-0.3112527349,-0.2582694084,0.2245020468,-0.0477833989,0.1997128333,0.2146257548,-0.05894307942,-0.07042024245,0.07122302653,0.01961602574,-0.0253801288,-0.1014627015,-0.03304057588,-0.04650348237,0.2028818441,0.260222174,0.0789641915,0.2570858245,-0.2091839861,-0.4497910313,0.2964910017,-0.01458909559,1.482294353,1.440946494,0.001371243184,-0.1731698308,0.9871079639,-0.0001029519961,0.5591150954,-0.05249296295,-0.5364401613,0.288130893,0.1841505351,-0.6740814198,0.4491118537,-0.7670405601,5.207766359,5.453613484,0.06834341915,0.8123181015,-14.54228533,-14.57703014,1.01456224
3.31,0.2421111075,-1.413534409,-0.4476225367,3.139485996,0.01792195521,-1.39667821,0.02361647355,-0.02478211209,-0.05312756094,0.007294462837,0.2645447803,-0.3120099527,-0.2613824541,0.2299517777,-0.05829791583,0.2083086553,0.2227570694,-0.0691644476,-0.07308884929,0.07395450512,0.01401214208,-0.001486850996,-0.1011764042,-0.03635189387,-0.04329993536,0.2016169794,0.2474376641,0.07595616842,0.4735936245,-0.05721248891,-0.2753632052,0.5553603019,-1.034286737,0.7988633845,0.7515207784,-1.004798636,-0.2958299325,-0.1304532367,-0.3101113786,0.9538638372,0.1848482431,-0.1377574928,1.093007799,-0.2417204247,-1.203560301,0.1395002301,-6.017815465,1.094606217,3.401080699,-4.940066045,10.48394503,-8.26622088,-8.54724966,10.66505305
3.32,0.2413666636,-1.412802506,-0.4474938551,3.139500062,0.01691868349,-1.397045895,0.02322682323,-0.0227819531,-0.05069693974,0.008060694525,0.2690134689,-0.3125168688,-0.2639972272,0.2352670423,-0.068128469,0.2159037526,0.2298744408,-0.07869760324,-0.07571312322,0.07230378726,0.01201106721,0.003217031466,-0.09951249421,-0.03698304607,-0.03524417526,0.1980451341,0.2396011928,0.07715002261,0.4219075719,-0.04357842134,-0.249419331,0.5080204982,-0.9319787278,0.7208080878,0.6732277754,-0.9023190276,-0.2283326469,-0.1946813402,-0.1223678206,0.2232246436,0.1553763551,-0.008946424913,0.6407114935,-0.4469058777,-0.5681987448,0.05928744637,-4.611253456,1.414567245,2.086354683,-4.486780925,9.832805708,-7.395720303,-7.280498018,9.781409342
#Exudyn explicit time integration (ExplicitEuler) solver solution file
#simulation started=2026-01-27,10:20:10
#columns contain: time, ODE2 displacements, ODE2 velocities, ODE2 accelerations
#number of system coordinates [nODE2, nODE1, nAlgebraic, nData] = [18,0,0,0]
#number of written coordinates [nODE2, nVel2, nAcc2, nODE1, nVel1, nAlgebraic, nData] = [18,18,18,0,0,0,0]
#total columns exported  (excl. time) = 54
#number of time steps (planned) = 200
#Exudyn version = 1.10.0; Python3.11.11; Windows AVX2 FLOAT64
#
#solution information = DogEnv
3.32,0.2413666636,-1.412802506,-0.4474938551,3.139500062,0.01691868349,-1.397045895,0.02322682323,-0.0227819531,-0.05069693974,0.008060694525,0.2690134689,-0.3125168688,-0.2639972272,0.2352670423,-0.068128469,0.2159037526,0.2298744408,-0.07869760324,-0.07571312322,0.07230378726,0.01201106721,0.003217031466,-0.09951249421,-0.03698304607,-0.03524417526,0.1980451341,0.2396011928,0.07715002261,0.4219075719,-0.04357842134,-0.249419331,0.5080204982,-0.9319787278,0.7208080878,0.6732277754,-0.9023190276,-0.2283326469,-0.1946813402,-0.1223678206,0.2232246436,0.1553763551,-0.008946424913,0.6407114935,-0.4469058777,-0.5681987448,0.05928744637,-4.611253456,1.414567245,2.086354683,-4.486780925,9.832805708,-7.395720303,-7.280498018,9.781409342
3.33,0.2405904864,-1.412133388,-0.4474329329,3.139725304,0.01595260402,-1.397406462,0.02283354324,-0.02083782234,-0.04836333752,0.008720590343,0.274706976,-0.3118797085,-0.2651235298,0.2420261338,-0.08934891833,0.216724783,0.230216201,-0.09960494759,-0.07996081438,0.05860147282,0.002537871593,0.03245698981,-0.09198832481,-0.03413197118,-0.02429730535,0.1921002114,0.2276228168,0.06636965839,0.5582602789,0.05863968369,-0.08834570658,0.658657696,-2.046407847,0.05472358144,0.00418341335,-2.020817619,-0.449292189,-1.71951525,-0.3850128176,0.6348784864,0.677886493,0.4705109485,1.963897438,-0.6949854378,-0.7592607485,0.0533251805,-9.156812358,-2.788859834,0.1281188981,-9.650733246,20.28032111,-1.615856944,-1.978005406,19.9754075
3.34,0.2397700942,-1.411630828,-0.4474187462,3.140058935,0.01505452565,-1.397724096,0.02266122835,-0.01895774233,-0.04611259623,0.009380742825,0.2798432312,-0.3114019715,-0.2660420405,0.2481566153,-0.108832387,0.2171977854,0.2301832748,-0.1188482905,-0.0840082052,0.0419464919,0.0008643968123,0.03297428649,-0.08838546465,-0.02938561562,-0.01180754392,0.1834512852,0.223106345,0.06512458734,0.4694959449,0.03841059845,-0.09793492397,0.568729968,-1.851283289,0.04018504245,-0.009359703478,-1.8287735,-0.3597162858,-1.600775717,-0.02535322724,-0.2203597412,0.1838539646,0.4538448666,0.8294228566,-0.9391275236,-0.3341837136,-0.2625785568,-8.42254881,-1.667462617,-1.485195681,-8.370029862,18.59071013,-1.330418098,-0.9962101387,18.32518295
#Exudyn explicit time integration (ExplicitEuler) solver solution file
#simulation started=2026-01-27,10:20:10
#columns contain: time, ODE2 displacements, ODE2 velocities, ODE2 accelerations
#number of system coordinates [nODE2, nODE1, nAlgebraic, nData] = [18,0,0,0]
#number of written coordinates [nODE2, nVel2, nAcc2, nODE1, nVel1, nAlgebraic, nData] = [18,18,18,0,0,0,0]
#total columns exported  (excl. time) = 54
#number of time steps (planned) = 200
#Exudyn version = 1.10.0; Python3.11.11; Windows AVX2 FLOAT64
#
#solution information = DogEnv
3.34,0.2397700942,-1.411630828,-0.4474187462,3.140058935,0.01505452565,-1.397724096,0.02266122835,-0.01895774233,-0.04611259623,0.009380742825,0.2798432312,-0.3114019715,-0.2660420405,0.2481566153,-0.108832387,0.2171977854,0.2301832748,-0.1188482905,-0.0840082052,0.0419464919,0.0008643968123,0.03297428649,-0.08838546465,-0.02938561562,-0.01180754392,0.1834512852,0.223106345,0.06512458734,0.4694959449,0.03841059845,-0.09793492397,0.568729968,-1.851283289,0.04018504245,-0.009359703478,-1.8287735,-0.3597162858,-1.600775717,-0.02535322724,-0.2203597412,0.1838539646,0.4538448666,0.8294228566,-0.9391275236,-0.3341837136,-0.2625785568,-8.42254881,-1.667462617,-1.485195681,-8.370029862,18.59071013,-1.330418098,-0.9962101387,18.32518295
3.35,0.2389046634,-1.411337419,-0.4474515881,3.140489033,0.01424245064,-1.397984658,0.02257894485,-0.01715071168,-0.04388455428,0.009900321152,0.2830597068,-0.3106901206,-0.266427935,0.2520600321,-0.1284649885,0.214532803,0.2270430851,-0.1385207961,-0.08897567613,0.01707565659,-0.006399520924,0.045422154,-0.07598144461,-0.02228005906,0.001166444828,0.1769424127,0.2216190381,0.04771551746,0.2633489663,0.05998797245,-0.03666524503,0.3185002207,-1.861879069,-0.26983699,-0.3195868336,-1.867184444,-0.4495168172,-2.338927117,-0.357112784,-0.1500304518,0.4479414092,0.7488657668,1.463097562,-1.092301772,-0.3398471362,-0.07229910329,-8.13313784,-2.87568523,-2.171285674,-7.617927873,17.98497239,1.182884872,1.27981348,18.22652422
3.36,0.2379942578,-1.411278424,-0.4475250646,3.140929278,0.01349171933,-1.398172668,0.02264104571,-0.01543992026,-0.04168679835,0.01036615648,0.2852941753,-0.3102249246,-0.266923274,0.2548919867,-0.1462286416,0.2118935378,0.2239221917,-0.1563307388,-0.09298375439,-0.005070509835,-0.007701137284,0.04220010466,-0.07480676731,-0.01550626014,0.00982311624,0.1650162005,0.2178104444,0.04468882026,0.1835738037,0.0332245186,-0.06371525035,0.2484750071,-1.692467612,-0.2578550827,-0.303768716,-1.696511811,-0.3525772552,-2.083696983,0.01820646546,-0.4074746328,0.000894184775,0.600285378,0.5009867576,-1.175452182,-0.4002190186,-0.4820290115,-7.661096036,-2.570772257,-2.878603864,-6.663294322,15.98873592,1.210924949,1.718474084,16.11924472
#Exudyn explicit time integration (ExplicitEuler) solver solution file
#simulation started=2026-01-27,10:20:10
#columns contain: time, ODE2 displacements, ODE2 velocities, ODE2 accelerations
#number of system coordinates [nODE2, nODE1, nAlgebraic, nData] = [18,0,0,0]
#number of written coordinates [nODE2, nVel2, nAcc2, nODE1, nVel1, nAlgebraic, nData] = [18,18,18,0,0,0,0]
#total columns exported  (excl. time) = 54
#number of time steps (planned) = 200
#Exudyn version = 1.10.0; Python3.11.11; Windows AVX2 FLOAT64
#
#solution information = DogEnv
3.36,0.2379942578,-1.411278424,-0.4475250646,3.140929278,0.01349171933,-1.398172668,0.02264104571,-0.01543992026,-0.04168679835,0.01036615648,0.2852941753,-0.3102249246,-0.266923274,0.2548919867,-0.1462286416,0.2118935378,0.2239221917,-0.1563307388,-0.09298375439,-0.005070509835,-0.007701137284,0.04220010466,-0.07480676731,-0.01550626014,0.00982311624,0.1650162005,0.2178104444,0.04468882026,0.1835738037,0.0332245186,-0.06371525035,0.2484750071,-1.692467612,-0.2578550827,-0.303768716,-1.696511811,-0.3525772552,-2.083696983,0.01820646546,-0.4074746328,0.000894184775,0.600285378,0.5009867576,-1.175452182,-0.4002190186,-0.4820290115,-7.661096036,-2.570772257,-2.878603864,-6.663294322,15.98873592,1.210924949,1.718474084,16.11924472
3.37,0.2370393463,-1.411476766,-0.4476598392,3.141393976,0.01286458071,-1.39828521,0.0227537782,-0.013778546,-0.03945386193,0.01047571895,0.2836531091,-0.3096756254,-0.2671377468,0.2528742668,-0.158458648,0.2071150833,0.2186929421,-0.1693346621,-0.09753903689,-0.03168935576,-0.01929367592,0.0403639016,-0.05067522141,-0.006469112542,0.01886022987,0.1678124367,0.2300085451,-0.01184684253,-0.2455761463,0.05261035607,-0.0189119325,-0.3659939386,-1.145055445,-0.4706708441,-0.5166854041,-1.221978206,-0.359187764,-2.06026025,-0.8296247115,-1.166196916,0.9459361591,0.9222662325,1.170304082,-0.7565365824,0.3244955016,0.5370576265,-4.68420845,-1.378003146,-1.660689273,-0.6908821986,10.48657691,2.917586713,3.458462403,21.40734453
3.38,0.2360472565,-1.411892907,-0.4478735457,3.141781659,0.01233777742,-1.398310538,0.02296794696,-0.01218279511,-0.03719067296,0.01046816064,0.2810174632,-0.3092693713,-0.2674624376,0.2495569121,-0.1693940848,0.20255187,0.2137004399,-0.1807615729,-0.1007914872,-0.05152514745,-0.02196953647,0.0388470153,-0.05682671628,0.000967520472,0.02300962085,0.150187043,0.2209889503,0.007235184773,-0.2793345812,0.0253849724,-0.0489304368,-0.3050848871,-1.044567471,-0.4417316752,-0.4815572101,-1.084659413,-0.2865742505,-1.905796735,0.07996955651,-0.0002975309972,-0.6821680039,0.6152763261,0.2321017255,-1.663254889,-0.9320394101,0.338456321,-3.14254058,-3.216543326,-3.379932314,1.263097991,8.802413746,2.893748511,3.475867578,9.205354507
#Exudyn explicit time integration (ExplicitEuler) solver solution file
#simulation started=2026-01-27,10:20:10
#columns contain: time, ODE2 displacements, ODE2 velocities, ODE2 accelerations
#number of system coordinates [nODE2, nODE1, nAlgebraic, nData] = [18,0,0,0]
#number of written coordinates [nODE2, nVel2, nAcc2, nODE1, nVel1, nAlgebraic, nData] = [18,18,18,0,0,0,0]
#total columns exported  (excl. time) = 54
#number of time steps (planned) = 200
#Exudyn version = 1.10.0; Python3.11.11; Windows AVX2 FLOAT64
#
#solution information = DogEnv
3.38,0.2360472565,-1.411892907,-0.4478735457,3.141781659,0.01233777742,-1.398310538,0.02296794696,-0.01218279511,-0.03719067296,0.01046816064,0.2810174632,-0.3092693713,-0.2674624376,0.2495569121,-0.1693940848,0.20255187,0.2137004399,-0.1807615729,-0.1007914872,-0.05152514745,-0.02196953647,0.0388470153,-0.05682671628,0.000967520472,0.02300962085,0.150187043,0.2209889503,0.007235184773,-0.2793345812,0.0253849724,-0.0489304368,-0.3050848871,-1.044567471,-0.4417316752,-0.4815572101,-1.084659413,-0.2865742505,-1.905796735,0.07996955651,-0.0002975309972,-0.6821680039,0.6152763261,0.2321017255,-1.663254889,-0.9320394101,0.338456321,-3.14254058,-3.216543326,-3.379932314,1.263097991,8.802413746,2.893748511,3.475867578,9.205354507
3.39,0.2350179906,-1.412532846,-0.4482158497,3.142137903,0.01199395117,-1.398250207,0.02259118493,-0.01056887398,-0.03480721666,0.009355960143,0.2709021101,-0.308620054,-0.2673780678,0.2363955233,-0.174038969,0.195933827,0.2066822415,-0.1874216972,-0.104137989,-0.06644061906,-0.05392052641,0.01539095958,-0.01228095097,0.01222826764,-0.1905605236,0.1750698842,0.2589757044,-0.263830202,-1.663077883,0.100193994,0.04234231505,-2.072138247,-0.7699338869,-0.6520023369,-0.688586193,-0.825163858,-0.2006368232,1.349171301,-4.7059415,-2.207584335,-0.6454016412,1.136315912,-49.55594272,-0.7924001226,0.1901206838,-23.53797222,-154.7316515,8.058827449,6.87974736,-74.19414084,-67.31781289,3.528891399,5.337654861,10.13394983
3.4,0.2339587798,-1.413073269,-0.4489505793,3.142370157,0.01160822252,-1.398091256,0.01863286839,-0.009016213345,-0.03239593747,0.006543692318,0.2485734606,-0.3073329229,-0.2666856603,0.2159836716,-0.1828976301,0.1896349985,0.200075948,-0.1939760618,-0.1085164557,-0.03877009754,-0.08600138864,0.04034577519,-0.07167390437,0.01821809303,-0.4721227113,0.1319185362,0.2185703391,-0.2060893103,-2.411697146,0.1453265835,0.08769646608,-1.704987187,-0.7432072654,-0.6004056913,-0.6287598969,-0.4188834053,-0.6111549918,2.894952419,-0.5170069516,3.268667097,-4.949869033,0.3122952446,22.01061203,-3.130892799,-2.942361972,28.11096195,67.6944423,0.8697787496,1.621112183,105.6878869,76.53452443,7.34624015,7.318837984,50.32325021
#Exudyn explicit time integration (ExplicitEuler) solver solution file
#simulation started=2026-01-27,10:20:10
#columns contain: time, ODE2 displacements, ODE2 velocities, ODE2 accelerations
#number of system coordinates [nODE2, nODE1, nAlgebraic, nData] = [18,0,0,0]
#number of written coordinates [nODE2, nVel2, nAcc2, nODE1, nVel1, nAlgebraic, nData] = [18,18,18,0,0,0,0]
#total columns exported  (excl. time) = 54
#number of time steps (planned) = 200
#Exudyn version = 1.10.0; Python3.11.11; Windows AVX2 FLOAT64
#
#solution information = DogEnv
3.4,0.2339587798,-1.413073269,-0.4489505793,3.142370157,0.01160822252,-1.398091256,0.01863286839,-0.009016213345,-0.03239593747,0.006543692318,0.2485734606,-0.3073329229,-0.2666856603,0.2159836716,-0.1828976301,0.1896349985,0.200075948,-0.1939760618,-0.1085164557,-0.03877009754,-0.08600138864,0.04034577519,-0.07167390437,0.01821809303,-0.4721227113,0.1319185362,0.2185703391,-0.2060893103,-2.411697146,0.1453265835,0.08769646608,-1.704987187,-0.7432072654,-0.6004056913,-0.6287598969,-0.4188834053,-0.6111549918,2.894952419,-0.5170069516,3.268667097,-4.949869033,0.3122952446,22.01061203,-3.130892799,-2.942361972,28.11096195,67.6944423,0.8697787496,1.621112183,105.6878869,76.53452443,7.34624015,7.318837984,50.32325021
3.41,0.2328374452,-1.413394587,-0.4498845483,3.142909959,0.01082725476,-1.397882662,0.01487270852,-0.007726688228,-0.03021016957,0.00484712754,0.2201354968,-0.3059834767,-0.2658136618,0.1927339773,-0.1886551731,0.184154457,0.1942603996,-0.1984667294,-0.1143748886,-0.02044388198,-0.09862328098,0.04397766096,-0.07450296436,0.02390252502,-0.2809741126,0.136408876,0.2301560756,-0.1443297402,-2.873913857,0.1591790719,0.1095796416,-2.615501615,-0.4670841586,-0.5185151628,-0.5454752068,-0.4211974226,-0.2619629646,2.67856008,0.04347110175,-2.989371999,1.192575005,0.6314071083,19.38563293,1.676560091,2.680269424,8.714400953,57.93757484,5.172957982,4.346567477,25.81436325,42.53738913,7.186827666,8.875188965,40.47852201
3.42,0.2316833905,-1.413496245,-0.4508021422,3.143276474,0.01012652839,-1.397614704,0.0131524312,-0.006319802461,-0.02781614426,0.003955054124,0.1963540945,-0.3043103448,-0.2646447025,0.1701583672,-0.1907316622,0.1793487017,0.1892300998,-0.2006643057,-0.116310991,-0.004009591486,-0.07941502859,0.03490412241,-0.0647480088,0.02974358152,-0.0496888697,0.1426900682,0.246932063,-0.03319009802,-1.738615048,0.1585445037,0.1106252319,-1.813714527,0.061813764,-0.4423885033,-0.4634997065,-0.06462949933,-0.1580929509,0.2476610449,3.156140707,0.2559668776,1.530073389,0.6526475996,25.08300561,0.1693511245,1.480888157,8.989669171,136.3038555,-4.550668897,-3.504375399,79.82687929,46.57273998,7.014372805,6.88734445,16.33575073
#Exudyn explicit time integration (ExplicitEuler) solver solution file
#simulation started=2026-01-27,10:20:10
#columns contain: time, ODE2 displacements, ODE2 velocities, ODE2 accelerations
#number of system coordinates [nODE2, nODE1, nAlgebraic, nData] = [18,0,0,0]
#number of written coordinates [nODE2, nVel2, nAcc2, nODE1, nVel1, nAlgebraic, nData] = [18,18,18,0,0,0,0]
#total columns exported  (excl. time) = 54
#number of time steps (planned) = 200
#Exudyn version = 1.10.0; Python3.11.11; Windows AVX2 FLOAT64
#
#solution information = DogEnv
3.42,0.2316833905,-1.413496245,-0.4508021422,3.143276474,0.01012652839,-1.397614704,0.0131524312,-0.006319802461,-0.02781614426,0.003955054124,0.1963540945,-0.3043103448,-0.2646447025,0.1701583672,-0.1907316622,0.1793487017,0.1892300998,-0.2006643057,-0.116310991,-0.004009591486,-0.07941502859,0.03490412241,-0.0647480088,0.02974358152,-0.0496888697,0.1426900682,0.246932063,-0.03319009802,-1.738615048,0.1585445037,0.1106252319,-1.813714527,0.061813764,-0.4423885033,-0.4634997065,-0.06462949933,-0.1580929509,0.2476610449,3.156140707,0.2559668776,1.530073389,0.6526475996,25.08300561,0.1693511245,1.480888157,8.989669171,136.3038555,-4.550668897,-3.504375399,79.82687929,46.57273998,7.014372805,6.88734445,16.33575073
3.43,0.23051735,-1.413546346,-0.4514242348,3.14358135,0.009539834443,-1.397277803,0.01375898925,-0.004912163723,-0.02529445265,0.003908990397,0.184961543,-0.3043032318,-0.2651477768,0.1553155522,-0.1871930074,0.1804104878,0.1900584362,-0.1992922984,-0.1165764949,-0.008867397114,-0.04621155171,0.02909130503,-0.05331667711,0.03804337906,0.1272126772,0.1355713597,0.2552751581,0.006471608927,-0.7841526534,-0.03034636621,-0.07839957971,-1.296321586,0.3422303182,0.1273054357,0.1065396162,0.1194328465,0.04215856807,-1.200659775,2.587586786,0.1426122054,0.2938233315,0.8730534917,0.1332582196,-1.893295214,-0.2918038878,-1.589927661,7.722882688,-3.348137768,-2.94321371,9.937853032,-16.37492341,-0.9501709396,-0.5725588999,-11.55698268
3.44,0.2293549258,-1.413691703,-0.4517890808,3.143868727,0.009009742086,-1.396858173,0.01494884671,-0.003648453953,-0.02276772218,0.003844193074,0.1770481814,-0.3047279154,-0.266043595,0.1423171252,-0.1843033192,0.1816163551,0.1910812362,-0.1985988581,-0.1157730655,-0.01975740077,-0.02902435318,0.02744532866,-0.05313703496,0.04562187337,0.1087393801,0.1175200942,0.2495002962,-0.01977150168,-0.8071826284,-0.05110150401,-0.09790686803,-1.316987394,0.246640768,0.1128478406,0.09733496228,0.03366941335,0.1172912485,-0.9091468104,1.109713233,-0.3255046121,-0.1141699779,0.6644024654,-1.995971905,-1.6921097,-0.7420882299,-2.063896552,-2.52651669,-1.181393995,-1.181207104,-0.928420932,-6.937066024,-1.588533915,-1.03089688,-3.722815381
#Exudyn explicit time integration (ExplicitEuler) solver solution file
#simulation started=2026-01-27,10:20:10
#columns contain: time, ODE2 displacements, ODE2 velocities, ODE2 accelerations
#number of system coordinates [nODE2, nODE1, nAlgebraic, nData] = [18,0,0,0]
#number of written coordinates [nODE2, nVel2, nAcc2, nODE1, nVel1, nAlgebraic, nData] = [18,18,18,0,0,0,0]
#total columns exported  (excl. time) = 54
#number of time steps (planned) = 200
#Exudyn version = 1.10.0; Python3.11.11; Windows AVX2 FLOAT64
#
#solution information = DogEnv
3.44,0.2293549258,-1.413691703,-0.4517890808,3.143868727,0.009009742086,-1.396858173,0.01494884671,-0.003648453953,-0.02276772218,0.003844193074,0.1770481814,-0.3047279154,-0.266043595,0.1423171252,-0.1843033192,0.1816163551,0.1910812362,-0.1985988581,-0.1157730655,-0.01975740077,-0.02902435318,0.02744532866,-0.05313703496,0.04562187337,0.1087393801,0.1175200942,0.2495002962,-0.01977150168,-0.8071826284,-0.05110150401,-0.09790686803,-1.316987394,0.246640768,0.1128478406,0.09733496228,0.03366941335,0.1172912485,-0.9091468104,1.109713233,-0.3255046121,-0.1141699779,0.6644024654,-1.995971905,-1.6921097,-0.7420882299,-2.063896552,-2.52651669,-1.181393995,-1.181207104,-0.928420932,-6.937066024,-1.588533915,-1.03089688,-3.722815381
3.45,0.2282084323,-1.413900246,-0.45202334,3.144072211,0.008434444364,-1.396380733,0.01587191544,-0.002557750024,-0.02034361159,0.003622257977,0.1689956799,-0.3065788531,-0.2684510367,0.1307629261,-0.1795850251,0.187786538,0.1971223241,-0.195017617,-0.1133601898,-0.02121064101,-0.01871051248,0.01848264379,-0.06134410831,0.0486751811,0.07780360567,0.1013744968,0.2343847346,-0.01789557305,-0.8028050596,-0.190672151,-0.2474591118,-1.028252842,0.4364611418,0.6047657393,0.5962047032,0.3526546636,0.259028474,-0.09206507323,0.7450950963,0.1125691678,-0.5078518423,0.02568917878,-1.968690271,-1.272598889,-1.545688547,0.7247541991,2.040771042,1.869093958,1.707053374,15.32864087,-6.182730115,-6.328059775,-6.12754215,-4.777182277
3.46,0.2270882113,-1.414117037,-0.4521802054,3.144260482,0.007808231012,-1.395895733,0.0165771857,-0.00159414969,-0.01806846926,0.003457013354,0.1611210179,-0.3083927399,-0.2708380798,0.1210101303,-0.1755094463,0.1935292437,0.2027846712,-0.1917247628,-0.1105915193,-0.02212167415,-0.0131441305,0.01884898933,-0.06305835846,0.04810677091,0.06450781198,0.09215712782,0.2210436845,-0.01629145557,-0.7689596012,-0.1717763852,-0.2295133632,-0.9326649375,0.3795694469,0.5441014602,0.5363777696,0.3078712132,0.296827485,-0.07593898082,0.4180952401,-0.04918439609,0.01812527139,-0.1108374748,-1.041796869,-0.7162585131,-1.224836261,-0.01054195797,3.956995932,1.924736459,1.848684777,7.722686813,-5.243958605,-5.779730796,-5.739199058,-3.630688097
#Exudyn explicit time integration (ExplicitEuler) solver solution file
#simulation started=2026-01-27,10:20:10
#columns contain: time, ODE2 displacements, ODE2 velocities, ODE2 accelerations
#number of system coordinates [nODE2, nODE1, nAlgebraic, nData] = [18,0,0,0]
#number of written coordinates [nODE2, nVel2, nAcc2, nODE1, nVel1, nAlgebraic, nData] = [18,18,18,0,0,0,0]
#total columns exported  (excl. time) = 54
#number of time steps (planned) = 200
#Exudyn version = 1.10.0; Python3.11.11; Windows AVX2 FLOAT64
#
#solution information = DogEnv
3.46,0.2270882113,-1.414117037,-0.4521802054,3.144260482,0.007808231012,-1.395895733,0.0165771857,-0.00159414969,-0.01806846926,0.003457013354,0.1611210179,-0.3083927399,-0.2708380798,0.1210101303,-0.1755094463,0.1935292437,0.2027846712,-0.1917247628,-0.1105915193,-0.02212167415,-0.0131441305,0.01884898933,-0.06305835846,0.04810677091,0.06450781198,0.09215712782,0.2210436845,-0.01629145557,-0.7689596012,-0.1717763852,-0.2295133632,-0.9326649375,0.3795694469,0.5441014602,0.5363777696,0.3078712132,0.296827485,-0.07593898082,0.4180952401,-0.04918439609,0.01812527139,-0.1108374748,-1.041796869,-0.7162585131,-1.224836261,-0.01054195797,3.956995932,1.924736459,1.848684777,7.722686813,-5.243958605,-5.779730796,-5.739199058,-3.630688097
3.47,0.2260067887,-1.414291862,-0.4522718904,3.144351341,0.007156230744,-1.395433231,0.01716586083,-0.0006928314876,-0.01593796299,0.003446236416,0.155392143,-0.3108573621,-0.2739688529,0.1154241196,-0.1711503531,0.2024302949,0.2116620182,-0.1870687506,-0.1057254421,-0.01389138094,-0.005752090471,0.007220969235,-0.06660666627,0.04330833842,0.04945719336,0.08803718797,0.2037073017,0.009069004704,-0.518160542,-0.2357941861,-0.3054466545,-0.3942782398,0.3984734561,0.8619640569,0.861292758,0.4392934648,0.4692502762,0.565291596,0.5027788785,0.1176343305,-0.01960944375,-0.6809589709,-1.772338761,-0.242876917,-1.755810947,0.1612229851,3.744340712,3.963405767,3.549843153,9.362167534,-4.896036272,-8.425100503,-8.646707661,-6.058535948
3.48,0.2249729027,-1.414404534,-0.4523111198,3.144426001,0.006498963098,-1.395033751,0.01758716889,0.0001828816101,-0.01397919761,0.00352079799,0.1503909622,-0.3130228686,-0.2768475902,0.1117410124,-0.167392216,0.21064288,0.219855039,-0.1829367976,-0.1009833683,-0.008704589281,-0.002584539944,0.007406799107,-0.06425546587,0.03658208942,0.03564454747,0.08746575847,0.188440747,0.005087839576,-0.4817176897,-0.1972988394,-0.270070409,-0.3506093972,0.3539988405,0.7808798353,0.7775932746,0.3894015958,0.4811605947,0.490683699,0.1839449678,-0.05271627739,0.3465543947,-0.6496828927,-1.144101092,-0.0004413937728,-1.41047192,-0.4407775217,3.655445809,3.726716652,3.476829116,2.892013077,-4.083575662,-7.758273393,-8.012290373,-4.301757773
#Exudyn explicit time integration (ExplicitEuler) solver solution file
#simulation started=2026-01-27,10:20:10
#columns contain: time, ODE2 displacements, ODE2 velocities, ODE2 accelerations
#number of system coordinates [nODE2, nODE1, nAlgebraic, nData] = [18,0,0,0]
#number of written coordinates [nODE2, nVel2, nAcc2, nODE1, nVel1, nAlgebraic, nData] = [18,18,18,0,0,0,0]
#total columns exported  (excl. time) = 54
#number of time steps (planned) = 200
#Exudyn version = 1.10.0; Python3.11.11; Windows AVX2 FLOAT64
#
#solution information = DogEnv
3.48,0.2249729027,-1.414404534,-0.4523111198,3.144426001,0.006498963098,-1.395033751,0.01758716889,0.0001828816101,-0.01397919761,0.00352079799,0.1503909622,-0.3130228686,-0.2768475902,0.1117410124,-0.167392216,0.21064288,0.219855039,-0.1829367976,-0.1009833683,-0.008704589281,-0.002584539944,0.007406799107,-0.06425546587,0.03658208942,0.03564454747,0.08746575847,0.188440747,0.005087839576,-0.4817176897,-0.1972988394,-0.270070409,-0.3506093972,0.3539988405,0.7808798353,0.7775932746,0.3894015958,0.4811605947,0.490683699,0.1839449678,-0.05271627739,0.3465543947,-0.6496828927,-1.144101092,-0.0004413937728,-1.41047192,-0.4407775217,3.655445809,3.726716652,3.476829116,2.892013077,-4.083575662,-7.758273393,-8.012290373,-4.301757773
3.49,0.2239901868,-1.414454645,-0.4523315993,3.144476803,0.005879663368,-1.394702786,0.01793191811,0.001064514442,-0.0121622899,0.003618092266,0.1466496336,-0.3140910987,-0.2786814017,0.1096612136,-0.1640273889,0.215541931,0.2247297367,-0.1790001228,-0.09565118267,-0.002528789079,-0.001582309443,0.005250104077,-0.06031472967,0.02945533552,0.03113160543,0.08789797872,0.1738353786,0.01217635951,-0.3387718284,-0.08607155731,-0.1640487089,-0.1526727849,0.3135737184,0.4579224519,0.4537116511,0.3711463703,0.5173186328,0.4150087278,0.06891914234,0.09098643865,0.2722934002,-0.7202805159,-0.9191079865,-0.09617364269,-1.587929311,-0.03382918661,3.262588061,2.301912498,2.125364685,3.610813656,-3.34129442,-4.306515776,-4.677176471,-3.962451969
3.5,0.2230594823,-1.414460505,-0.4523450585,3.144531206,0.005291206018,-1.394442753,0.01819698315,0.001938340577,-0.01050031742,0.003733123919,0.1434115763,-0.314840166,-0.280218969,0.1082540752,-0.1610497992,0.2199142798,0.2290434656,-0.1754716714,-0.09041734215,0.001303199669,-0.001191127702,0.005446804715,-0.05725859881,0.02261126428,0.02180459998,0.08676445211,0.1586018574,0.0106976693,-0.3092391784,-0.06379965879,-0.1435049786,-0.1314335131,0.2822174361,0.4167839501,0.4093907063,0.3351555631,0.5292426975,0.3580151498,0.01705190732,-0.02230982787,0.3247941725,-0.6446109215,-0.9173657219,-0.1491922185,-1.471173923,-0.1488958182,2.781292007,2.134236442,1.977262055,1.557357153,-2.969718551,-3.920321535,-4.199445223,-3.348559932
#Exudyn explicit time integration (ExplicitEuler) solver solution file
#simulation started=2026-01-27,10:20:10
#columns contain: time, ODE2 displacements, ODE2 velocities, ODE2 accelerations
#number of system coordinates [nODE2, nODE1, nAlgebraic, nData] = [18,0,0,0]
#number of written coordinates [nODE2, nVel2, nAcc2, nODE1, nVel1, nAlgebraic, nData] = [18,18,18,0,0,0,0]
#total columns exported  (excl. time) = 54
#number of time steps (planned) = 200
#Exudyn version = 1.10.0; Python3.11.11; Windows AVX2 FLOAT64
#
#solution information = DogEnv
3.5,0.2230594823,-1.414460505,-0.4523450585,3.144531206,0.005291206018,-1.394442753,0.01819698315,0.001938340577,-0.01050031742,0.003733123919,0.1434115763,-0.314840166,-0.280218969,0.1082540752,-0.1610497992,0.2199142798,0.2290434656,-0.1754716714,-0.09041734215,0.001303199669,-0.001191127702,0.005446804715,-0.05725859881,0.02261126428,0.02180459998,0.08676445211,0.1586018574,0.0106976693,-0.3092391784,-0.06379965879,-0.1435049786,-0.1314335131,0.2822174361,0.4167839501,0.4093907063,0.3351555631,0.5292426975,0.3580151498,0.01705190732,-0.02230982787,0.3247941725,-0.6446109215,-0.9173657219,-0.1491922185,-1.471173923,-0.1488958182,2.781292007,2.134236442,1.977262055,1.557357153,-2.969718551,-3.920321535,-4.199445223,-3.348559932
3.51,0.22217877,-1.414449073,-0.4523701887,3.144627259,0.004752185757,-1.394244906,0.0184155979,0.002791851248,-0.00897814762,0.003832170442,0.1403119649,-0.3141950579,-0.2803507873,0.1066826718,-0.1589940107,0.2190861708,0.2281079634,-0.1730411399,-0.08576189961,0.0002603799007,-0.003510084599,0.01150810448,-0.05134756171,0.0171556348,0.02122672821,0.08383462595,0.1456691223,0.008150224906,-0.3011183824,0.07546074556,-1.833164043e-05,-0.1630007863,0.1954844011,-0.09599996704,-0.109668104,0.2298345691,0.464893457,-0.1743527292,-0.1203820589,0.05230137035,0.3886845106,-0.493550269,-0.481952575,-0.3017613168,-1.323877025,-0.1771008075,2.177178304,-0.4868986144,-0.3087924361,0.8943746043,-2.226779858,1.009829191,0.6974667925,-2.330982584
3.52,0.2213445338,-1.414454642,-0.4524087884,3.144740418,0.004255731452,-1.394096807,0.01859437938,0.003613033576,-0.007587625587,0.003909656295,0.1374000989,-0.3134603914,-0.2803681942,0.1051107882,-0.1571491598,0.2181763039,0.2270508519,-0.1708550202,-0.08100516937,-0.001348171422,-0.004028437623,0.01086874194,-0.04802997877,0.01251610741,0.01389106772,0.08018159459,0.1323106185,0.007504678364,-0.2817172718,0.07166783285,-0.003589220391,-0.1507978703,0.1734168536,-0.08590469035,-0.1014147685,0.2074695827,0.484620772,-0.1487479151,-0.00561394636,-0.1144840124,0.3095297572,-0.4344886759,-0.8503933847,-0.4134431687,-1.323062983,-0.05224112678,1.77564497,-0.3313937427,-0.3705261114,1.270569515,-2.147923618,0.9947979304,0.8723734527,-2.146103709
#Exudyn explicit time integration (ExplicitEuler) solver solution file
#simulation started=2026-01-27,10:20:10
#columns contain: time, ODE2 displacements, ODE2 velocities, ODE2 accelerations
#number of system coordinates [nODE2, nODE1, nAlgebraic, nData] = [18,0,0,0]
#number of written coordinates [nODE2, nVel2, nAcc2, nODE1, nVel1, nAlgebraic, nData] = [18,18,18,0,0,0,0]
#total columns exported  (excl. time) = 54
#number of time steps (planned) = 200
#Exudyn version = 1.10.0; Python3.11.11; Windows AVX2 FLOAT64
#
#solution information = DogEnv
3.52,0.2213445338,-1.414454642,-0.4524087884,3.144740418,0.004255731452,-1.394096807,0.01859437938,0.003613033576,-0.007587625587,0.003909656295,0.1374000989,-0.3134603914,-0.2803681942,0.1051107882,-0.1571491598,0.2181763039,0.2270508519,-0.1708550202,-0.08100516937,-0.001348171422,-0.004028437623,0.01086874194,-0.04802997877,0.01251610741,0.01389106772,0.08018159459,0.1323106185,0.007504678364,-0.2817172718,0.07166783285,-0.003589220391,-0.1507978703,0.1734168536,-0.08590469035,-0.1014147685,0.2074695827,0.484620772,-0.1487479151,-0.00561394636,-0.1144840124,0.3095297572,-0.4344886759,-0.8503933847,-0.4134431687,-1.323062983,-0.05224112678,1.77564497,-0.3313937427,-0.3705261114,1.270569515,-2.147923618,0.9947979304,0.8723734527,-2.146103709
3.53,0.2205535873,-1.414504628,-0.4524614546,3.144904365,0.003811567181,-1.393987056,0.01872628484,0.004384903306,-0.006317097858,0.00394870494,0.134089233,-0.3118507007,-0.2794403825,0.1025404144,-0.1563555074,0.2133439339,0.22203577,-0.1700652149,-0.07713743337,-0.008755733459,-0.006115276572,0.01784911932,-0.04150327432,0.009787337935,0.01235404366,0.07441721395,0.1220435316,-6.907083765e-05,-0.3343567668,0.1585907834,0.09393048505,-0.291986334,0.07605469174,-0.4748487835,-0.4953906752,0.0734062555,0.4007566522,-0.6846618811,-0.07607695844,-0.11160442,0.4288144136,-0.1982943927,-0.4604201504,-0.5513340369,-1.033710748,-0.3329252242,1.308703304,-2.358385727,-2.111541984,0.1541127463,-1.523740366,4.565663397,4.478614781,-0.6777204747
3.54,0.2198024917,-1.414624207,-0.4525233475,3.145074306,0.003413484314,-1.393898652,0.01881794982,0.005098857298,-0.005150633366,0.003941425907,0.1308031123,-0.3103744739,-0.2786057419,0.09969321529,-0.1556710335,0.2088166216,0.2173030978,-0.1693689606,-0.07300238449,-0.01505597768,-0.006034331452,0.01599121047,-0.03832805552,0.007894234931,0.005383401717,0.0681308582,0.1109916153,-0.001026610669,-0.3232820388,0.1369523965,0.07292799202,-0.2747050286,0.06076976203,-0.4307105281,-0.4510224773,0.06541520008,0.4238751608,-0.5824298866,0.06408253374,-0.2085553837,0.2698445101,-0.1845946001,-0.8053940517,-0.6644943377,-1.128706027,-0.0551131496,0.9897831776,-2.028631058,-2.036939543,2.103186691,-1.49183615,4.248809023,4.311432499,-0.8764617993
#Exudyn explicit time integration (ExplicitEuler) solver solution file
#simulation started=2026-01-27,10:20:10
#columns contain: time, ODE2 displacements, ODE2 velocities, ODE2 accelerations
#number of system coordinates [nODE2, nODE1, nAlgebraic, nData] = [18,0,0,0]
#number of written coordinates [nODE2, nVel2, nAcc2, nODE1, nVel1, nAlgebraic, nData] = [18,18,18,0,0,0,0]
#total columns exported  (excl. time) = 54
#number of time steps (planned) = 200
#Exudyn version = 1.10.0; Python3.11.11; Windows AVX2 FLOAT64
#
#solution information = DogEnv
3.54,0.2198024917,-1.414624207,-0.4525233475,3.145074306,0.003413484314,-1.393898652,0.01881794982,0.005098857298,-0.005150633366,0.003941425907,0.1308031123,-0.3103744739,-0.2786057419,0.09969321529,-0.1556710335,0.2088166216,0.2173030978,-0.1693689606,-0.07300238449,-0.01505597768,-0.006034331452,0.01599121047,-0.03832805552,0.007894234931,0.005383401717,0.0681308582,0.1109916153,-0.001026610669,-0.3232820388,0.1369523965,0.07292799202,-0.2747050286,0.06076976203,-0.4307105281,-0.4510224773,0.06541520008,0.4238751608,-0.5824298866,0.06408253374,-0.2085553837,0.2698445101,-0.1845946001,-0.8053940517,-0.6644943377,-1.128706027,-0.0551131496,0.9897831776,-2.028631058,-2.036939543,2.103186691,-1.49183615,4.248809023,4.311432499,-0.8764617993
3.55,0.2190899212,-1.414823847,-0.4525867221,3.145268832,0.003057971553,-1.393824419,0.01885585911,0.005740687832,-0.004087271361,0.003904820494,0.1271991159,-0.3085341638,-0.277341707,0.09612193735,-0.155825172,0.2021225726,0.2104000075,-0.1697562933,-0.06944438638,-0.02477868503,-0.006367069118,0.01982880368,-0.03329023595,0.007227966362,0.001961589551,0.06033589761,0.1018627543,-0.006865459128,-0.3639711443,0.1737005577,0.1184804167,-0.383290667,-0.01741459967,-0.6469710102,-0.668776333,-0.03981982973,0.3709750252,-0.8808575667,0.05379827164,-0.2085498974,0.3407692549,-0.01463031855,-0.5561734854,-0.755730153,-0.914259368,-0.3241665245,0.6462230858,-3.124635753,-2.984784398,0.8611301187,-1.00219981,6.220887338,6.311009644,0.294696989
3.56,0.2184142243,-1.415112707,-0.45264586,3.145455226,0.00273889972,-1.393753126,0.01884246608,0.00630536931,-0.00311601068,0.003827897643,0.1235878012,-0.3069436815,-0.276301107,0.09239279174,-0.1560482298,0.195952909,0.2040189795,-0.1701447214,-0.06562378855,-0.03284155857,-0.005314744489,0.01737842364,-0.03066749438,0.006986737941,-0.005011111416,0.05248439492,0.09217956023,-0.008197983724,-0.3584014516,0.1447833754,0.08980153787,-0.3598872512,-0.02714953158,-0.5871869228,-0.6075608945,-0.03829465864,0.3910947912,-0.7396039354,0.1372064772,-0.2504593721,0.2306691118,-0.03746193994,-0.7563156284,-0.7829218733,-0.9867499518,-0.08457667252,0.5376630283,-2.702375386,-2.72119963,2.68381661,-0.9253300858,5.731787931,5.883430268,0.04451231249
#Exudyn explicit time integration (ExplicitEuler) solver solution file
#simulation started=2026-01-27,10:20:10
#columns contain: time, ODE2 displacements, ODE2 velocities, ODE2 accelerations
#number of system coordinates [nODE2, nODE1, nAlgebraic, nData] = [18,0,0,0]
#number of written coordinates [nODE2, nVel2, nAcc2, nODE1, nVel1, nAlgebraic, nData] = [18,18,18,0,0,0,0]
#total columns exported  (excl. time) = 54
#number of time steps (planned) = 200
#Exudyn version = 1.10.0; Python3.11.11; Windows AVX2 FLOAT64
#
#solution information = DogEnv
3.56,0.2184142243,-1.415112707,-0.45264586,3.145455226,0.00273889972,-1.393753126,0.01884246608,0.00630536931,-0.00311601068,0.003827897643,0.1235878012,-0.3069436815,-0.276301107,0.09239279174,-0.1560482298,0.195952909,0.2040189795,-0.1701447214,-0.06562378855,-0.03284155857,-0.005314744489,0.01737842364,-0.03066749438,0.006986737941,-0.005011111416,0.05248439492,0.09217956023,-0.008197983724,-0.3584014516,0.1447833754,0.08980153787,-0.3598872512,-0.02714953158,-0.5871869228,-0.6075608945,-0.03829465864,0.3910947912,-0.7396039354,0.1372064772,-0.2504593721,0.2306691118,-0.03746193994,-0.7563156284,-0.7829218733,-0.9867499518,-0.08457667252,0.5376630283,-2.702375386,-2.72119963,2.68381661,-0.9253300858,5.731787931,5.883430268,0.04451231249
3.57,0.2177776015,-1.415476356,-0.4526921698,3.145622505,0.002446957502,-1.39368554,0.01876659542,0.006791891719,-0.00224180125,0.003754469005,0.1202402667,-0.3053207337,-0.2752162168,0.08914877069,-0.1568672186,0.1891388648,0.197014059,-0.1710226937,-0.06169574164,-0.04011266007,-0.00387749614,0.01602971287,-0.02784188823,0.006482459122,-0.01085087843,0.04480402304,0.08254314499,-0.007737682588,-0.329151267,0.1502849013,0.09686787234,-0.3060935873,-0.08559337198,-0.652473338,-0.6713395501,-0.08714694439,0.3922108325,-0.711008733,0.156556092,-0.1967311365,0.254958359,-0.06574776461,-0.7250184974,-0.7197922927,-0.9579545647,-0.1837670733,0.3725166683,-2.924410108,-2.891480575,2.28852174,-0.3226659271,6.430864502,6.526935032,0.3731914397
3.58,0.2171802381,-1.415910547,-0.4527231896,3.145771733,0.002181089462,-1.393624325,0.01862153338,0.007205495835,-0.001463182213,0.003668202044,0.1169675941,-0.3039541611,-0.2743838632,0.08618993968,-0.157737714,0.1829228903,0.1906145853,-0.1718734372,-0.05772090764,-0.04657858108,-0.002321319455,0.01372448146,-0.02531078205,0.00572392344,-0.01823836598,0.03795155464,0.07314950049,-0.009469521421,-0.3251769341,0.1235314055,0.07001162131,-0.2859987102,-0.08838370672,-0.5910497514,-0.6088652929,-0.08282848075,0.4019953306,-0.5843105376,0.1509217858,-0.2423394962,0.2521085644,-0.08355553269,-0.7311093686,-0.6566621639,-0.9203318318,-0.1519054987,0.4591224152,-2.458434127,-2.485925294,1.908054595,-0.2319223983,5.86566642,5.968592926,0.459182929
#Exudyn explicit time integration (ExplicitEuler) solver solution file
#simulation started=2026-01-27,10:20:10
#columns contain: time, ODE2 displacements, ODE2 velocities, ODE2 accelerations
#number of system coordinates [nODE2, nODE1, nAlgebraic, nData] = [18,0,0,0]
#number of written coordinates [nODE2, nVel2, nAcc2, nODE1, nVel1, nAlgebraic, nData] = [18,18,18,0,0,0,0]
#total columns exported  (excl. time) = 54
#number of time steps (planned) = 200
#Exudyn version = 1.10.0; Python3.11.11; Windows AVX2 FLOAT64
#
#solution information = DogEnv
3.58,0.2171802381,-1.415910547,-0.4527231896,3.145771733,0.002181089462,-1.393624325,0.01862153338,0.007205495835,-0.001463182213,0.003668202044,0.1169675941,-0.3039541611,-0.2743838632,0.08618993968,-0.157737714,0.1829228903,0.1906145853,-0.1718734372,-0.05772090764,-0.04657858108,-0.002321319455,0.01372448146,-0.02531078205,0.00572392344,-0.01823836598,0.03795155464,0.07314950049,-0.009469521421,-0.3251769341,0.1235314055,0.07001162131,-0.2859987102,-0.08838370672,-0.5910497514,-0.6088652929,-0.08282848075,0.4019953306,-0.5843105376,0.1509217858,-0.2423394962,0.2521085644,-0.08355553269,-0.7311093686,-0.6566621639,-0.9203318318,-0.1519054987,0.4591224152,-2.458434127,-2.485925294,1.908054595,-0.2319223983,5.86566642,5.968592926,0.459182929
3.59,0.2166267271,-1.416383768,-0.4527352708,3.145862842,0.001936444619,-1.393575206,0.01840429587,0.007560622854,-0.0007797460716,0.003600534071,0.1145575226,-0.3027826931,-0.2737879075,0.08467082589,-0.1589647633,0.177386835,0.1849191008,-0.172751333,-0.05303739364,-0.04859402433,-0.0002147797203,0.007322391373,-0.02337876412,0.003849560912,-0.02606815498,0.03290583184,0.06319785912,-0.005433162857,-0.2238072823,0.1080957311,0.04921306387,-0.1033352389,-0.1269859444,-0.524559814,-0.5398474398,-0.08773150417,0.4509206667,-0.2685442168,0.1633048528,-0.1721287079,0.2435099863,-0.2333312231,-0.8412088299,-0.5011049274,-1.005780102,-0.06505607623,0.5524872603,-1.867064856,-1.922856421,2.42932777,0.4993869754,5.436197239,5.442932451,0.4667755441
3.6,0.216118571,-1.416881947,-0.4527306269,3.145927934,0.001715695469,-1.393548044,0.01810543876,0.007866043237,-0.0001955392502,0.003538978735,0.1123466106,-0.3017890439,-0.2733843003,0.08370333926,-0.1602079771,0.1724008366,0.179779843,-0.1735999059,-0.04855791929,-0.05094749845,0.001048632325,0.005687570305,-0.02069448354,0.001599007431,-0.0335039853,0.02820366773,0.05372013653,-0.007018132365,-0.2181534063,0.09099279241,0.03195273741,-0.09248127564,-0.1215124421,-0.4730136347,-0.4884026369,-0.08165513023,0.4453810668,-0.1994449782,0.09788847237,-0.1615944109,0.2762700134,-0.2118449074,-0.6712575493,-0.4552817328,-0.9018639999,-0.1678438558,0.6208224909,-1.555639821,-1.551027004,0.6487225254,0.5679589274,4.898348294,4.885298531,0.6558377061
#Exudyn explicit time integration (ExplicitEuler) solver solution file
#simulation started=2026-01-27,10:20:10
#columns contain: time, ODE2 displacements, ODE2 velocities, ODE2 accelerations
#number of system coordinates [nODE2, nODE1, nAlgebraic, nData] = [18,0,0,0]
#number of written coordinates [nODE2, nVel2, nAcc2, nODE1, nVel1, nAlgebraic, nData] = [18,18,18,0,0,0,0]
#total columns exported  (excl. time) = 54
#number of time steps (planned) = 200
#Exudyn version = 1.10.0; Python3.11.11; Windows AVX2 FLOAT64
#
#solution information = DogEnv
3.6,0.216118571,-1.416881947,-0.4527306269,3.145927934,0.001715695469,-1.393548044,0.01810543876,0.007866043237,-0.0001955392502,0.003538978735,0.1123466106,-0.3017890439,-0.2733843003,0.08370333926,-0.1602079771,0.1724008366,0.179779843,-0.1735999059,-0.04855791929,-0.05094749845,0.001048632325,0.005687570305,-0.02069448354,0.001599007431,-0.0335039853,0.02820366773,0.05372013653,-0.007018132365,-0.2181534063,0.09099279241,0.03195273741,-0.09248127564,-0.1215124421,-0.4730136347,-0.4884026369,-0.08165513023,0.4453810668,-0.1994449782,0.09788847237,-0.1615944109,0.2762700134,-0.2118449074,-0.6712575493,-0.4552817328,-0.9018639999,-0.1678438558,0.6208224909,-1.555639821,-1.551027004,0.6487225254,0.5679589274,4.898348294,4.885298531,0.6558377061
3.61,0.2156604781,-1.417370075,-0.4527108952,3.145919358,0.001514565223,-1.393547096,0.01773003113,0.00813669919,0.0002943520333,0.00349478898,0.1112731962,-0.3011443968,-0.2733947516,0.08434502257,-0.1613740939,0.169115133,0.1763557754,-0.1740698675,-0.04312904906,-0.04721059856,0.002712763341,-0.003162879871,-0.01913218826,-0.001599335455,-0.04204308669,0.02553879674,0.04391038536,-0.002732658198,-0.08213356057,0.06057599128,-0.007045018321,0.1101768941,-0.1193380288,-0.3049786354,-0.3182447378,-0.04902768352,0.5172145232,0.2737196016,0.09987427224,-0.1192127329,0.2256802351,-0.3363908856,-0.7887960415,-0.3525817944,-0.9921269655,-0.006119067622,0.9738375477,-0.3728703943,-0.4581355374,0.9450517184,1.025142618,3.526839161,3.448452357,0.4974585638
3.62,0.2152544132,-1.417828781,-0.4526804737,3.145884508,0.001335343086,-1.393578637,0.0172765087,0.00837446693,0.0006868114296,0.003462320011,0.1104919813,-0.3005576578,-0.2734840701,0.08544954528,-0.1625150829,0.1662324865,0.173335424,-0.1745307869,-0.03806864875,-0.04450472481,0.003246322159,-0.003675822912,-0.01663997418,-0.004623730219,-0.04827932936,0.0219516175,0.03470849668,-0.003967100424,-0.07437710255,0.05679625588,-0.01052065219,0.1088175776,-0.1087641052,-0.2718838218,-0.2862024404,-0.04299590854,0.4957904712,0.271496766,0.02005373375,-0.02399399743,0.2566871803,-0.2680339071,-0.5116540543,-0.3691814177,-0.8599935172,-0.1515288627,0.706412945,-0.3483385381,-0.2563505029,-0.4844204247,1.041998876,3.121729952,3.015302559,0.6035430662
#Exudyn explicit time integration (ExplicitEuler) solver solution file
#simulation started=2026-01-27,10:20:10
#columns contain: time, ODE2 displacements, ODE2 velocities, ODE2 accelerations
#number of system coordinates [nODE2, nODE1, nAlgebraic, nData] = [18,0,0,0]
#number of written coordinates [nODE2, nVel2, nAcc2, nODE1, nVel1, nAlgebraic, nData] = [18,18,18,0,0,0,0]
#total columns exported  (excl. time) = 54
#number of time steps (planned) = 200
#Exudyn version = 1.10.0; Python3.11.11; Windows AVX2 FLOAT64
#
#solution information = DogEnv
3.62,0.2152544132,-1.417828781,-0.4526804737,3.145884508,0.001335343086,-1.393578637,0.0172765087,0.00837446693,0.0006868114296,0.003462320011,0.1104919813,-0.3005576578,-0.2734840701,0.08544954528,-0.1625150829,0.1662324865,0.173335424,-0.1745307869,-0.03806864875,-0.04450472481,0.003246322159,-0.003675822912,-0.01663997418,-0.004623730219,-0.04827932936,0.0219516175,0.03470849668,-0.003967100424,-0.07437710255,0.05679625588,-0.01052065219,0.1088175776,-0.1087641052,-0.2718838218,-0.2862024404,-0.04299590854,0.4957904712,0.271496766,0.02005373375,-0.02399399743,0.2566871803,-0.2680339071,-0.5116540543,-0.3691814177,-0.8599935172,-0.1515288627,0.706412945,-0.3483385381,-0.2563505029,-0.4844204247,1.041998876,3.121729952,3.015302559,0.6035430662
3.63,0.2149036796,-1.418228581,-0.4526429132,3.145782432,0.001171259255,-1.393641695,0.016754317,0.008585784776,0.0009890255263,0.003439490009,0.1108021243,-0.3004592677,-0.2741218136,0.08782227143,-0.16305214,0.1659021775,0.1728738396,-0.174225211,-0.03211758024,-0.03575337479,0.004110249337,-0.01237688998,-0.0156709248,-0.008016388439,-0.05594619345,0.01983329043,0.0255718574,-0.0009780380815,0.05827137383,0.01127310003,-0.06435249935,0.2647620592,-0.05513360768,-0.01917214345,-0.03189488124,0.02569648298,0.5687033108,0.7828455089,0.02669820521,-0.03591240529,0.1880220024,-0.3111030056,-0.5714356618,-0.3502084493,-0.8908758798,-0.01556348565,1.214484201,1.223239138,1.183190068,-0.8632292718,0.9283106818,0.886055692,0.7706651641,0.1540314425
3.64,0.2146100472,-1.418548614,-0.4526020057,3.145661114,0.001024791233,-1.393735547,0.01617320062,0.00876574799,0.001203296974,0.003424642139,0.1114264182,-0.3002921597,-0.2747068915,0.09041266802,-0.1635566157,0.1657507323,0.1725880794,-0.173957559,-0.02661240515,-0.02829332205,0.003953635625,-0.01165182746,-0.01355114156,-0.01062229393,-0.0598386589,0.0160405557,0.01743711264,-0.002197419981,0.06561868147,0.02182245755,-0.05258910846,0.252789306,-0.04574160666,-0.0113197459,-0.02551784752,0.02784860989,0.5334024559,0.7130577388,-0.04447565257,0.1177525483,0.2210939368,-0.2158818248,-0.2725236373,-0.4010065161,-0.7479431176,-0.1553115945,0.5035449212,0.9487606255,1.158902861,-1.259907419,0.9058242489,0.7101050464,0.5604638155,0.1947942163
#Exudyn explicit time integration (ExplicitEuler) solver solution file
#simulation started=2026-01-27,10:20:10
#columns contain: time, ODE2 displacements, ODE2 velocities, ODE2 accelerations
#number of system coordinates [nODE2, nODE1, nAlgebraic, nData] = [18,0,0,0]
#number of written coordinates [nODE2, nVel2, nAcc2, nODE1, nVel1, nAlgebraic, nData] = [18,18,18,0,0,0,0]
#total columns exported  (excl. time) = 54
#number of time steps (planned) = 200
#Exudyn version = 1.10.0; Python3.11.11; Windows AVX2 FLOAT64
#
#solution information = DogEnv
3.64,0.2146100472,-1.418548614,-0.4526020057,3.145661114,0.001024791233,-1.393735547,0.01617320062,0.00876574799,0.001203296974,0.003424642139,0.1114264182,-0.3002921597,-0.2747068915,0.09041266802,-0.1635566157,0.1657507323,0.1725880794,-0.173957559,-0.02661240515,-0.02829332205,0.003953635625,-0.01165182746,-0.01355114156,-0.01062229393,-0.0598386589,0.0160405557,0.01743711264,-0.002197419981,0.06561868147,0.02182245755,-0.05258910846,0.252789306,-0.04574160666,-0.0113197459,-0.02551784752,0.02784860989,0.5334024559,0.7130577388,-0.04447565257,0.1177525483,0.2210939368,-0.2158818248,-0.2725236373,-0.4010065161,-0.7479431176,-0.1553115945,0.5035449212,0.9487606255,1.158902861,-1.259907419,0.9058242489,0.7101050464,0.5604638155,0.1947942163
3.65,0.2143751149,-1.41876747,-0.4525605106,3.14548807,0.0008891239877,-1.393854981,0.01554536354,0.008914821692,0.001338927678,0.00341099593,0.1129904915,-0.3006464904,-0.2758525472,0.09387861347,-0.163133438,0.1685021895,0.1752109015,-0.1727218605,-0.02038787576,-0.01557970675,0.004240248411,-0.01899211608,-0.01299828428,-0.01317497776,-0.06513068641,0.01332332026,0.009723062139,-0.000700660496,0.1817316521,-0.02864564642,-0.1092305065,0.3586721287,0.03999072017,0.276623115,0.2640545432,0.1159311172,0.5961703129,1.185934455,-0.01878411135,0.05700552551,0.1673743845,-0.2023452189,-0.2895167969,-0.4148070757,-0.7168531393,-0.07535641799,1.044824709,2.615345906,2.67008168,-1.836107144,0.353271684,-1.916825408,-2.034498621,-0.4126503276
3.66,0.2141999457,-1.418866808,-0.4525203207,3.145305799,0.0007683247582,-1.393994986,0.01488541964,0.009026367918,0.001403100638,0.003396980758,0.1148334394,-0.3008140734,-0.2768167512,0.09737970626,-0.1627154833,0.1711744875,0.1777500505,-0.1715812483,-0.01466684774,-0.004391767768,0.003697252483,-0.01718266472,-0.01109508541,-0.01468884675,-0.06647797345,0.008864911231,0.003261468021,-0.002272418502,0.1853691489,-0.005480595522,-0.0837748061,0.341916634,0.04357611104,0.2578052731,0.2436652046,0.1121296379,0.5491956452,1.055823578,-0.07725440845,0.2320665662,0.1993385486,-0.1094729642,-0.04146959023,-0.4636377456,-0.586200864,-0.1851007361,0.02872597452,2.094302577,2.420094592,-1.556001533,0.3339833432,-1.829236116,-1.993256712,-0.3939320618
#Exudyn explicit time integration (ExplicitEuler) solver solution file
#simulation started=2026-01-27,10:20:10
#columns contain: time, ODE2 displacements, ODE2 velocities, ODE2 accelerations
#number of system coordinates [nODE2, nODE1, nAlgebraic, nData] = [18,0,0,0]
#number of written coordinates [nODE2, nVel2, nAcc2, nODE1, nVel1, nAlgebraic, nData] = [18,18,18,0,0,0,0]
#total columns exported  (excl. time) = 54
#number of time steps (planned) = 200
#Exudyn version = 1.10.0; Python3.11.11; Windows AVX2 FLOAT64
#
#solution information = DogEnv
3.66,0.2141999457,-1.418866808,-0.4525203207,3.145305799,0.0007683247582,-1.393994986,0.01488541964,0.009026367918,0.001403100638,0.003396980758,0.1148334394,-0.3008140734,-0.2768167512,0.09737970626,-0.1627154833,0.1711744875,0.1777500505,-0.1715812483,-0.01466684774,-0.004391767768,0.003697252483,-0.01718266472,-0.01109508541,-0.01468884675,-0.06647797345,0.008864911231,0.003261468021,-0.002272418502,0.1853691489,-0.005480595522,-0.0837748061,0.341916634,0.04357611104,0.2578052731,0.2436652046,0.1121296379,0.5491956452,1.055823578,-0.07725440845,0.2320665662,0.1993385486,-0.1094729642,-0.04146959023,-0.4636377456,-0.586200864,-0.1851007361,0.02872597452,2.094302577,2.420094592,-1.556001533,0.3339833432,-1.829236116,-1.993256712,-0.3939320618
3.67,0.2140840839,-1.418836131,-0.4524832378,3.145094364,0.0006584805272,-1.394148931,0.01420731963,0.009099182475,0.001406270847,0.00337546512,0.1173838628,-0.3012896548,-0.2781007495,0.1014220244,-0.161378812,0.1760335731,0.1824817724,-0.1695516085,-0.008523689771,0.01043514345,0.003654330821,-0.02197322792,-0.01037094923,-0.01597116604,-0.06862561597,0.005309512722,-0.00252282116,-0.002221737637,0.2737759545,-0.03593704485,-0.1173110572,0.4076030537,0.1292451142,0.4755869442,0.4629256432,0.193759425,0.5861109431,1.388300812,-0.03796225556,0.1543019132,0.1699610281,-0.07639259271,-0.04053092299,-0.4686145444,-0.5210894019,-0.1490432401,0.4388599687,3.302490752,3.488231173,-1.925038605,-0.3392113091,-3.804593796,-3.923395379,-0.9567530395
3.68,0.2140269284,-1.41866601,-0.4524495065,3.144886382,0.000563800806,-1.394311051,0.01352264761,0.009128333813,0.001357110918,0.003343918621,0.1201189813,-0.3014980135,-0.2791079449,0.1054124522,-0.1601023349,0.1806054081,0.1869195296,-0.1676603338,-0.002942983067,0.02343191474,0.003019089652,-0.01937967943,-0.008516640023,-0.01634096382,-0.0680624984,0.0004357465257,-0.00718708128,-0.00419684562,0.271823191,-0.006487258666,-0.08447512572,0.3909770044,0.1260291002,0.4388788744,0.4246434836,0.1844181643,0.5312032046,1.215595062,-0.07901480809,0.3004325202,0.1908556387,-0.005596350543,0.1119502248,-0.4930538602,-0.4183823801,-0.2131059868,-0.4958607644,2.660075101,3.084015108,-1.524720547,-0.321645791,-3.52980376,-3.695489057,-0.9288163926
#Exudyn explicit time integration (ExplicitEuler) solver solution file
#simulation started=2026-01-27,10:20:10
#columns contain: time, ODE2 displacements, ODE2 velocities, ODE2 accelerations
#number of system coordinates [nODE2, nODE1, nAlgebraic, nData] = [18,0,0,0]
#number of written coordinates [nODE2, nVel2, nAcc2, nODE1, nVel1, nAlgebraic, nData] = [18,18,18,0,0,0,0]
#total columns exported  (excl. time) = 54
#number of time steps (planned) = 200
#Exudyn version = 1.10.0; Python3.11.11; Windows AVX2 FLOAT64
#
#solution information = DogEnv
3.68,0.2140269284,-1.41866601,-0.4524495065,3.144886382,0.000563800806,-1.394311051,0.01352264761,0.009128333813,0.001357110918,0.003343918621,0.1201189813,-0.3014980135,-0.2791079449,0.1054124522,-0.1601023349,0.1806054081,0.1869195296,-0.1676603338,-0.002942983067,0.02343191474,0.003019089652,-0.01937967943,-0.008516640023,-0.01634096382,-0.0680624984,0.0004357465257,-0.00718708128,-0.00419684562,0.271823191,-0.006487258666,-0.08447512572,0.3909770044,0.1260291002,0.4388788744,0.4246434836,0.1844181643,0.5312032046,1.215595062,-0.07901480809,0.3004325202,0.1908556387,-0.005596350543,0.1119502248,-0.4930538602,-0.4183823801,-0.2131059868,-0.4958607644,2.660075101,3.084015108,-1.524720547,-0.321645791,-3.52980376,-3.695489057,-0.9288163926
3.69,0.2140256816,-1.418358935,-0.452420706,3.144676588,0.0004835146977,-1.394475504,0.01284397122,0.009112922189,0.001265353987,0.003297796568,0.1232720334,-0.3016157115,-0.2800114018,0.1096816622,-0.1583003977,0.185746193,0.1919246836,-0.1652913961,0.002641282283,0.0377279394,0.002707821316,-0.02065347042,-0.007261326715,-0.01644270077,-0.06750139717,-0.003779538583,-0.01109007107,-0.005273246393,0.323963232,0.00203042444,-0.07574445465,0.4260247791,0.1744701511,0.4970280552,0.4831914765,0.2278767848,0.5269537422,1.317268253,-0.04768316507,0.2435383508,0.1763858085,0.02426337242,0.1161444539,-0.4770233633,-0.3497331955,-0.1986521451,-0.3638225625,2.929057921,3.283820293,-1.672698584,-0.7259296772,-3.990123399,-4.119861541,-1.221923881
3.7,0.214077212,-1.417919617,-0.4523964013,3.144484202,0.000419901223,-1.39463788,0.01217618231,0.009051475784,0.001138515356,0.003234531337,0.1264805887,-0.3014614075,-0.2806136084,0.1138642471,-0.1565905359,0.1905238895,0.1965568101,-0.1630720276,0.007619237721,0.04994779209,0.002121642898,-0.01769539643,-0.005431818985,-0.01595466052,-0.06594017952,-0.008538589911,-0.0141779691,-0.007425533491,0.3169606654,0.02812072954,-0.0451194887,0.4106855754,0.1674916152,0.4586293697,0.4433167968,0.2159516301,0.4697089611,1.130951224,-0.06374621536,0.3116244827,0.1845954536,0.06880068348,0.1796169301,-0.4673555464,-0.270906127,-0.2176891122,-0.8480712635,2.337928179,2.847228848,-1.460520254,-0.6831240409,-3.690913473,-3.837630915,-1.169367942
#Exudyn explicit time integration (ExplicitEuler) solver solution file
#simulation started=2026-01-27,10:20:10
#columns contain: time, ODE2 displacements, ODE2 velocities, ODE2 accelerations
#number of system coordinates [nODE2, nODE1, nAlgebraic, nData] = [18,0,0,0]
#number of written coordinates [nODE2, nVel2, nAcc2, nODE1, nVel1, nAlgebraic, nData] = [18,18,18,0,0,0,0]
#total columns exported  (excl. time) = 54
#number of time steps (planned) = 200
#Exudyn version = 1.10.0; Python3.11.11; Windows AVX2 FLOAT64
#
#solution information = DogEnv
3.7,0.214077212,-1.417919617,-0.4523964013,3.144484202,0.000419901223,-1.39463788,0.01217618231,0.009051475784,0.001138515356,0.003234531337,0.1264805887,-0.3014614075,-0.2806136084,0.1138642471,-0.1565905359,0.1905238895,0.1965568101,-0.1630720276,0.007619237721,0.04994779209,0.002121642898,-0.01769539643,-0.005431818985,-0.01595466052,-0.06594017952,-0.008538589911,-0.0141779691,-0.007425533491,0.3169606654,0.02812072954,-0.0451194887,0.4106855754,0.1674916152,0.4586293697,0.4433167968,0.2159516301,0.4697089611,1.130951224,-0.06374621536,0.3116244827,0.1845954536,0.06880068348,0.1796169301,-0.4673555464,-0.270906127,-0.2176891122,-0.8480712635,2.337928179,2.847228848,-1.460520254,-0.6831240409,-3.690913473,-3.837630915,-1.169367942
3.71,0.2141763784,-1.417363699,-0.4523793595,3.144317747,0.0003757255821,-1.394793831,0.01152804069,0.008944534013,0.0009857056682,0.00315251943,0.1297723218,-0.3008163325,-0.2806842523,0.1180688725,-0.1548033158,0.1939790644,0.1998534946,-0.1608159007,0.01212297194,0.06079033835,0.001322271363,-0.0151363263,-0.00344725118,-0.01517057201,-0.06376542481,-0.01294026041,-0.01640458274,-0.009170306575,0.3268817329,0.07608455734,0.007234991808,0.4154738586,0.1736260578,0.3294209013,0.3129708013,0.2181857749,0.4178917676,0.9653623164,-0.06620467528,0.2984151507,0.1805497212,0.09347499105,0.1956462102,-0.4335794253,-0.2089717659,-0.2071181265,-1.050586418,1.541290644,2.111903386,-1.585419318,-0.7776827983,-2.418040758,-2.539988308,-1.232375476
3.72,0.2143174111,-1.416710785,-0.4523690129,3.144180482,0.0003500042716,-1.394940509,0.01090008252,0.008794223846,0.000812320762,0.003050691941,0.1329899341,-0.2999855318,-0.2805136979,0.1221459534,-0.15310477,0.197156356,0.2028609584,-0.1586933915,0.01603514032,0.06960660147,0.0007786939474,-0.01235021057,-0.001693304941,-0.0141173588,-0.0617984707,-0.01710336943,-0.01819020741,-0.01119641399,0.3166308369,0.08959051054,0.02645367711,0.3999029486,0.1660541455,0.3060690711,0.2886089356,0.2063320611,0.365346613,0.800915505,-0.04383947903,0.2611821251,0.1716318391,0.115798289,0.1997741799,-0.3979191661,-0.149294095,-0.1963443092,-1.000643293,1.168918714,1.742325347,-1.52250804,-0.7458029895,-2.258268373,-2.34067258,-1.148271743
#Exudyn explicit time integration (ExplicitEuler) solver solution file
#simulation started=2026-01-27,10:20:10
#columns contain: time, ODE2 displacements, ODE2 velocities, ODE2 accelerations
#number of system coordinates [nODE2, nODE1, nAlgebraic, nData] = [18,0,0,0]
#number of written coordinates [nODE2, nVel2, nAcc2, nODE1, nVel1, nAlgebraic, nData] = [18,18,18,0,0,0,0]
#total columns exported  (excl. time) = 54
#number of time steps (planned) = 200
#Exudyn version = 1.10.0; Python3.11.11; Windows AVX2 FLOAT64
#
#solution information = DogEnv
3.72,0.2143174111,-1.416710785,-0.4523690129,3.144180482,0.0003500042716,-1.394940509,0.01090008252,0.008794223846,0.000812320762,0.003050691941,0.1329899341,-0.2999855318,-0.2805136979,0.1221459534,-0.15310477,0.197156356,0.2028609584,-0.1586933915,0.01603514032,0.06960660147,0.0007786939474,-0.01235021057,-0.001693304941,-0.0141173588,-0.0617984707,-0.01710336943,-0.01819020741,-0.01119641399,0.3166308369,0.08959051054,0.02645367711,0.3999029486,0.1660541455,0.3060690711,0.2886089356,0.2063320611,0.365346613,0.800915505,-0.04383947903,0.2611821251,0.1716318391,0.115798289,0.1997741799,-0.3979191661,-0.149294095,-0.1963443092,-1.000643293,1.168918714,1.742325347,-1.52250804,-0.7458029895,-2.258268373,-2.34067258,-1.148271743
3.73,0.2144936944,-1.415985219,-0.452368163,3.144087477,0.0003484979824,-1.395074937,0.01029738461,0.008603703539,0.0006275763665,0.002930254499,0.1359748803,-0.2985157748,-0.2796253794,0.1259679278,-0.1515260401,0.1978741923,0.2033962769,-0.156730361,0.01912095945,0.07502336475,-0.0004781376989,-0.007121220909,0.001022569389,-0.01273009327,-0.05890020481,-0.02100045299,-0.01890182245,-0.01301602639,0.2881324372,0.1521488586,0.09868244186,0.3720543861,0.1544267541,0.06353403425,0.04460287582,0.1908458399,0.2805228544,0.4439300524,-0.07740279285,0.2833771988,0.1821643681,0.1418580388,0.2353542323,-0.3545392689,-0.08976065106,-0.1833019198,-1.390795379,-0.229933649,0.51411364,-1.673582138,-0.7857441822,-0.002622528395,-0.06467879826,-1.190996363
3.74,0.2146980791,-1.415214961,-0.4523755641,3.144027441,0.0003668728625,-1.39519515,0.009719258192,0.008376817819,0.0004346186264,0.002791409866,0.1387957258,-0.2970062795,-0.2786181724,0.1296060778,-0.1500205402,0.1985087442,0.2038404015,-0.1548787613,0.02171085156,0.07887268014,-0.0009085281934,-0.005049453758,0.00261110275,-0.01129089829,-0.0567475081,-0.02434222008,-0.01963972958,-0.01473683786,0.2764352214,0.1495630114,0.1023538349,0.3555264379,0.1466115164,0.06328454937,0.04426072124,0.1795364293,0.2379365176,0.3275963301,-0.01767626629,0.1649845215,0.1452297697,0.1459525717,0.2064134865,-0.3138144747,-0.05630170861,-0.1626069386,-1.057033382,-0.3182937027,0.2445179871,-1.610332465,-0.7766953416,-0.0536809899,-0.03208617985,-1.085069615
#Exudyn explicit time integration (ExplicitEuler) solver solution file
#simulation started=2026-01-27,10:20:10
#columns contain: time, ODE2 displacements, ODE2 velocities, ODE2 accelerations
#number of system coordinates [nODE2, nODE1, nAlgebraic, nData] = [18,0,0,0]
#number of written coordinates [nODE2, nVel2, nAcc2, nODE1, nVel1, nAlgebraic, nData] = [18,18,18,0,0,0,0]
#total columns exported  (excl. time) = 54
#number of time steps (planned) = 200
#Exudyn version = 1.10.0; Python3.11.11; Windows AVX2 FLOAT64
#
#solution information = DogEnv
3.74,0.2146980791,-1.415214961,-0.4523755641,3.144027441,0.0003668728625,-1.39519515,0.009719258192,0.008376817819,0.0004346186264,0.002791409866,0.1387957258,-0.2970062795,-0.2786181724,0.1296060778,-0.1500205402,0.1985087442,0.2038404015,-0.1548787613,0.02171085156,0.07887268014,-0.0009085281934,-0.005049453758,0.00261110275,-0.01129089829,-0.0567475081,-0.02434222008,-0.01963972958,-0.01473683786,0.2764352214,0.1495630114,0.1023538349,0.3555264379,0.1466115164,0.06328454937,0.04426072124,0.1795364293,0.2379365176,0.3275963301,-0.01767626629,0.1649845215,0.1452297697,0.1459525717,0.2064134865,-0.3138144747,-0.05630170861,-0.1626069386,-1.057033382,-0.3182937027,0.2445179871,-1.610332465,-0.7766953416,-0.0536809899,-0.03208617985,-1.085069615
3.75,0.2149238868,-1.414425606,-0.4523923796,3.144014274,0.0004115381223,-1.395299459,0.009168676754,0.008119115995,0.0002419999554,0.002637594681,0.1411542696,-0.2949713714,-0.2769747219,0.1327502089,-0.148507022,0.1965847694,0.2017284653,-0.1530653147,0.02337230894,0.07864278632,-0.002257364374,0.0007613816843,0.00571128407,-0.009543807789,-0.05355283485,-0.0272505222,-0.01914203839,-0.01616317407,0.2215550623,0.2011652273,0.1674989561,0.2997059085,0.1485930896,-0.1900179797,-0.2093072787,0.1768600755,0.1465690283,-0.07868590294,-0.0650265958,0.1979307087,0.1655862762,0.1726116647,0.2540895088,-0.2702935684,-0.0008479319106,-0.1470272676,-1.422530406,-1.686799077,-0.9552685253,-1.715425886,-1.038574737,2.240036366,2.270193687,-1.323213222
3.76,0.2151643513,-1.413644063,-0.4524165142,3.144028116,0.0004753287012,-1.395386544,0.008644546762,0.007833677336,5.043730923e-05,0.002469015579,0.1433086109,-0.2930395345,-0.2753506556,0.1356649421,-0.147072425,0.1947916316,0.1997461952,-0.1513599838,0.02468189514,0.07755554489,-0.00244211727,0.001797963059,0.006960572358,-0.007875326629,-0.05132545731,-0.02980647688,-0.01916213144,-0.01753247463,0.2097490895,0.1852480115,0.1569537721,0.2833020107,0.1382668935,-0.1688053465,-0.187196548,0.1642868561,0.1155664675,-0.1381354492,0.01417522852,0.0555684789,0.1020581909,0.1611888922,0.2061589579,-0.2372467296,0.002596773496,-0.1263939292,-1.058970644,-1.550125461,-1.115980808,-1.573879454,-1.017006908,1.998529126,2.117648611,-1.201851988
#Exudyn explicit time integration (ExplicitEuler) solver solution file
#simulation started=2026-01-27,10:20:10
#columns contain: time, ODE2 displacements, ODE2 velocities, ODE2 accelerations
#number of system coordinates [nODE2, nODE1, nAlgebraic, nData] = [18,0,0,0]
#number of written coordinates [nODE2, nVel2, nAcc2, nODE1, nVel1, nAlgebraic, nData] = [18,18,18,0,0,0,0]
#total columns exported  (excl. time) = 54
#number of time steps (planned) = 200
#Exudyn version = 1.10.0; Python3.11.11; Windows AVX2 FLOAT64
#
#solution information = DogEnv
3.76,0.2151643513,-1.413644063,-0.4524165142,3.144028116,0.0004753287012,-1.395386544,0.008644546762,0.007833677336,5.043730923e-05,0.002469015579,0.1433086109,-0.2930395345,-0.2753506556,0.1356649421,-0.147072425,0.1947916316,0.1997461952,-0.1513599838,0.02468189514,0.07755554489,-0.00244211727,0.001797963059,0.006960572358,-0.007875326629,-0.05132545731,-0.02980647688,-0.01916213144,-0.01753247463,0.2097490895,0.1852480115,0.1569537721,0.2833020107,0.1382668935,-0.1688053465,-0.187196548,0.1642868561,0.1155664675,-0.1381354492,0.01417522852,0.0555684789,0.1020581909,0.1611888922,0.2061589579,-0.2372467296,0.002596773496,-0.1263939292,-1.058970644,-1.550125461,-1.115980808,-1.573879454,-1.017006908,1.998529126,2.117648611,-1.201851988
3.77,0.2154141807,-1.412889091,-0.4524471323,3.144075287,0.0005616171051,-1.395456361,0.008147497015,0.007526843828,-0.0001343248454,0.002290381425,0.1449250919,-0.2907831835,-0.2732950506,0.1380044683,-0.1452380253,0.1909436637,0.1957289757,-0.1492917272,0.02523314823,0.07324292794,-0.003472762976,0.006046384104,0.009645145525,-0.006075310164,-0.04827513813,-0.03170213474,-0.01810057825,-0.01838742654,0.147600402,0.2180518312,0.2023575755,0.2181704368,0.1788078024,-0.372886255,-0.3899324146,0.2009047943,0.04320319213,-0.4482498021,-0.0313829242,0.07911836985,0.1168262365,0.1746556215,0.2427604158,-0.1946118419,0.04091048643,-0.106850671,-1.217903196,-2.505346718,-1.996752054,-1.559231368,-1.653456135,3.846587324,3.957097889,-1.790426968
3.78,0.2156682975,-1.412179051,-0.45248177,3.14413686,0.0006622607923,-1.395508822,0.007675589311,0.007200484003,-0.0003137247462,0.002101498611,0.1463478846,-0.2887216728,-0.2713719979,0.1401135813,-0.1435306262,0.1873989852,0.1920209477,-0.1473687573,0.02555766401,0.06869848276,-0.003327927729,0.006101812124,0.01038920877,-0.004436509048,-0.04616277432,-0.03353841188,-0.01779395069,-0.01936188552,0.1372844739,0.1943744852,0.1819943095,0.2038212511,0.1626729891,-0.336321791,-0.3518419455,0.1837841072,0.02180233802,-0.4606812569,0.04561595731,-0.03013119982,0.05117487383,0.1531290473,0.1933630985,-0.1662232632,0.02829396509,-0.08522039017,-0.9347621186,-2.276539998,-2.037727826,-1.353270774,-1.562071874,3.46673577,3.636016533,-1.636002307
#Exudyn explicit time integration (ExplicitEuler) solver solution file
#simulation started=2026-01-27,10:20:10
#columns contain: time, ODE2 displacements, ODE2 velocities, ODE2 accelerations
#number of system coordinates [nODE2, nODE1, nAlgebraic, nData] = [18,0,0,0]
#number of written coordinates [nODE2, nVel2, nAcc2, nODE1, nVel1, nAlgebraic, nData] = [18,18,18,0,0,0,0]
#total columns exported  (excl. time) = 54
#number of time steps (planned) = 200
#Exudyn version = 1.10.0; Python3.11.11; Windows AVX2 FLOAT64
#
#solution information = DogEnv
3.78,0.2156682975,-1.412179051,-0.45248177,3.14413686,0.0006622607923,-1.395508822,0.007675589311,0.007200484003,-0.0003137247462,0.002101498611,0.1463478846,-0.2887216728,-0.2713719979,0.1401135813,-0.1435306262,0.1873989852,0.1920209477,-0.1473687573,0.02555766401,0.06869848276,-0.003327927729,0.006101812124,0.01038920877,-0.004436509048,-0.04616277432,-0.03353841188,-0.01779395069,-0.01936188552,0.1372844739,0.1943744852,0.1819943095,0.2038212511,0.1626729891,-0.336321791,-0.3518419455,0.1837841072,0.02180233802,-0.4606812569,0.04561595731,-0.03013119982,0.05117487383,0.1531290473,0.1933630985,-0.1662232632,0.02829396509,-0.08522039017,-0.9347621186,-2.276539998,-2.037727826,-1.353270774,-1.562071874,3.46673577,3.636016533,-1.636002307
3.79,0.2159239053,-1.411519249,-0.4525167626,3.144205988,0.0007741348562,-1.39554591,0.007225833861,0.006859884263,-0.000486915671,0.001906528221,0.1474149092,-0.2865547817,-0.2692856299,0.1418592578,-0.1411433243,0.1827175124,0.187203271,-0.1447648207,0.02552103716,0.06313208359,-0.003523857926,0.007153736257,0.01162023061,-0.003003363716,-0.04392081631,-0.03468347943,-0.01706409077,-0.01977707515,0.09799959273,0.206894003,0.2006530458,0.1641059515,0.2297875035,-0.4497957995,-0.4630174656,0.2505540004,-0.01329316331,-0.561176498,0.02722998753,-0.02349999308,0.04445510546,0.1334132426,0.1921070258,-0.1151822501,0.03348099352,-0.05662754413,-0.8116624978,-2.651028998,-2.439224038,-1.208891349,-2.331813693,4.537646294,4.691266368,-2.39163476
3.8,0.2161781787,-1.41091558,-0.4525496491,3.144275335,0.0008917716763,-1.395569699,0.006795587692,0.006507830391,-0.0006560272529,0.001706338922,0.1483581498,-0.284613438,-0.267398994,0.1434441729,-0.1389579676,0.1784365926,0.1827981267,-0.1423742842,0.02530364313,0.05755829414,-0.0029738964,0.006651961231,0.01185801739,-0.001778411332,-0.04214859213,-0.03567880522,-0.01675724223,-0.02022125274,0.0907879777,0.1814459567,0.1765801145,0.1530213707,0.2073739557,-0.4067134146,-0.4183104343,0.2276726122,-0.02995013759,-0.5536054811,0.07286061161,-0.06224475541,0.01152029153,0.1117428842,0.1681935804,-0.08094764052,0.0312845144,-0.03076270042,-0.6723596072,-2.451857142,-2.355476472,-1.043522663,-2.146864231,4.085613887,4.247345843,-2.186042186
#Exudyn explicit time integration (ExplicitEuler) solver solution file
#simulation started=2026-01-27,10:20:11
#columns contain: time, ODE2 displacements, ODE2 velocities, ODE2 accelerations
#number of system coordinates [nODE2, nODE1, nAlgebraic, nData] = [18,0,0,0]
#number of written coordinates [nODE2, nVel2, nAcc2, nODE1, nVel1, nAlgebraic, nData] = [18,18,18,0,0,0,0]
#total columns exported  (excl. time) = 54
#number of time steps (planned) = 200
#Exudyn version = 1.10.0; Python3.11.11; Windows AVX2 FLOAT64
#
#solution information = DogEnv
3.8,0.2161781787,-1.41091558,-0.4525496491,3.144275335,0.0008917716763,-1.395569699,0.006795587692,0.006507830391,-0.0006560272529,0.001706338922,0.1483581498,-0.284613438,-0.267398994,0.1434441729,-0.1389579676,0.1784365926,0.1827981267,-0.1423742842,0.02530364313,0.05755829414,-0.0029738964,0.006651961231,0.01185801739,-0.001778411332,-0.04214859213,-0.03567880522,-0.01675724223,-0.02022125274,0.0907879777,0.1814459567,0.1765801145,0.1530213707,0.2073739557,-0.4067134146,-0.4183104343,0.2276726122,-0.02995013759,-0.5536054811,0.07286061161,-0.06224475541,0.01152029153,0.1117428842,0.1681935804,-0.08094764052,0.0312845144,-0.03076270042,-0.6723596072,-2.451857142,-2.355476472,-1.043522663,-2.146864231,4.085613887,4.247345843,-2.186042186
3.81,0.216431067,-1.410358116,-0.4525746563,3.144322689,0.001005819878,-1.395583848,0.006379231621,0.00614811573,-0.0008243330069,0.00150256245,0.1493444308,-0.2827862033,-0.2656396351,0.1450953657,-0.1360653412,0.1741884648,0.1784471874,-0.1392345114,0.02521892749,0.0537676455,-0.002002148858,0.003875813442,0.01113479656,-0.001113303463,-0.04110383824,-0.03616892716,-0.01689707897,-0.02044287057,0.09933169568,0.173381028,0.1656101065,0.1640139313,0.2756396547,-0.404381252,-0.4137463687,0.2994413624,-0.02127883171,-0.4002905926,0.09779254339,-0.08013037455,-0.02092584896,0.05405561478,0.1253573353,-0.01417425247,0.004335271039,0.008690052928,-0.269824727,-2.19361395,-2.204557336,-0.8334144889,-2.717408598,4.149667409,4.301047063,-2.806239176
3.82,0.2166818981,-1.409840401,-0.4525899677,3.144358751,0.001116618484,-1.395592474,0.005974801398,0.005786460657,-0.0009925864108,0.00129908269,0.1503217356,-0.2811604766,-0.2640896252,0.1466951848,-0.1334393528,0.170342409,0.1745140431,-0.1363749972,0.02491479422,0.04972256645,-0.001065466395,0.003407373571,0.01104524848,-0.0006237127065,-0.03974338226,-0.03609925458,-0.01671500519,-0.02020788476,0.09591967328,0.1516993466,0.1444646184,0.1559554068,0.2496987908,-0.3651770871,-0.3732807388,0.272580083,-0.03898086305,-0.4078271541,0.08906273822,-0.03086067503,-0.005926610036,0.04403519487,0.1417840131,0.02400481658,0.02750815375,0.03519203772,-0.3828053781,-2.110802158,-2.032650418,-0.7853410973,-2.476551726,3.705542437,3.816237031,-2.571636205
#Exudyn explicit time integration (ExplicitEuler) solver solution file
#simulation started=2026-01-27,10:20:11
#columns contain: time, ODE2 displacements, ODE2 velocities, ODE2 accelerations
#number of system coordinates [nODE2, nODE1, nAlgebraic, nData] = [18,0,0,0]
#number of written coordinates [nODE2, nVel2, nAcc2, nODE1, nVel1, nAlgebraic, nData] = [18,18,18,0,0,0,0]
#total columns exported  (excl. time) = 54
#number of time steps (planned) = 200
#Exudyn version = 1.10.0; Python3.11.11; Windows AVX2 FLOAT64
#
#solution information = DogEnv
3.82,0.2166818981,-1.409840401,-0.4525899677,3.144358751,0.001116618484,-1.395592474,0.005974801398,0.005786460657,-0.0009925864108,0.00129908269,0.1503217356,-0.2811604766,-0.2640896252,0.1466951848,-0.1334393528,0.170342409,0.1745140431,-0.1363749972,0.02491479422,0.04972256645,-0.001065466395,0.003407373571,0.01104524848,-0.0006237127065,-0.03974338226,-0.03609925458,-0.01671500519,-0.02020788476,0.09591967328,0.1516993466,0.1444646184,0.1559554068,0.2496987908,-0.3651770871,-0.3732807388,0.272580083,-0.03898086305,-0.4078271541,0.08906273822,-0.03086067503,-0.005926610036,0.04403519487,0.1417840131,0.02400481658,0.02750815375,0.03519203772,-0.3828053781,-2.110802158,-2.032650418,-0.7853410973,-2.476551726,3.705542437,3.816237031,-2.571636205
3.83,0.2169325774,-1.409341894,-0.4525902603,3.14434938,0.001212318582,-1.395599445,0.005577140801,0.005425647194,-0.001164746697,0.001094673471,0.1517340469,-0.279871645,-0.2629491875,0.148716957,-0.1301579148,0.1678070754,0.1718990807,-0.1328207272,0.02516108821,0.04980207232,0.0009020482058,-0.002715348733,0.008842785005,-0.0008331602813,-0.03955893297,-0.03575072927,-0.01743817395,-0.02027530324,0.1516201629,0.1220899408,0.1041429758,0.2076873997,0.3116730339,-0.2361301253,-0.2428876383,0.3375912931,0.008064446316,-0.03743331121,0.1498799701,-0.09631010648,-0.05109315578,-0.02685609153,0.08708305565,0.09646257557,-0.001468298678,0.07645319653,0.3076378104,-1.193910763,-1.329059793,-0.5611803931,-2.789810605,2.62491294,2.737616425,-2.938394458
3.84,0.2171841806,-1.408846656,-0.4525750728,3.144321299,0.001299515732,-1.395608952,0.005186849763,0.005073452556,-0.001338411142,0.000896148629,0.1532531217,-0.2787140231,-0.2619699388,0.1507659108,-0.1271754615,0.1655695252,0.1695977231,-0.1295869513,0.02512037571,0.04915164291,0.002045420773,-0.002677015021,0.008661957839,-0.001056299301,-0.0384208806,-0.03464230579,-0.01723620995,-0.01939499199,0.1513732835,0.1091318494,0.09185851105,0.20199544,0.2849178517,-0.2117002698,-0.2178043027,0.3092112355,-0.01528363833,-0.09003754467,0.08795004086,0.05006170815,-0.005476416702,-0.01835983903,0.1299006763,0.1190584786,0.03448773006,0.0938090862,-0.217189499,-1.317556878,-1.158358799,-0.5944456268,-2.566418272,2.28275281,2.325550261,-2.735968347
#Exudyn explicit time integration (ExplicitEuler) solver solution file
#simulation started=2026-01-27,10:20:11
#columns contain: time, ODE2 displacements, ODE2 velocities, ODE2 accelerations
#number of system coordinates [nODE2, nODE1, nAlgebraic, nData] = [18,0,0,0]
#number of written coordinates [nODE2, nVel2, nAcc2, nODE1, nVel1, nAlgebraic, nData] = [18,18,18,0,0,0,0]
#total columns exported  (excl. time) = 54
#number of time steps (planned) = 200
#Exudyn version = 1.10.0; Python3.11.11; Windows AVX2 FLOAT64
#
#solution information = DogEnv
3.84,0.2171841806,-1.408846656,-0.4525750728,3.144321299,0.001299515732,-1.395608952,0.005186849763,0.005073452556,-0.001338411142,0.000896148629,0.1532531217,-0.2787140231,-0.2619699388,0.1507659108,-0.1271754615,0.1655695252,0.1695977231,-0.1295869513,0.02512037571,0.04915164291,0.002045420773,-0.002677015021,0.008661957839,-0.001056299301,-0.0384208806,-0.03464230579,-0.01723620995,-0.01939499199,0.1513732835,0.1091318494,0.09185851105,0.20199544,0.2849178517,-0.2117002698,-0.2178043027,0.3092112355,-0.01528363833,-0.09003754467,0.08795004086,0.05006170815,-0.005476416702,-0.01835983903,0.1299006763,0.1190584786,0.03448773006,0.0938090862,-0.217189499,-1.317556878,-1.158358799,-0.5944456268,-2.566418272,2.28275281,2.325550261,-2.735968347
3.85,0.217439132,-1.408332377,-0.4525418775,3.144239031,0.001368045653,-1.395623413,0.004801424803,0.004731615563,-0.001515494969,0.0007011631968,0.1553748134,-0.2780230679,-0.2615527207,0.1533218833,-0.1234450514,0.1655034711,0.1694636655,-0.1256086217,0.02582331421,0.05359085031,0.004413663181,-0.01044292073,0.006075901935,-0.001858553601,-0.03829879453,-0.03334855135,-0.01775559048,-0.01906583649,0.2279628196,0.06648514684,0.03499378325,0.2621716605,0.3556605824,0.002977374465,-0.002707494009,0.37865861,0.05243260572,0.3819174889,0.1640740978,-0.07220526069,-0.04397006193,-0.0731899149,0.09453783959,0.1807278688,0.03213013651,0.1269996769,0.7009631298,0.05053386179,-0.1279947196,-0.3587969827,-2.884026537,0.4066391207,0.4667987859,-3.047905418
3.86,0.2176994289,-1.407779471,-0.4524914583,3.144136872,0.001427940998,-1.395645167,0.004424008799,0.004406967396,-0.001690954801,0.0005168783062,0.1576667003,-0.2773649101,-0.2612068504,0.1559264902,-0.1200285785,0.1655499604,0.1694541937,-0.1219707066,0.02618883694,0.05684121955,0.005534912617,-0.009642528,0.005968701495,-0.002457432599,-0.03710790947,-0.03157974862,-0.01729098723,-0.01778213112,0.2289324479,0.06455421862,0.03428498416,0.2586135393,0.3276414185,0.006080967691,0.0004603685973,0.3488897619,0.02181540011,0.2726438253,0.07453761259,0.149556424,0.001787183802,-0.04845068538,0.1354220588,0.1718766222,0.05788399167,0.1262447696,-0.2505190829,-0.3201232131,-0.052960022,-0.4080491587,-2.71130556,0.2388669521,0.2232211408,-2.889822861
#Exudyn explicit time integration (ExplicitEuler) solver solution file
#simulation started=2026-01-27,10:20:11
#columns contain: time, ODE2 displacements, ODE2 velocities, ODE2 accelerations
#number of system coordinates [nODE2, nODE1, nAlgebraic, nData] = [18,0,0,0]
#number of written coordinates [nODE2, nVel2, nAcc2, nODE1, nVel1, nAlgebraic, nData] = [18,18,18,0,0,0,0]
#total columns exported  (excl. time) = 54
#number of time steps (planned) = 200
#Exudyn version = 1.10.0; Python3.11.11; Windows AVX2 FLOAT64
#
#solution information = DogEnv
3.86,0.2176994289,-1.407779471,-0.4524914583,3.144136872,0.001427940998,-1.395645167,0.004424008799,0.004406967396,-0.001690954801,0.0005168783062,0.1576667003,-0.2773649101,-0.2612068504,0.1559264902,-0.1200285785,0.1655499604,0.1694541937,-0.1219707066,0.02618883694,0.05684121955,0.005534912617,-0.009642528,0.005968701495,-0.002457432599,-0.03710790947,-0.03157974862,-0.01729098723,-0.01778213112,0.2289324479,0.06455421862,0.03428498416,0.2586135393,0.3276414185,0.006080967691,0.0004603685973,0.3488897619,0.02181540011,0.2726438253,0.07453761259,0.149556424,0.001787183802,-0.04845068538,0.1354220588,0.1718766222,0.05788399167,0.1262447696,-0.2505190829,-0.3201232131,-0.052960022,-0.4080491587,-2.71130556,0.2388669521,0.2232211408,-2.889822861
3.87,0.2179673141,-1.407168411,-0.4524222782,3.143981798,0.001470855441,-1.395674869,0.004053823164,0.004099756502,-0.001865025042,0.0003405524422,0.1606771937,-0.2771779633,-0.2614249746,0.1590912505,-0.1161079184,0.1680605951,0.1719003652,-0.1178751984,0.0273427753,0.06523599511,0.00808789153,-0.0177035115,0.003674487556,-0.003460054163,-0.03656220177,-0.02957828777,-0.01711559095,-0.01698833475,0.3193736371,0.02076350497,-0.02422138035,0.3235161099,0.3745476049,0.2503760678,0.244755176,0.3903653584,0.09513740524,0.7525767426,0.1701190577,-0.01381705628,-0.02356551741,-0.08219602181,0.1206515889,0.2178806321,0.08245812218,0.1523160259,0.7159946788,1.175321775,0.9931659761,-0.1884278651,-2.769973094,-1.911735078,-1.896623132,-2.880977085
3.88,0.218244799,-1.406481655,-0.4523351292,3.143810976,0.001507388668,-1.395712905,0.00369466454,0.003814012486,-0.002032098374,0.000177860012,0.1638767239,-0.2769253398,-0.2616175596,0.1623174342,-0.1124984798,0.1704695578,0.1742517663,-0.1141131271,0.02809899098,0.0719089503,0.009182099637,-0.01604694627,0.003677547472,-0.004097410613,-0.03521448336,-0.027611764,-0.01628083432,-0.01557000776,0.3185672797,0.02891831909,-0.0142801911,0.321508022,0.3472444666,0.2312832868,0.2252806069,0.3619401767,0.05738451799,0.5882077898,0.06576310618,0.246715489,0.008480697285,-0.04813410856,0.146476076,0.1810138839,0.08831443755,0.1325342314,-0.5315844345,0.5910705925,0.9518994982,-0.2850106641,-2.666576927,-1.883508571,-1.940879691,-2.778208992
#Exudyn explicit time integration (ExplicitEuler) solver solution file
#simulation started=2026-01-27,10:20:11
#columns contain: time, ODE2 displacements, ODE2 velocities, ODE2 accelerations
#number of system coordinates [nODE2, nODE1, nAlgebraic, nData] = [18,0,0,0]
#number of written coordinates [nODE2, nVel2, nAcc2, nODE1, nVel1, nAlgebraic, nData] = [18,18,18,0,0,0,0]
#total columns exported  (excl. time) = 54
#number of time steps (planned) = 200
#Exudyn version = 1.10.0; Python3.11.11; Windows AVX2 FLOAT64
#
#solution information = DogEnv
3.88,0.218244799,-1.406481655,-0.4523351292,3.143810976,0.001507388668,-1.395712905,0.00369466454,0.003814012486,-0.002032098374,0.000177860012,0.1638767239,-0.2769253398,-0.2616175596,0.1623174342,-0.1124984798,0.1704695578,0.1742517663,-0.1141131271,0.02809899098,0.0719089503,0.009182099637,-0.01604694627,0.003677547472,-0.004097410613,-0.03521448336,-0.027611764,-0.01628083432,-0.01557000776,0.3185672797,0.02891831909,-0.0142801911,0.321508022,0.3472444666,0.2312832868,0.2252806069,0.3619401767,0.05738451799,0.5882077898,0.06576310618,0.246715489,0.008480697285,-0.04813410856,0.146476076,0.1810138839,0.08831443755,0.1325342314,-0.5315844345,0.5910705925,0.9518994982,-0.2850106641,-2.666576927,-1.883508571,-1.940879691,-2.778208992
3.89,0.2185327051,-1.405709551,-0.452230815,3.143606288,0.001533062831,-1.395758283,0.003346878738,0.003548620261,-0.002191245515,2.65352758e-05,0.1677561195,-0.2769119584,-0.2621112387,0.1660905122,-0.1089129409,0.1744674113,0.1781844014,-0.1104314199,0.02941276593,0.08221501435,0.01147877718,-0.02174266499,0.002212930701,-0.004925414621,-0.03410913325,-0.02539201643,-0.0153272158,-0.01441834509,0.4023269548,0.007081468372,-0.04710033633,0.3835839182,0.3426675528,0.3896735733,0.3834635575,0.3513079082,0.1074235741,0.9139045736,0.1513610169,0.0986974857,-0.007746614137,-0.06077882027,0.1446461019,0.2033135266,0.1203517568,0.1466409887,0.1057232933,1.565182488,1.49700314,-0.2137658899,-2.296639256,-3.241273549,-3.266324334,-2.329412868
3.9,0.2188314437,-1.404845534,-0.4521104932,3.14339941,0.001555344078,-1.395809915,0.003013161254,0.003303867001,-0.002338790282,-0.0001109158304,0.1717584771,-0.2767770263,-0.2625090689,0.1699141375,-0.1055998344,0.1782058274,0.1818579401,-0.1070334032,0.03027522457,0.09034523105,0.01243967648,-0.01928856869,0.002268977899,-0.005349028666,-0.03259298675,-0.02360904686,-0.01417379858,-0.01310166857,0.3963701112,0.01902365474,-0.03254079842,0.3807901602,0.3198110112,0.3579601313,0.3511184525,0.3281556651,0.066345555,0.71875735,0.05636072059,0.3091055682,0.01011781343,-0.0267187059,0.1601788486,0.1612472735,0.1171183669,0.1206681116,-0.9884177742,0.9401572359,1.373471825,-0.3927770438,-2.248588997,-3.085727392,-3.159344821,-2.277222855
#Exudyn explicit time integration (ExplicitEuler) solver solution file
#simulation started=2026-01-27,10:20:11
#columns contain: time, ODE2 displacements, ODE2 velocities, ODE2 accelerations
#number of system coordinates [nODE2, nODE1, nAlgebraic, nData] = [18,0,0,0]
#number of written coordinates [nODE2, nVel2, nAcc2, nODE1, nVel1, nAlgebraic, nData] = [18,18,18,0,0,0,0]
#total columns exported  (excl. time) = 54
#number of time steps (planned) = 200
#Exudyn version = 1.10.0; Python3.11.11; Windows AVX2 FLOAT64
#
#solution information = DogEnv
3.9,0.2188314437,-1.404845534,-0.4521104932,3.14339941,0.001555344078,-1.395809915,0.003013161254,0.003303867001,-0.002338790282,-0.0001109158304,0.1717584771,-0.2767770263,-0.2625090689,0.1699141375,-0.1055998344,0.1782058274,0.1818579401,-0.1070334032,0.03027522457,0.09034523105,0.01243967648,-0.01928856869,0.002268977899,-0.005349028666,-0.03259298675,-0.02360904686,-0.01417379858,-0.01310166857,0.3963701112,0.01902365474,-0.03254079842,0.3807901602,0.3198110112,0.3579601313,0.3511184525,0.3281556651,0.066345555,0.71875735,0.05636072059,0.3091055682,0.01011781343,-0.0267187059,0.1601788486,0.1612472735,0.1171183669,0.1206681116,-0.9884177742,0.9401572359,1.373471825,-0.3927770438,-2.248588997,-3.085727392,-3.159344821,-2.277222855
3.91,0.2191397212,-1.403893329,-0.451977835,3.143190027,0.001573446187,-1.395865697,0.002694405909,0.003077515821,-0.002473394623,-0.0002364402587,0.1762928113,-0.2765047334,-0.2627872805,0.1742338882,-0.1030205917,0.1817534305,0.1853319862,-0.1044008565,0.031264933,0.09952651245,0.01394826833,-0.02064661725,0.001699082952,-0.005745356352,-0.03106006833,-0.02173233639,-0.01271855716,-0.01193315152,0.4588948282,0.03339250583,-0.02243101082,0.435730753,0.2457813854,0.3407236716,0.3332877786,0.2509298938,0.07123807462,0.7751944476,0.09857308434,0.2304183144,0.0004903410041,-0.02075276864,0.165953539,0.1594128959,0.1390202172,0.1204053691,-0.9924393388,0.9007160183,1.12589413,-0.6524297182,-1.352667499,-2.838603445,-2.886885508,-1.341649117
3.92,0.2194552446,-1.402862916,-0.4518347293,3.142997323,0.001590674475,-1.395923706,0.002392240424,0.002867554885,-0.002593751472,-0.0003501439695,0.1808197339,-0.276134925,-0.2629577063,0.1785554986,-0.1006299714,0.1850223147,0.1885237274,-0.1019582564,0.03178165068,0.106311192,0.01457970699,-0.01774734909,0.001758608142,-0.005814404126,-0.02932952524,-0.02028569131,-0.01133256097,-0.01082263888,0.4455162174,0.03993720176,-0.01181673187,0.4281489394,0.2322126139,0.3130151175,0.3050149473,0.2374564873,0.03324082779,0.5872902333,0.0377772313,0.3100224662,0.008126010678,0.005112251981,0.181233929,0.1343729693,0.1418997538,0.1043343883,-1.529873761,0.4695796714,0.9701910442,-0.8686889685,-1.349458487,-2.697052017,-2.749587665,-1.34159729
#Exudyn explicit time integration (ExplicitEuler) solver solution file
#simulation started=2026-01-27,10:20:11
#columns contain: time, ODE2 displacements, ODE2 velocities, ODE2 accelerations
#number of system coordinates [nODE2, nODE1, nAlgebraic, nData] = [18,0,0,0]
#number of written coordinates [nODE2, nVel2, nAcc2, nODE1, nVel1, nAlgebraic, nData] = [18,18,18,0,0,0,0]
#total columns exported  (excl. time) = 54
#number of time steps (planned) = 200
#Exudyn version = 1.10.0; Python3.11.11; Windows AVX2 FLOAT64
#
#solution information = DogEnv
3.92,0.2194552446,-1.402862916,-0.4518347293,3.142997323,0.001590674475,-1.395923706,0.002392240424,0.002867554885,-0.002593751472,-0.0003501439695,0.1808197339,-0.276134925,-0.2629577063,0.1785554986,-0.1006299714,0.1850223147,0.1885237274,-0.1019582564,0.03178165068,0.106311192,0.01457970699,-0.01774734909,0.001758608142,-0.005814404126,-0.02932952524,-0.02028569131,-0.01133256097,-0.01082263888,0.4455162174,0.03993720176,-0.01181673187,0.4281489394,0.2322126139,0.3130151175,0.3050149473,0.2374564873,0.03324082779,0.5872902333,0.0377772313,0.3100224662,0.008126010678,0.005112251981,0.181233929,0.1343729693,0.1418997538,0.1043343883,-1.529873761,0.4695796714,0.9701910442,-0.8686889685,-1.349458487,-2.697052017,-2.749587665,-1.34159729
3.93,0.2197748449,-1.4017697,-0.4516866544,3.14283262,0.001609559002,-1.395981458,0.002108711556,0.002672087292,-0.002697876908,-0.000452892535,0.1856685529,-0.2753620215,-0.2626876248,0.1832539044,-0.099571955,0.1864674615,0.1898858844,-0.1008492792,0.03198906507,0.1115584266,0.01499399146,-0.01470464687,0.002039855685,-0.00567898112,-0.02735427601,-0.0188981185,-0.009572037173,-0.009762892732,0.4802867503,0.07949307561,0.03248136242,0.4687434531,0.09963280835,0.1341233778,0.1257701615,0.1049762449,-0.006888502476,0.377836933,0.02759970569,0.3166901145,0.01743180222,0.02551876299,0.1996110978,0.1219006404,0.1533655155,0.09895439851,-2.160578962,-0.4699933776,0.1752563399,-1.479497288,-0.06012232506,-1.011408788,-1.043733799,-0.05459986431
3.94,0.2200939019,-1.400637906,-0.4515356517,3.142699805,0.00163048879,-1.396036761,0.001845169173,0.002488941736,-0.002785935221,-0.0005457985206,0.1903658369,-0.2745910582,-0.2623574936,0.1878650965,-0.09857936336,0.1877588662,0.1910928238,-0.09980318702,0.03177232655,0.1145875141,0.01518459806,-0.0119429074,0.002123633549,-0.005357797536,-0.02532168616,-0.0177362729,-0.008016642429,-0.008822767212,0.4590648604,0.07453138035,0.03324319482,0.4531056982,0.09877618909,0.1240730031,0.1155872617,0.1041217033,-0.03560714907,0.2318254402,0.01297898285,0.2471097628,0.002648188226,0.03789248102,0.2067426873,0.1115650436,0.1575720881,0.09040245981,-2.095902959,-0.5380454424,-0.0125459047,-1.62459118,-0.1169234025,-1.000365823,-0.9990233254,-0.1193638122
#Exudyn explicit time integration (ExplicitEuler) solver solution file
#simulation started=2026-01-27,10:20:11
#columns contain: time, ODE2 displacements, ODE2 velocities, ODE2 accelerations
#number of system coordinates [nODE2, nODE1, nAlgebraic, nData] = [18,0,0,0]
#number of written coordinates [nODE2, nVel2, nAcc2, nODE1, nVel1, nAlgebraic, nData] = [18,18,18,0,0,0,0]
#total columns exported  (excl. time) = 54
#number of time steps (planned) = 200
#Exudyn version = 1.10.0; Python3.11.11; Windows AVX2 FLOAT64
#
#solution information = DogEnv
3.94,0.2200939019,-1.400637906,-0.4515356517,3.142699805,0.00163048879,-1.396036761,0.001845169173,0.002488941736,-0.002785935221,-0.0005457985206,0.1903658369,-0.2745910582,-0.2623574936,0.1878650965,-0.09857936336,0.1877588662,0.1910928238,-0.09980318702,0.03177232655,0.1145875141,0.01518459806,-0.0119429074,0.002123633549,-0.005357797536,-0.02532168616,-0.0177362729,-0.008016642429,-0.008822767212,0.4590648604,0.07453138035,0.03324319482,0.4531056982,0.09877618909,0.1240730031,0.1155872617,0.1041217033,-0.03560714907,0.2318254402,0.01297898285,0.2471097628,0.002648188226,0.03789248102,0.2067426873,0.1115650436,0.1575720881,0.09040245981,-2.095902959,-0.5380454424,-0.0125459047,-1.62459118,-0.1169234025,-1.000365823,-0.9990233254,-0.1193638122
3.95,0.2204084082,-1.399488883,-0.4513869089,3.142611618,0.001658277364,-1.396087585,0.001605094053,0.002318034522,-0.002855165105,-0.0006276923287,0.1950210916,-0.2733879453,-0.2614991567,0.1925205414,-0.09863430204,0.1865059316,0.1897647264,-0.09979280053,0.03099646877,0.1145168957,0.01462411779,-0.006414010854,0.003183364522,-0.004768590975,-0.02277162041,-0.01655270843,-0.005992026448,-0.007686521845,0.4520900825,0.116609521,0.08868380773,0.4572283333,-0.005273884608,-0.1266315793,-0.1339729464,0.001523284088,-0.09782832473,-0.1186831741,-0.03341896962,0.3057461836,0.0351221249,0.06289633558,0.2349791846,0.1016832499,0.1632318588,0.08884796119,-2.870716353,-1.767938413,-0.8696683668,-2.23749816,0.7229836747,1.306813679,1.314985748,0.7044865983
3.96,0.2207132448,-1.398351083,-0.4512417628,3.142558811,0.00169073034,-1.396132183,0.001388664252,0.002157299912,-0.002907174977,-0.0007004845193,0.1994093249,-0.2723029346,-0.2606605371,0.1969815086,-0.09865232451,0.1853018338,0.1884885888,-0.09974387222,0.02993245394,0.1128810375,0.01444694397,-0.004378822645,0.003229781235,-0.004147624261,-0.02052085605,-0.01560258337,-0.004410458137,-0.00688625644,0.4259538196,0.1006484446,0.07858239891,0.4347548358,0.001583700456,-0.1143396796,-0.1213393236,0.008170811056,-0.1144742168,-0.2060916166,-0.00675143081,0.1453682198,-0.01375522376,0.06112405264,0.2173118181,0.09077102073,0.1534100784,0.07492535516,-2.456174545,-1.502657316,-1.094830051,-2.235502085,0.6348828617,1.145834681,1.194059968,0.6132572527
#Exudyn explicit time integration (ExplicitEuler) solver solution file
#simulation started=2026-01-27,10:20:11
#columns contain: time, ODE2 displacements, ODE2 velocities, ODE2 accelerations
#number of system coordinates [nODE2, nODE1, nAlgebraic, nData] = [18,0,0,0]
#number of written coordinates [nODE2, nVel2, nAcc2, nODE1, nVel1, nAlgebraic, nData] = [18,18,18,0,0,0,0]
#total columns exported  (excl. time) = 54
#number of time steps (planned) = 200
#Exudyn version = 1.10.0; Python3.11.11; Windows AVX2 FLOAT64
#
#solution information = DogEnv
3.96,0.2207132448,-1.398351083,-0.4512417628,3.142558811,0.00169073034,-1.396132183,0.001388664252,0.002157299912,-0.002907174977,-0.0007004845193,0.1994093249,-0.2723029346,-0.2606605371,0.1969815086,-0.09865232451,0.1853018338,0.1884885888,-0.09974387222,0.02993245394,0.1128810375,0.01444694397,-0.004378822645,0.003229781235,-0.004147624261,-0.02052085605,-0.01560258337,-0.004410458137,-0.00688625644,0.4259538196,0.1006484446,0.07858239891,0.4347548358,0.001583700456,-0.1143396796,-0.1213393236,0.008170811056,-0.1144742168,-0.2060916166,-0.00675143081,0.1453682198,-0.01375522376,0.06112405264,0.2173118181,0.09077102073,0.1534100784,0.07492535516,-2.456174545,-1.502657316,-1.094830051,-2.235502085,0.6348828617,1.145834681,1.194059968,0.6132572527
3.97,0.2210051174,-1.397242974,-0.4511024617,3.142545036,0.001730960447,-1.39616979,0.001198348826,0.002007794795,-0.002939909754,-0.0007623545077,0.2033553972,-0.2709122793,-0.2594054694,0.2010644579,-0.09857648363,0.1817940197,0.1849321126,-0.09959261262,0.02836549956,0.1083362326,0.01350764727,0.0005068753217,0.004408431717,-0.003360941134,-0.01772813614,-0.01445991279,-0.002366398145,-0.005697912238,0.3766912055,0.1314055801,0.1239541971,0.3940254878,0.01031436021,-0.3418100527,-0.3464597104,0.0179637785,-0.1658752442,-0.5085511454,-0.0561339694,0.1964565583,0.01738440492,0.07632727232,0.2338571381,0.08563753275,0.1504178909,0.0750595363,-2.785623509,-2.417693228,-1.732487516,-2.416002581,0.2867322512,3.261377746,3.294054797,0.2614112433
3.98,0.2212804482,-1.396185411,-0.450969215,3.142556237,0.001774524565,-1.396199801,0.001031924048,0.001867118917,-0.002956567637,-0.0008160400899,0.2069941916,-0.2697097688,-0.2582563038,0.204886896,-0.09845941055,0.1785321736,0.181626013,-0.09940029083,0.0266728408,0.1030638741,0.0132120656,0.001510816719,0.004208591064,-0.002651887527,-0.01559379807,-0.01368634767,-0.0009877769137,-0.005058087499,0.3515120121,0.1094531093,0.1054337692,0.370420236,0.01306729517,-0.3107919753,-0.3149534049,0.02046722366,-0.1723848013,-0.5443672784,-0.01121528362,0.04776670316,-0.04164098631,0.06558580137,0.1981454498,0.073702418,0.1281669037,0.05887793067,-2.347843195,-2.054844759,-1.902195305,-2.301592933,0.2526561814,2.939525196,2.99469182,0.2283169591
#Exudyn explicit time integration (ExplicitEuler) solver solution file
#simulation started=2026-01-27,10:20:11
#columns contain: time, ODE2 displacements, ODE2 velocities, ODE2 accelerations
#number of system coordinates [nODE2, nODE1, nAlgebraic, nData] = [18,0,0,0]
#number of written coordinates [nODE2, nVel2, nAcc2, nODE1, nVel1, nAlgebraic, nData] = [18,18,18,0,0,0,0]
#total columns exported  (excl. time) = 54
#number of time steps (planned) = 200
#Exudyn version = 1.10.0; Python3.11.11; Windows AVX2 FLOAT64
#
#solution information = DogEnv
3.98,0.2212804482,-1.396185411,-0.450969215,3.142556237,0.001774524565,-1.396199801,0.001031924048,0.001867118917,-0.002956567637,-0.0008160400899,0.2069941916,-0.2697097688,-0.2582563038,0.204886896,-0.09845941055,0.1785321736,0.181626013,-0.09940029083,0.0266728408,0.1030638741,0.0132120656,0.001510816719,0.004208591064,-0.002651887527,-0.01559379807,-0.01368634767,-0.0009877769137,-0.005058087499,0.3515120121,0.1094531093,0.1054337692,0.370420236,0.01306729517,-0.3107919753,-0.3149534049,0.02046722366,-0.1723848013,-0.5443672784,-0.01121528362,0.04776670316,-0.04164098631,0.06558580137,0.1981454498,0.073702418,0.1281669037,0.05887793067,-2.347843195,-2.054844759,-1.902195305,-2.301592933,0.2526561814,2.939525196,2.99469182,0.2283169591
3.99,0.2215376137,-1.395187922,-0.4508405927,3.142585566,0.001820160537,-1.396222895,0.0008884792866,0.001735990128,-0.002957458982,-0.00086102513,0.2099567515,-0.2683659447,-0.2569034984,0.2080631273,-0.09705160369,0.1737746909,0.1768450333,-0.09791247179,0.02474060083,0.09634869454,0.012566709,0.003631836102,0.004587172377,-0.001977968082,-0.01327867125,-0.01268279433,0.0006099186474,-0.004102649196,0.2795559975,0.1257429363,0.1290359443,0.3020531087,0.1400090396,-0.4588809413,-0.4611406206,0.1479024118,-0.1934552042,-0.6757776862,-0.03623616068,0.05443258459,-0.03391114987,0.06170837894,0.1879405967,0.07487205728,0.1134250609,0.05949980292,-2.012697216,-2.440771215,-2.25980265,-1.936429745,-1.216545294,4.366006563,4.401312418,-1.234400004
4,0.2217754255,-1.394258017,-0.45071593,3.142622998,0.001863611187,-1.396239825,0.0007644176327,0.001612730383,-0.002946110859,-0.0008992939087,0.212658152,-0.2672245891,-0.255726242,0.2109902367,-0.09570990492,0.1693947703,0.1724443826,-0.09649275358,0.02280110592,0.08955394563,0.01242422709,0.003752631793,0.004049818943,-0.001423027554,-0.01156353819,-0.01196654842,0.001640838183,-0.00355313931,0.2609402776,0.1026893854,0.1061870159,0.2833918974,0.1283890494,-0.4174118097,-0.4192944831,0.1360957561,-0.1942042234,-0.6819726591,0.0004750538699,-0.01136116001,-0.06438168193,0.04945809229,0.1589982534,0.07151476144,0.09534713022,0.05412712295,-1.760182158,-2.199318647,-2.268131544,-1.807592029,-1.112629711,3.934118338,3.970137707,-1.131866881
#Exudyn explicit time integration (ExplicitEuler) solver solution file
#simulation started=2026-01-27,10:20:11
#columns contain: time, ODE2 displacements, ODE2 velocities, ODE2 accelerations
#number of system coordinates [nODE2, nODE1, nAlgebraic, nData] = [18,0,0,0]
#number of written coordinates [nODE2, nVel2, nAcc2, nODE1, nVel1, nAlgebraic, nData] = [18,18,18,0,0,0,0]
#total columns exported  (excl. time) = 54
#number of time steps (planned) = 200
#Exudyn version = 1.10.0; Python3.11.11; Windows AVX2 FLOAT64
#
#solution information = DogEnv
4,0.2217754255,-1.394258017,-0.45071593,3.142622998,0.001863611187,-1.396239825,0.0007644176327,0.001612730383,-0.002946110859,-0.0008992939087,0.212658152,-0.2672245891,-0.255726242,0.2109902367,-0.09570990492,0.1693947703,0.1724443826,-0.09649275358,0.02280110592,0.08955394563,0.01242422709,0.003752631793,0.004049818943,-0.001423027554,-0.01156353819,-0.01196654842,0.001640838183,-0.00355313931,0.2609402776,0.1026893854,0.1061870159,0.2833918974,0.1283890494,-0.4174118097,-0.4192944831,0.1360957561,-0.1942042234,-0.6819726591,0.0004750538699,-0.01136116001,-0.06438168193,0.04945809229,0.1589982534,0.07151476144,0.09534713022,0.05412712295,-1.760182158,-2.199318647,-2.268131544,-1.807592029,-1.112629711,3.934118338,3.970137707,-1.131866881
4.01,0.2219943844,-1.393393109,-0.45059008,3.142649726,0.001899015146,-1.396252498,0.0006554576096,0.00149742688,-0.0029252075,-0.0009321429832,0.2147863758,-0.2661431273,-0.2546345414,0.2133346205,-0.09256204781,0.164763792,0.1677942521,-0.09326698186,0.02100396577,0.08353918626,0.01270845435,0.001941974936,0.003035496742,-0.001141177783,-0.01026993985,-0.01111022185,0.002484037242,-0.002985579013,0.2034677986,0.1003609732,0.09882349476,0.2232880407,0.3063530699,-0.4429436425,-0.4448620442,0.3136957618,-0.1764154541,-0.584359841,0.02531920299,-0.0727392533,-0.08692874935,0.02215886858,0.120345899,0.08457838675,0.07112333064,0.05969840192,-0.865871361,-2.00495785,-2.321533457,-1.089417203,-2.905906782,4.246257485,4.277732044,-2.932957797
4.02,0.2221956796,-1.39258679,-0.450461689,3.142666995,0.001925537089,-1.396262916,0.0005586762124,0.001390655574,-0.00289688022,-0.0009588487578,0.2167759879,-0.2652398435,-0.2537573635,0.2155148799,-0.08963859059,0.1605367529,0.1635492446,-0.09027136792,0.01923713622,0.0776544288,0.01297277454,0.001595490094,0.002294615711,-0.0009503551198,-0.009081250602,-0.01022415245,0.003183905409,-0.002334468762,0.1942216356,0.08014014057,0.07674108649,0.2127313505,0.2784590987,-0.4028068432,-0.4045084977,0.2855495271,-0.1766034712,-0.591233271,0.02576112577,-0.01615939726,-0.06633594397,0.01619683936,0.1162856305,0.09125310268,0.06829290958,0.06856507416,-0.9547802902,-1.988153395,-2.109419623,-1.039854267,-2.669457019,3.798757747,3.812841144,-2.693789598
#Exudyn explicit time integration (ExplicitEuler) solver solution file
#simulation started=2026-01-27,10:20:11
#columns contain: time, ODE2 displacements, ODE2 velocities, ODE2 accelerations
#number of system coordinates [nODE2, nODE1, nAlgebraic, nData] = [18,0,0,0]
#number of written coordinates [nODE2, nVel2, nAcc2, nODE1, nVel1, nAlgebraic, nData] = [18,18,18,0,0,0,0]
#total columns exported  (excl. time) = 54
#number of time steps (planned) = 200
#Exudyn version = 1.10.0; Python3.11.11; Windows AVX2 FLOAT64
#
#solution information = DogEnv
4.02,0.2221956796,-1.39258679,-0.450461689,3.142666995,0.001925537089,-1.396262916,0.0005586762124,0.001390655574,-0.00289688022,-0.0009588487578,0.2167759879,-0.2652398435,-0.2537573635,0.2155148799,-0.08963859059,0.1605367529,0.1635492446,-0.09027136792,0.01923713622,0.0776544288,0.01297277454,0.001595490094,0.002294615711,-0.0009503551198,-0.009081250602,-0.01022415245,0.003183905409,-0.002334468762,0.1942216356,0.08014014057,0.07674108649,0.2127313505,0.2784590987,-0.4028068432,-0.4045084977,0.2855495271,-0.1766034712,-0.591233271,0.02576112577,-0.01615939726,-0.06633594397,0.01619683936,0.1162856305,0.09125310268,0.06829290958,0.06856507416,-0.9547802902,-1.988153395,-2.109419623,-1.039854267,-2.669457019,3.798757747,3.812841144,-2.693789598
4.03,0.2223821334,-1.391823189,-0.4503229528,3.142639866,0.001933604782,-1.396273818,0.0004678959032,0.001292458103,-0.00286483948,-0.0009818380013,0.218639209,-0.2646982352,-0.2533645273,0.2174952213,-0.08523471098,0.157887958,0.1608560158,-0.0858153451,0.01807947418,0.07525524592,0.01462393942,-0.005034554805,-0.0001754745951,-0.00126994641,-0.008906491459,-0.009266700563,0.003347982479,-0.001987792597,0.1892629931,0.04845134625,0.02578592207,0.1952347475,0.4244562024,-0.2478364707,-0.2524271242,0.4286281192,-0.113908672,-0.231112934,0.1156364735,-0.1772506527,-0.1190611923,-0.03465740396,0.05339514783,0.1194862769,0.04149741041,0.08229227238,0.3407636843,-1.00862679,-1.764307496,-0.2271768329,-3.845724202,2.425601103,2.438090753,-3.913627424
4.04,0.2225571838,-1.391082851,-0.450172162,3.142586153,0.00192764931,-1.39628808,0.0003820015461,0.001205870598,-0.002829098166,-0.0009972844513,0.2205345891,-0.2642722331,-0.2531845977,0.2194354743,-0.08117707411,0.1555235812,0.1584458637,-0.08171851769,0.0169096431,0.07271454486,0.01544388988,-0.005377993186,-0.0009108557701,-0.001569785943,-0.008226957196,-0.008034780287,0.003819754348,-0.001074470616,0.1888275158,0.03618723678,0.01075046054,0.1926325741,0.3871184031,-0.2253427395,-0.2299373567,0.3908367469,-0.119516728,-0.2746871386,0.05576391244,0.03781613597,-0.04811660167,-0.02535065885,0.07726489535,0.1223873368,0.05057732181,0.09407153933,-0.2769878673,-1.302786211,-1.328519543,-0.3139706719,-3.599774133,2.102767929,2.095968802,-3.631746387
#Exudyn explicit time integration (ExplicitEuler) solver solution file
#simulation started=2026-01-27,10:20:11
#columns contain: time, ODE2 displacements, ODE2 velocities, ODE2 accelerations
#number of system coordinates [nODE2, nODE1, nAlgebraic, nData] = [18,0,0,0]
#number of written coordinates [nODE2, nVel2, nAcc2, nODE1, nVel1, nAlgebraic, nData] = [18,18,18,0,0,0,0]
#total columns exported  (excl. time) = 54
#number of time steps (planned) = 200
#Exudyn version = 1.10.0; Python3.11.11; Windows AVX2 FLOAT64
#
#solution information = DogEnv
4.04,0.2225571838,-1.391082851,-0.450172162,3.142586153,0.00192764931,-1.39628808,0.0003820015461,0.001205870598,-0.002829098166,-0.0009972844513,0.2205345891,-0.2642722331,-0.2531845977,0.2194354743,-0.08117707411,0.1555235812,0.1584458637,-0.08171851769,0.0169096431,0.07271454486,0.01544388988,-0.005377993186,-0.0009108557701,-0.001569785943,-0.008226957196,-0.008034780287,0.003819754348,-0.001074470616,0.1888275158,0.03618723678,0.01075046054,0.1926325741,0.3871184031,-0.2253427395,-0.2299373567,0.3908367469,-0.119516728,-0.2746871386,0.05576391244,0.03781613597,-0.04811660167,-0.02535065885,0.07726489535,0.1223873368,0.05057732181,0.09407153933,-0.2769878673,-1.302786211,-1.328519543,-0.3139706719,-3.599774133,2.102767929,2.095968802,-3.631746387
4.05,0.2227248735,-1.390343444,-0.4500035185,3.142466525,0.001899806309,-1.396308082,0.000296506505,0.001131963409,-0.002791465055,-0.001006360745,0.222798306,-0.2645259744,-0.2538532502,0.2216041064,-0.07648042746,0.1565863329,0.1594215751,-0.07703459858,0.01666314621,0.07539162856,0.01808348907,-0.01529718066,-0.003860083092,-0.002462219707,-0.008615553567,-0.0065792335,0.003856792561,-0.0004165907356,0.2400862502,-0.02788374337,-0.08057273422,0.2214531499,0.4504393785,0.1123631872,0.1030472917,0.4475765901,-0.02578700426,0.2550569725,0.1832877101,-0.2096263876,-0.1135583544,-0.08410191866,0.008507698521,0.1547117853,0.03283452412,0.1109489705,1.122543009,0.50308073,-0.5739251865,0.3634116801,-3.708448956,-1.0050135,-1.041725538,-3.802104971
4.06,0.2228899605,-1.3895787,-0.4498157867,3.142311826,0.001857633231,-1.39633635,0.0002114598571,0.001073446439,-0.002751218758,-0.001005079654,0.2252288711,-0.2647955432,-0.254675379,0.2238337843,-0.0721588403,0.1576585245,0.1603986825,-0.0727440687,0.01632561042,0.07740571344,0.01929478254,-0.01510642629,-0.004443282314,-0.003147664574,-0.008328798652,-0.005150442587,0.004206743278,0.000669674347,0.2442629552,-0.02700609485,-0.08305911644,0.2241376901,0.4137335673,0.1019119,0.09221538384,0.4105300886,-0.04100619343,0.1516956687,0.07371370742,0.134717845,-0.02684355709,-0.05379425266,0.04583146069,0.1304220255,0.0387965275,0.103117787,-0.01345699478,-0.1285690948,-0.05815595303,0.1500569397,-3.585084345,-1.049983246,-1.083199978,-3.584584736
#Exudyn explicit time integration (ExplicitEuler) solver solution file
#simulation started=2026-01-27,10:20:11
#columns contain: time, ODE2 displacements, ODE2 velocities, ODE2 accelerations
#number of system coordinates [nODE2, nODE1, nAlgebraic, nData] = [18,0,0,0]
#number of written coordinates [nODE2, nVel2, nAcc2, nODE1, nVel1, nAlgebraic, nData] = [18,18,18,0,0,0,0]
#total columns exported  (excl. time) = 54
#number of time steps (planned) = 200
#Exudyn version = 1.10.0; Python3.11.11; Windows AVX2 FLOAT64
#
#solution information = DogEnv
4.06,0.2228899605,-1.3895787,-0.4498157867,3.142311826,0.001857633231,-1.39633635,0.0002114598571,0.001073446439,-0.002751218758,-0.001005079654,0.2252288711,-0.2647955432,-0.254675379,0.2238337843,-0.0721588403,0.1576585245,0.1603986825,-0.0727440687,0.01632561042,0.07740571344,0.01929478254,-0.01510642629,-0.004443282314,-0.003147664574,-0.008328798652,-0.005150442587,0.004206743278,0.000669674347,0.2442629552,-0.02700609485,-0.08305911644,0.2241376901,0.4137335673,0.1019119,0.09221538384,0.4105300886,-0.04100619343,0.1516956687,0.07371370742,0.134717845,-0.02684355709,-0.05379425266,0.04583146069,0.1304220255,0.0387965275,0.103117787,-0.01345699478,-0.1285690948,-0.05815595303,0.1500569397,-3.585084345,-1.049983246,-1.083199978,-3.584584736
4.07,0.2230520415,-1.388792415,-0.4496177227,3.142144268,0.001806236688,-1.396371272,0.0001282657833,0.001028279664,-0.002708653074,-0.0009941674317,0.2275450418,-0.265853381,-0.2563162498,0.2259127412,-0.06747222415,0.1624603671,0.1650999662,-0.06810836659,0.01618458781,0.08039620316,0.02027589377,-0.01759972051,-0.005581921105,-0.003849074242,-0.008206036737,-0.003790231979,0.00434016185,0.001612708002,0.2345687124,-0.1076692176,-0.1697714309,0.2083027265,0.4517714421,0.4687974504,0.4580605557,0.4460057323,-0.008187001954,0.3239438576,0.0686356773,0.03421719283,-0.04530786033,-0.06214607913,0.03260908487,0.1284339756,0.03637412338,0.09880466903,0.518140653,1.457260973,1.124026367,0.4383438245,-3.851823457,-4.661753886,-4.680962613,-3.862905245
4.08,0.2232131826,-1.387974438,-0.4494126074,3.14197411,0.001749132924,-1.396412301,4.833367145e-05,0.0009961613356,-0.002663343997,-0.0009734507006,0.2299023597,-0.2668690606,-0.2579556904,0.2280140333,-0.06314222085,0.1669231003,0.1694543618,-0.06383521339,0.0160132043,0.08302997772,0.0206635844,-0.01617233059,-0.005775863976,-0.004309024279,-0.007725611388,-0.002675879223,0.004738873942,0.002508566461,0.2358944996,-0.09618933167,-0.1579386682,0.2116094273,0.4142279177,0.4239066933,0.4129815775,0.4087134798,-0.02544549256,0.2065143841,0.0155566992,0.1935879113,-0.004396852354,-0.03086840459,0.06234134932,0.09599333111,0.04414204223,0.08021047193,-0.115685948,0.9386355927,1.17584792,0.2154796268,-3.633728668,-4.305261708,-4.320414323,-3.588736343
#Exudyn explicit time integration (ExplicitEuler) solver solution file
#simulation started=2026-01-27,10:20:11
#columns contain: time, ODE2 displacements, ODE2 velocities, ODE2 accelerations
#number of system coordinates [nODE2, nODE1, nAlgebraic, nData] = [18,0,0,0]
#number of written coordinates [nODE2, nVel2, nAcc2, nODE1, nVel1, nAlgebraic, nData] = [18,18,18,0,0,0,0]
#total columns exported  (excl. time) = 54
#number of time steps (planned) = 200
#Exudyn version = 1.10.0; Python3.11.11; Windows AVX2 FLOAT64
#
#solution information = DogEnv
4.08,0.2232131826,-1.387974438,-0.4494126074,3.14197411,0.001749132924,-1.396412301,4.833367145e-05,0.0009961613356,-0.002663343997,-0.0009734507006,0.2299023597,-0.2668690606,-0.2579556904,0.2280140333,-0.06314222085,0.1669231003,0.1694543618,-0.06383521339,0.0160132043,0.08302997772,0.0206635844,-0.01617233059,-0.005775863976,-0.004309024279,-0.007725611388,-0.002675879223,0.004738873942,0.002508566461,0.2358944996,-0.09618933167,-0.1579386682,0.2116094273,0.4142279177,0.4239066933,0.4129815775,0.4087134798,-0.02544549256,0.2065143841,0.0155566992,0.1935879113,-0.004396852354,-0.03086840459,0.06234134932,0.09599333111,0.04414204223,0.08021047193,-0.115685948,0.9386355927,1.17584792,0.2154796268,-3.633728668,-4.305261708,-4.320414323,-3.588736343
4.09,0.2233722005,-1.387133337,-0.4492059622,3.141816821,0.001689308981,-1.396456983,-2.656826658e-05,0.0009736701381,-0.002614996412,-0.0009449762693,0.2325486302,-0.2683170817,-0.259996398,0.2304297192,-0.060305861,0.1735094936,0.1759397783,-0.06105319697,0.01579512436,0.08522101217,0.02071618182,-0.01510829692,-0.006056509174,-0.0046042652,-0.00717132342,-0.00177086234,0.004990147559,0.003222836748,0.2665921921,-0.1429761925,-0.2017325562,0.2443881162,0.2683887991,0.6335010673,0.6230822524,0.2629943253,-0.02567103467,0.1873809771,0.002107204335,0.1681686983,-0.002035909287,-0.01829982571,0.07254663575,0.08075746489,0.04778836366,0.06938214322,-0.5090249217,1.671806761,1.847503183,-0.2422787013,-2.122459937,-6.432184968,-6.429238467,-2.068210038
4.1,0.2235286299,-1.386273637,-0.448999186,3.14167483,0.001628888794,-1.396503509,-9.435595486e-05,0.0009594819423,-0.002562613945,-0.0009096364879,0.2351844413,-0.269670448,-0.2619250325,0.2328586745,-0.05772511109,0.1795356237,0.181861887,-0.05852338138,0.01546330575,0.08655913867,0.02059608236,-0.01323966913,-0.006010655851,-0.004661797778,-0.006346751712,-0.001104057943,0.005501182772,0.003820053708,0.2601332148,-0.1281180281,-0.1841619261,0.2410909565,0.2477591252,0.572068024,0.5616893493,0.2429917784,-0.04016599758,0.08334074371,-0.02321106756,0.1904259895,0.008284046135,0.005615236561,0.09119737244,0.05416221651,0.05377481713,0.05070610667,-0.740899115,1.328498466,1.648899424,-0.4104556295,-2.000161149,-5.861337077,-5.854805975,-1.933713017
#Exudyn explicit time integration (ExplicitEuler) solver solution file
#simulation started=2026-01-27,10:20:11
#columns contain: time, ODE2 displacements, ODE2 velocities, ODE2 accelerations
#number of system coordinates [nODE2, nODE1, nAlgebraic, nData] = [18,0,0,0]
#number of written coordinates [nODE2, nVel2, nAcc2, nODE1, nVel1, nAlgebraic, nData] = [18,18,18,0,0,0,0]
#total columns exported  (excl. time) = 54
#number of time steps (planned) = 200
#Exudyn version = 1.10.0; Python3.11.11; Windows AVX2 FLOAT64
#
#solution information = DogEnv
4.1,0.2235286299,-1.386273637,-0.448999186,3.14167483,0.001628888794,-1.396503509,-9.435595486e-05,0.0009594819423,-0.002562613945,-0.0009096364879,0.2351844413,-0.269670448,-0.2619250325,0.2328586745,-0.05772511109,0.1795356237,0.181861887,-0.05852338138,0.01546330575,0.08655913867,0.02059608236,-0.01323966913,-0.006010655851,-0.004661797778,-0.006346751712,-0.001104057943,0.005501182772,0.003820053708,0.2601332148,-0.1281180281,-0.1841619261,0.2410909565,0.2477591252,0.572068024,0.5616893493,0.2429917784,-0.04016599758,0.08334074371,-0.02321106756,0.1904259895,0.008284046135,0.005615236561,0.09119737244,0.05416221651,0.05377481713,0.05070610667,-0.740899115,1.328498466,1.648899424,-0.4104556295,-2.000161149,-5.861337077,-5.854805975,-1.933713017
4.11,0.2236802028,-1.385410292,-0.4488015169,3.141577296,0.001572358822,-1.396548407,-0.0001523278662,0.0009483752049,-0.002505882079,-0.0008705646438,0.2385477034,-0.2707611649,-0.2635087775,0.23610113,-0.05879566473,0.1841554248,0.1863860956,-0.0596148668,0.0147021375,0.08525839632,0.01911219635,-0.007098050012,-0.005210459882,-0.004229164251,-0.00507635451,-0.001015002897,0.00604423432,0.004067430999,0.3330409166,-0.1061052275,-0.1482396391,0.325548306,-0.1128258647,0.4349434289,0.4257508751,-0.1140081279,-0.09484546582,-0.2478853958,-0.1094455836,0.3132304559,0.05961881343,0.05878758462,0.1535686064,0.01987723339,0.07909799996,0.03180658389,-2.56637888,0.4277002076,1.373403285,-1.986846804,1.467010898,-4.668344962,-4.670110355,1.576928127
4.12,0.2238224549,-1.384570813,-0.4486152532,3.141517094,0.001522058277,-1.396587698,-0.0001957698934,0.0009388875747,-0.002441658909,-0.0008287433532,0.2417605579,-0.271795616,-0.2649323777,0.2392588128,-0.05985207257,0.1882820634,0.1904214603,-0.06067912638,0.01373157033,0.08252993137,0.01817654453,-0.005231806541,-0.004928829455,-0.00361798719,-0.00362728083,-0.0009085388202,0.006790428685,0.00426342496,0.3099817198,-0.1004772116,-0.1370802882,0.3058964211,-0.09848886595,0.3907123975,0.381703775,-0.09896372858,-0.09905407378,-0.2960774551,-0.0818287437,0.1165391642,0.008817015518,0.06195953236,0.1363047146,0.003736110222,0.0691775979,0.01059876496,-2.140760368,0.599665885,0.933595661,-1.930476592,1.371104101,-4.202291767,-4.172120759,1.420294652
#Exudyn explicit time integration (ExplicitEuler) solver solution file
#simulation started=2026-01-27,10:20:11
#columns contain: time, ODE2 displacements, ODE2 velocities, ODE2 accelerations
#number of system coordinates [nODE2, nODE1, nAlgebraic, nData] = [18,0,0,0]
#number of written coordinates [nODE2, nVel2, nAcc2, nODE1, nVel1, nAlgebraic, nData] = [18,18,18,0,0,0,0]
#total columns exported  (excl. time) = 54
#number of time steps (planned) = 200
#Exudyn version = 1.10.0; Python3.11.11; Windows AVX2 FLOAT64
#
#solution information = DogEnv
4.12,0.2238224549,-1.384570813,-0.4486152532,3.141517094,0.001522058277,-1.396587698,-0.0001957698934,0.0009388875747,-0.002441658909,-0.0008287433532,0.2417605579,-0.271795616,-0.2649323777,0.2392588128,-0.05985207257,0.1882820634,0.1904214603,-0.06067912638,0.01373157033,0.08252993137,0.01817654453,-0.005231806541,-0.004928829455,-0.00361798719,-0.00362728083,-0.0009085388202,0.006790428685,0.00426342496,0.3099817198,-0.1004772116,-0.1370802882,0.3058964211,-0.09848886595,0.3907123975,0.381703775,-0.09896372858,-0.09905407378,-0.2960774551,-0.0818287437,0.1165391642,0.008817015518,0.06195953236,0.1363047146,0.003736110222,0.0691775979,0.01059876496,-2.140760368,0.599665885,0.933595661,-1.930476592,1.371104101,-4.202291767,-4.172120759,1.420294652
4.13,0.2239530301,-1.383771198,-0.4484502733,3.1415177,0.001482882024,-1.396618462,-0.0002211627045,0.0009277290512,-0.002368588119,-0.0007857471093,0.2459392966,-0.2722077905,-0.2655915442,0.2434807974,-0.06603281593,0.1887808391,0.1908499994,-0.06683350549,0.01213249835,0.07593853996,0.01523468527,0.003759786107,-0.002950699837,-0.002419530813,-0.001303869038,-0.001243776959,0.007993534778,0.004366037218,0.4075052738,-0.04241568845,-0.05499025133,0.4176022208,-0.6059306675,0.03481220952,0.02847893347,-0.602178662,-0.1855121978,-0.8209918056,-0.1921895865,0.3317650548,0.1127360016,0.1324047385,0.2353905739,-0.02478806903,0.1189375626,0.002929182329,-4.853479461,-1.207201652,0.1409317124,-4.244112642,6.192046416,-0.9061017881,-0.9366141542,6.27332319
4.14,0.2240653434,-1.383051948,-0.4483057035,3.141563125,0.001455998611,-1.396636432,-0.0002240889093,0.000913503212,-0.002283721929,-0.0007428849707,0.2497942308,-0.2726748985,-0.2661488089,0.247453402,-0.07179194212,0.189087638,0.1910933726,-0.07255320836,0.01032881114,0.06788338881,0.01380410232,0.004795894616,-0.00263047189,-0.001200432839,0.0006025930724,-0.001638911832,0.008904883588,0.004140233847,0.3645991211,-0.05003003418,-0.05743282201,0.3772143626,-0.546101731,0.02672110696,0.02047053225,-0.5420932737,-0.1754572761,-0.7895317217,-0.1072612491,-0.0152492661,-0.0160008009,0.1099818012,0.1545713712,-0.04542466998,0.06875033104,-0.03622852423,-3.897703078,-0.5322639026,-0.4593255683,-3.833403951,5.726695386,-0.7442458464,-0.7133785318,5.724829569
#Exudyn explicit time integration (ExplicitEuler) solver solution file
#simulation started=2026-01-27,10:20:11
#columns contain: time, ODE2 displacements, ODE2 velocities, ODE2 accelerations
#number of system coordinates [nODE2, nODE1, nAlgebraic, nData] = [18,0,0,0]
#number of written coordinates [nODE2, nVel2, nAcc2, nODE1, nVel1, nAlgebraic, nData] = [18,18,18,0,0,0,0]
#total columns exported  (excl. time) = 54
#number of time steps (planned) = 200
#Exudyn version = 1.10.0; Python3.11.11; Windows AVX2 FLOAT64
#
#solution information = DogEnv
4.14,0.2240653434,-1.383051948,-0.4483057035,3.141563125,0.001455998611,-1.396636432,-0.0002240889093,0.000913503212,-0.002283721929,-0.0007428849707,0.2497942308,-0.2726748985,-0.2661488089,0.247453402,-0.07179194212,0.189087638,0.1910933726,-0.07255320836,0.01032881114,0.06788338881,0.01380410232,0.004795894616,-0.00263047189,-0.001200432839,0.0006025930724,-0.001638911832,0.008904883588,0.004140233847,0.3645991211,-0.05003003418,-0.05743282201,0.3772143626,-0.546101731,0.02672110696,0.02047053225,-0.5420932737,-0.1754572761,-0.7895317217,-0.1072612491,-0.0152492661,-0.0160008009,0.1099818012,0.1545713712,-0.04542466998,0.06875033104,-0.03622852423,-3.897703078,-0.5322639026,-0.4593255683,-3.833403951,5.726695386,-0.7442458464,-0.7133785318,5.724829569
4.15,0.2241567219,-1.382431692,-0.4481875426,3.141669028,0.001447171315,-1.396640009,-0.0002009373354,0.0008963684683,-0.002184344141,-0.0006991149559,0.2535533802,-0.2726485787,-0.2660311535,0.2513966707,-0.07994279195,0.1859479886,0.1879306277,-0.08065313363,0.007818028505,0.05537431864,0.01025425208,0.01370067693,0.0002525696215,0.0005573977828,0.003851689661,-0.001963608556,0.01080872038,0.004364292638,0.3500856686,-0.003228607987,0.01706848912,0.373047732,-0.7835272954,-0.3123121827,-0.3146478354,-0.7777225292,-0.2561368448,-1.299943888,-0.2291124927,0.1785627899,0.09068552243,0.1759113827,0.2464302345,-0.07233442141,0.1227150243,-0.04436683599,-5.491360681,-1.979642377,-1.149032759,-5.065057478,7.666305324,2.412302217,2.329054573,7.677175455
4.16,0.2242226144,-1.381940472,-0.4480937686,3.14180639,0.001450332265,-1.396626406,-0.000152820476,0.0008724087599,-0.002071950341,-0.0006588894888,0.2568042929,-0.2727605817,-0.2659311108,0.2548876892,-0.08740784227,0.1829426499,0.1848998543,-0.08806062619,0.00537412933,0.0429294802,0.008689521427,0.01324807411,0.0001234530157,0.002105745277,0.00557987222,-0.002866163972,0.01153911779,0.003608374173,0.301355508,-0.01817728865,0.001978377487,0.3257586516,-0.7097943777,-0.2887718104,-0.2913826908,-0.7041437933,-0.2332041886,-1.189556033,-0.1040176728,-0.1570157063,-0.06934022046,0.1326072824,0.1190977376,-0.09183239212,0.03832141364,-0.08617912982,-4.415213292,-1.242797104,-1.674367068,-4.420787646,7.049196452,2.270895163,2.276035634,7.023187084
#Exudyn explicit time integration (ExplicitEuler) solver solution file
#simulation started=2026-01-27,10:20:11
#columns contain: time, ODE2 displacements, ODE2 velocities, ODE2 accelerations
#number of system coordinates [nODE2, nODE1, nAlgebraic, nData] = [18,0,0,0]
#number of written coordinates [nODE2, nVel2, nAcc2, nODE1, nVel1, nAlgebraic, nData] = [18,18,18,0,0,0,0]
#total columns exported  (excl. time) = 54
#number of time steps (planned) = 200
#Exudyn version = 1.10.0; Python3.11.11; Windows AVX2 FLOAT64
#
#solution information = DogEnv
4.16,0.2242226144,-1.381940472,-0.4480937686,3.14180639,0.001450332265,-1.396626406,-0.000152820476,0.0008724087599,-0.002071950341,-0.0006588894888,0.2568042929,-0.2727605817,-0.2659311108,0.2548876892,-0.08740784227,0.1829426499,0.1848998543,-0.08806062619,0.00537412933,0.0429294802,0.008689521427,0.01324807411,0.0001234530157,0.002105745277,0.00557987222,-0.002866163972,0.01153911779,0.003608374173,0.301355508,-0.01817728865,0.001978377487,0.3257586516,-0.7097943777,-0.2887718104,-0.2913826908,-0.7041437933,-0.2332041886,-1.189556033,-0.1040176728,-0.1570157063,-0.06934022046,0.1326072824,0.1190977376,-0.09183239212,0.03832141364,-0.08617912982,-4.415213292,-1.242797104,-1.674367068,-4.420787646,7.049196452,2.270895163,2.276035634,7.023187084
4.17,0.2242620775,-1.381586618,-0.4480215632,3.141971031,0.001463123873,-1.396597134,-8.346320077e-05,0.0008424505258,-0.001947966736,-0.0006222003405,0.2587969664,-0.272571928,-0.2654397596,0.2571533468,-0.09286621135,0.1776098101,0.1795731839,-0.09346408819,0.002568387976,0.02806982514,0.005922779019,0.01728834148,0.001723598196,0.00374107333,0.007969607765,-0.0033549454,0.0129546006,0.003451007988,0.1668880561,0.01347167603,0.04677300404,0.1955685065,-0.5129180042,-0.5181561072,-0.5182032984,-0.5072657028,-0.2614280839,-1.391896832,-0.1939464027,-0.08210143809,-0.02314361468,0.1492176207,0.1362505947,-0.09948510033,0.0512236269,-0.08729746605,-3.892033941,-1.838660934,-2.082156498,-3.737525655,4.659864928,4.499218126,4.429487975,4.679765067
4.18,0.2242753048,-1.381372262,-0.4479695978,3.142135934,0.0014769796,-1.396553161,8.965319235e-07,0.0008038385435,-0.001817312543,-0.0005924273304,0.2602886716,-0.2725202004,-0.2650806054,0.2589348883,-0.09777091956,0.1726449718,0.1746059657,-0.09831165943,0.0001000196764,0.01492520644,0.00464561671,0.01544524178,0.0009127816868,0.004981722236,0.008751393863,-0.004352594168,0.013075518,0.002497636858,0.132385871,-0.00277931443,0.02461817138,0.1613562558,-0.4682051287,-0.475007015,-0.4753371039,-0.4624471095,-0.2327894386,-1.238723617,-0.07911088796,-0.2313129856,-0.105863358,0.09903038714,0.03783952005,-0.08736931246,-0.01268252705,-0.08855888268,-3.104390606,-1.508502869,-2.236435247,-3.150519723,4.282070741,4.127938987,4.122343429,4.288604344
#Exudyn explicit time integration (ExplicitEuler) solver solution file
#simulation started=2026-01-27,10:20:11
#columns contain: time, ODE2 displacements, ODE2 velocities, ODE2 accelerations
#number of system coordinates [nODE2, nODE1, nAlgebraic, nData] = [18,0,0,0]
#number of written coordinates [nODE2, nVel2, nAcc2, nODE1, nVel1, nAlgebraic, nData] = [18,18,18,0,0,0,0]
#total columns exported  (excl. time) = 54
#number of time steps (planned) = 200
#Exudyn version = 1.10.0; Python3.11.11; Windows AVX2 FLOAT64
#
#solution information = DogEnv
4.18,0.2242753048,-1.381372262,-0.4479695978,3.142135934,0.0014769796,-1.396553161,8.965319235e-07,0.0008038385435,-0.001817312543,-0.0005924273304,0.2602886716,-0.2725202004,-0.2650806054,0.2589348883,-0.09777091956,0.1726449718,0.1746059657,-0.09831165943,0.0001000196764,0.01492520644,0.00464561671,0.01544524178,0.0009127816868,0.004981722236,0.008751393863,-0.004352594168,0.013075518,0.002497636858,0.132385871,-0.00277931443,0.02461817138,0.1613562558,-0.4682051287,-0.475007015,-0.4753371039,-0.4624471095,-0.2327894386,-1.238723617,-0.07911088796,-0.2313129856,-0.105863358,0.09903038714,0.03783952005,-0.08736931246,-0.01268252705,-0.08855888268,-3.104390606,-1.508502869,-2.236435247,-3.150519723,4.282070741,4.127938987,4.122343429,4.288604344
4.19,0.224263219,-1.381293497,-0.4479312966,3.142296533,0.001486000973,-1.396498492,9.164287961e-05,0.0007572542098,-0.001685685755,-0.0005701494285,0.2601012476,-0.272365601,-0.2646346219,0.2590696261,-0.09825926223,0.1666976418,0.1686693265,-0.09873110849,-0.002361543819,0.001688185991,0.003002720107,0.01510530145,0.0006257552278,0.005882967947,0.009276819544,-0.004907348605,0.01318520607,0.001995780776,-0.04463569205,0.01104273212,0.03740283262,-0.01351536886,-0.03256489379,-0.572496375,-0.5719656465,-0.02600186475,-0.2150501577,-1.153874048,-0.1233244442,-0.2413439302,-0.09008092205,0.06842827414,0.009826724536,-0.05575127759,-0.02535485847,-0.06273521156,-1.299123603,-1.498680624,-2.254037387,-1.430010677,-0.3237702013,5.163002875,5.143808568,-0.2775712359
4.2,0.2242294233,-1.381331192,-0.4479056072,3.142435813,0.001487480666,-1.396437001,0.0001839051594,0.0007058589995,-0.001555721131,-0.0005530072158,0.25959799,-0.272329674,-0.2643713642,0.2588713933,-0.09859981894,0.1612204496,0.1631968967,-0.09900428455,-0.00437166417,-0.009082747428,0.002270908767,0.01275266343,-0.0003397627872,0.006349857673,0.009097390298,-0.005317173915,0.01276048758,0.001471884422,-0.05550235362,-0.003971545254,0.01522735624,-0.02564566954,-0.0354168385,-0.5232125855,-0.5227713816,-0.02853524601,-0.1874015324,-1.0026498,-0.0361093665,-0.2267251959,-0.09322005693,0.02637699538,-0.0378868243,-0.02224256356,-0.05299945824,-0.03791676848,-0.9130572659,-1.47933415,-2.142300907,-1.047005062,-0.2370245056,4.705821894,4.700591569,-0.2144584076
#Exudyn explicit time integration (ExplicitEuler) solver solution file
#simulation started=2026-01-27,10:20:11
#columns contain: time, ODE2 displacements, ODE2 velocities, ODE2 accelerations
#number of system coordinates [nODE2, nODE1, nAlgebraic, nData] = [18,0,0,0]
#number of written coordinates [nODE2, nVel2, nAcc2, nODE1, nVel1, nAlgebraic, nData] = [18,18,18,0,0,0,0]
#total columns exported  (excl. time) = 54
#number of time steps (planned) = 200
#Exudyn version = 1.10.0; Python3.11.11; Windows AVX2 FLOAT64
#
#solution information = DogEnv
4.2,0.2242294233,-1.381331192,-0.4479056072,3.142435813,0.001487480666,-1.396437001,0.0001839051594,0.0007058589995,-0.001555721131,-0.0005530072158,0.25959799,-0.272329674,-0.2643713642,0.2588713933,-0.09859981894,0.1612204496,0.1631968967,-0.09900428455,-0.00437166417,-0.009082747428,0.002270908767,0.01275266343,-0.0003397627872,0.006349857673,0.009097390298,-0.005317173915,0.01276048758,0.001471884422,-0.05550235362,-0.003971545254,0.01522735624,-0.02564566954,-0.0354168385,-0.5232125855,-0.5227713816,-0.02853524601,-0.1874015324,-1.0026498,-0.0361093665,-0.2267251959,-0.09322005693,0.02637699538,-0.0378868243,-0.02224256356,-0.05299945824,-0.03791676848,-0.9130572659,-1.47933415,-2.142300907,-1.047005062,-0.2370245056,4.705821894,4.700591569,-0.2144584076
4.21,0.2241775112,-1.381465034,-0.4478797657,3.142531549,0.001470448774,-1.396374378,0.0002669454544,0.0006501382663,-0.001436164287,-0.0005427812742,0.2581890241,-0.2726859307,-0.2646216861,0.2577568337,-0.0955192322,0.1575092736,0.1594766559,-0.09584346201,-0.005848614526,-0.01675705626,0.00277395023,0.006902896866,-0.002550902675,0.006046325776,0.007679020835,-0.00538223725,0.01142935164,0.001025073907,-0.1461317951,-0.04072754998,-0.03664464534,-0.1207353438,0.3029345734,-0.3504168922,-0.3511045806,0.3100503612,-0.1204742155,-0.6149171913,0.03006061311,-0.3344474607,-0.09827512887,-0.05633895693,-0.103900996,0.06680082158,-0.08762067023,0.02437863735,1.034284828,-0.576216925,-1.425649934,0.4903286813,-3.450916683,3.142704202,3.167006434,-3.480623028
4.22,0.2241133771,-1.381661417,-0.4478506004,3.142588505,0.001441395364,-1.396317053,0.0003387274388,0.0006001505093,-0.001326076296,-0.0005308812454,0.2567739076,-0.2731271246,-0.2650526928,0.2565761018,-0.09265577018,0.1541551343,0.1561158291,-0.09291028237,-0.006957892683,-0.02241553315,0.003056756603,0.004754910573,-0.003179159942,0.005384544852,0.006672813647,-0.004570436174,0.01058661482,0.001388411493,-0.1371237643,-0.04781637859,-0.04917945612,-0.1152221991,0.2699920223,-0.3206116413,-0.3213297539,0.2768155246,-0.1016461895,-0.5185944053,0.026843597,-0.1497695417,-0.04285585112,-0.07321652342,-0.09987555653,0.08984841915,-0.08303071591,0.04315387203,0.8313114671,-0.7389891626,-1.117004191,0.5820424133,-3.12168355,2.839399044,2.82099208,-3.152153477
#Exudyn explicit time integration (ExplicitEuler) solver solution file
#simulation started=2026-01-27,10:20:11
#columns contain: time, ODE2 displacements, ODE2 velocities, ODE2 accelerations
#number of system coordinates [nODE2, nODE1, nAlgebraic, nData] = [18,0,0,0]
#number of written coordinates [nODE2, nVel2, nAcc2, nODE1, nVel1, nAlgebraic, nData] = [18,18,18,0,0,0,0]
#total columns exported  (excl. time) = 54
#number of time steps (planned) = 200
#Exudyn version = 1.10.0; Python3.11.11; Windows AVX2 FLOAT64
#
#solution information = DogEnv
4.22,0.2241133771,-1.381661417,-0.4478506004,3.142588505,0.001441395364,-1.396317053,0.0003387274388,0.0006001505093,-0.001326076296,-0.0005308812454,0.2567739076,-0.2731271246,-0.2650526928,0.2565761018,-0.09265577018,0.1541551343,0.1561158291,-0.09291028237,-0.006957892683,-0.02241553315,0.003056756603,0.004754910573,-0.003179159942,0.005384544852,0.006672813647,-0.004570436174,0.01058661482,0.001388411493,-0.1371237643,-0.04781637859,-0.04917945612,-0.1152221991,0.2699920223,-0.3206116413,-0.3213297539,0.2768155246,-0.1016461895,-0.5185944053,0.026843597,-0.1497695417,-0.04285585112,-0.07321652342,-0.09987555653,0.08984841915,-0.08303071591,0.04315387203,0.8313114671,-0.7389891626,-1.117004191,0.5820424133,-3.12168355,2.839399044,2.82099208,-3.152153477
4.23,0.2240439355,-1.381881259,-0.4478026815,3.142548433,0.001386543628,-1.396272008,0.0003906576077,0.0005600483131,-0.001232787459,-0.000517023434,0.2556715153,-0.2747314287,-0.2668460724,0.2555684071,-0.08826760692,0.1565956743,0.1585227644,-0.08848522835,-0.006768573865,-0.02064930969,0.006305738378,-0.009097658283,-0.006374745655,0.003433355105,0.004065729014,-0.002730135129,0.008592853316,0.002140879563,-0.08904482437,-0.1635580381,-0.1922947555,-0.09080528549,0.4214413628,0.2498520217,0.2473940444,0.4228319836,0.03771384093,0.2728574103,0.2230982991,-0.4323243626,-0.03482637955,-0.2199048326,-0.1972789678,0.2688705237,-0.1230466189,0.1707926086,2.967613488,1.938997412,0.9421295022,1.724410364,-3.888048703,-2.499071463,-2.478442432,-4.0666094
4.24,0.2239780975,-1.382074717,-0.4477314083,3.142447329,0.001322481592,-1.396248121,0.0004218915289,0.0005448224875,-0.001153143843,-0.0004881011077,0.2548994182,-0.2762858013,-0.268715743,0.2547428942,-0.08424438066,0.1589718432,0.1608730461,-0.08445449432,-0.006397230309,-0.01805924956,0.007733556305,-0.01043690439,-0.00636859285,0.001379338983,0.002203378599,-0.0004143602674,0.007318522709,0.003565731732,-0.06716428912,-0.1481113683,-0.1811127276,-0.07449515219,0.3831230375,0.225393232,0.2225364741,0.3833872514,0.03656013782,0.2468503749,0.08311541295,0.01879046745,0.01370346866,-0.187488012,-0.1724626691,0.1967131324,-0.1259030095,0.1166490745,1.705739461,1.332086198,1.209738183,1.516041493,-3.719756962,-2.358343213,-2.424772341,-3.793633986
#Exudyn explicit time integration (ExplicitEuler) solver solution file
#simulation started=2026-01-27,10:20:11
#columns contain: time, ODE2 displacements, ODE2 velocities, ODE2 accelerations
#number of system coordinates [nODE2, nODE1, nAlgebraic, nData] = [18,0,0,0]
#number of written coordinates [nODE2, nVel2, nAcc2, nODE1, nVel1, nAlgebraic, nData] = [18,18,18,0,0,0,0]
#total columns exported  (excl. time) = 54
#number of time steps (planned) = 200
#Exudyn version = 1.10.0; Python3.11.11; Windows AVX2 FLOAT64
#
#solution information = DogEnv
4.24,0.2239780975,-1.382074717,-0.4477314083,3.142447329,0.001322481592,-1.396248121,0.0004218915289,0.0005448224875,-0.001153143843,-0.0004881011077,0.2548994182,-0.2762858013,-0.268715743,0.2547428942,-0.08424438066,0.1589718432,0.1608730461,-0.08445449432,-0.006397230309,-0.01805924956,0.007733556305,-0.01043690439,-0.00636859285,0.001379338983,0.002203378599,-0.0004143602674,0.007318522709,0.003565731732,-0.06716428912,-0.1481113683,-0.1811127276,-0.07449515219,0.3831230375,0.225393232,0.2225364741,0.3833872514,0.03656013782,0.2468503749,0.08311541295,0.01879046745,0.01370346866,-0.187488012,-0.1724626691,0.1967131324,-0.1259030095,0.1166490745,1.705739461,1.332086198,1.209738183,1.516041493,-3.719756962,-2.358343213,-2.424772341,-3.793633986
4.25,0.2239224822,-1.382206498,-0.4476314307,3.142244511,0.001247517276,-1.396249394,0.0004334456011,0.000561676884,-0.001085920694,-0.0004384975993,0.2550046146,-0.2791095434,-0.271977894,0.2545599058,-0.07979365441,0.1680658045,0.1699566416,-0.08008318849,-0.004576576819,-0.007542729072,0.01205420349,-0.02544622629,-0.00755556652,-0.001766002042,8.476686099e-05,0.003943157935,0.006196857626,0.006537649822,0.04302935023,-0.2765795249,-0.3298720374,-0.0006553790197,0.4263521341,0.8885525866,0.8877920996,0.4155941713,0.1915645208,1.08004142,0.3076258154,-0.317083647,0.06083204365,-0.3143368248,-0.2362747914,0.3660728006,-0.1348000505,0.252544891,3.637523398,4.65091008,3.646910833,2.340408215,-3.264851903,-8.525215168,-8.538540453,-3.442818184
4.26,0.2238858158,-1.382231063,-0.4474996081,3.141988083,0.001174498179,-1.396281312,0.0004222455619,0.0006153603712,-0.001031742349,-0.0003637607381,0.2555709341,-0.2816667795,-0.2750958457,0.2546636319,-0.07569515217,0.1765395975,0.1784188139,-0.07609629055,-0.002777212229,0.002481856445,0.01400538588,-0.02499344874,-0.007101784944,-0.00450729091,-0.002327501156,0.006501731194,0.004578310368,0.008175977167,0.06736888672,-0.2361164154,-0.2935556751,0.02095649706,0.3929460422,0.8065337258,0.8047801628,0.3816970933,0.1685186524,0.9306242656,0.110287362,0.2264988533,0.02989205349,-0.232835738,-0.2265555322,0.1732535074,-0.1650343366,0.1002708759,1.686463768,3.627162295,3.547323006,1.955434943,-3.324152658,-7.852079132,-7.985790327,-3.299539945
#Exudyn explicit time integration (ExplicitEuler) solver solution file
#simulation started=2026-01-27,10:20:11
#columns contain: time, ODE2 displacements, ODE2 velocities, ODE2 accelerations
#number of system coordinates [nODE2, nODE1, nAlgebraic, nData] = [18,0,0,0]
#number of written coordinates [nODE2, nVel2, nAcc2, nODE1, nVel1, nAlgebraic, nData] = [18,18,18,0,0,0,0]
#total columns exported  (excl. time) = 54
#number of time steps (planned) = 200
#Exudyn version = 1.10.0; Python3.11.11; Windows AVX2 FLOAT64
#
#solution information = DogEnv
4.26,0.2238858158,-1.382231063,-0.4474996081,3.141988083,0.001174498179,-1.396281312,0.0004222455619,0.0006153603712,-0.001031742349,-0.0003637607381,0.2555709341,-0.2816667795,-0.2750958457,0.2546636319,-0.07569515217,0.1765395975,0.1784188139,-0.07609629055,-0.002777212229,0.002481856445,0.01400538588,-0.02499344874,-0.007101784944,-0.00450729091,-0.002327501156,0.006501731194,0.004578310368,0.008175977167,0.06736888672,-0.2361164154,-0.2935556751,0.02095649706,0.3929460422,0.8065337258,0.8047801628,0.3816970933,0.1685186524,0.9306242656,0.110287362,0.2264988533,0.02989205349,-0.232835738,-0.2265555322,0.1732535074,-0.1650343366,0.1002708759,1.686463768,3.627162295,3.547323006,1.955434943,-3.324152658,-7.852079132,-7.985790327,-3.299539945
4.27,0.2238671224,-1.382156467,-0.4473531321,3.141734679,0.00110598248,-1.396338333,0.0003896532427,0.0006928028659,-0.0009921235399,-0.0002739298511,0.2565064086,-0.2847574362,-0.278713535,0.2551249351,-0.07251100108,0.1883117374,0.1902063349,-0.073033391,-0.0008823588667,0.01285254147,0.01528701146,-0.02512404841,-0.006697607326,-0.006849278308,-0.004279330272,0.008730123441,0.003215606833,0.009564711552,0.1054416229,-0.2959217086,-0.3502684582,0.05736205172,0.3044756156,1.132870265,1.133264398,0.2920100609,0.1892242255,1.028661333,0.09419367478,0.1928496326,0.03041064509,-0.2025566019,-0.1924245693,0.1346571173,-0.1418469207,0.07619555118,1.490319282,4.866695606,4.705015888,1.706410918,-2.327807335,-11.1073452,-11.19120889,-2.275818053
4.28,0.2238672212,-1.381979632,-0.4471970815,3.141495998,0.001040424785,-1.396415539,0.0003382531249,0.0007848579891,-0.0009665253237,-0.0001758491324,0.2576201325,-0.2874892533,-0.2819902772,0.2557772571,-0.06958072934,0.1991077501,0.201000916,-0.07022385527,0.0008757726512,0.02235444101,0.01580456194,-0.02241917193,-0.006420083586,-0.008479909542,-0.005914471664,0.009524712249,0.00195047229,0.009943284644,0.1163238856,-0.2512318394,-0.3054284767,0.07268539135,0.2814908579,1.026992112,1.026242253,0.2699044068,0.1628774235,0.8755475089,0.01907132216,0.3022790331,0.02571874227,-0.1258366322,-0.1316896421,0.03506374077,-0.1071693935,0.008177314135,0.8137121652,4.121713461,4.240857362,1.365167782,-2.247046329,-10.08234314,-10.20651072,-2.139672912
#Exudyn explicit time integration (ExplicitEuler) solver solution file
#simulation started=2026-01-27,10:20:11
#columns contain: time, ODE2 displacements, ODE2 velocities, ODE2 accelerations
#number of system coordinates [nODE2, nODE1, nAlgebraic, nData] = [18,0,0,0]
#number of written coordinates [nODE2, nVel2, nAcc2, nODE1, nVel1, nAlgebraic, nData] = [18,18,18,0,0,0,0]
#total columns exported  (excl. time) = 54
#number of time steps (planned) = 200
#Exudyn version = 1.10.0; Python3.11.11; Windows AVX2 FLOAT64
#
#solution information = DogEnv
4.28,0.2238672212,-1.381979632,-0.4471970815,3.141495998,0.001040424785,-1.396415539,0.0003382531249,0.0007848579891,-0.0009665253237,-0.0001758491324,0.2576201325,-0.2874892533,-0.2819902772,0.2557772571,-0.06958072934,0.1991077501,0.201000916,-0.07022385527,0.0008757726512,0.02235444101,0.01580456194,-0.02241917193,-0.006420083586,-0.008479909542,-0.005914471664,0.009524712249,0.00195047229,0.009943284644,0.1163238856,-0.2512318394,-0.3054284767,0.07268539135,0.2814908579,1.026992112,1.026242253,0.2699044068,0.1628774235,0.8755475089,0.01907132216,0.3022790331,0.02571874227,-0.1258366322,-0.1316896421,0.03506374077,-0.1071693935,0.008177314135,0.8137121652,4.121713461,4.240857362,1.365167782,-2.247046329,-10.08234314,-10.20651072,-2.139672912
4.29,0.2238824191,-1.381721348,-0.4470481506,3.14131833,0.0009764619829,-1.39650373,0.0002712357654,0.0008733925382,-0.0009550916407,-8.354152462e-05,0.2596423585,-0.2894822727,-0.284501632,0.2574732004,-0.07060695032,0.2072406142,0.2090986315,-0.07132457827,0.001977609108,0.02826925805,0.01417003091,-0.01415590963,-0.006144528549,-0.008964793691,-0.007008929767,0.008372892903,0.000774739597,0.008825083043,0.2052589133,-0.1824021654,-0.229118407,0.1793450376,-0.1092602434,0.767774277,0.7634781515,-0.1155905421,0.08119791965,0.4319740327,-0.1184657989,0.4502462073,0.04111558777,-0.003853722518,-0.01412907364,-0.07907025554,-0.03776306386,-0.06762695241,-1.424208086,2.511624428,3.211692989,-0.5363858486,1.440138357,-7.708693227,-7.869257787,1.608020297
4.3,0.2239059611,-1.381418705,-0.4469115736,3.141193233,0.0009168110474,-1.39659284,0.0002016289121,0.0009532530141,-0.0009482383825,1.538964368e-06,0.2616349951,-0.2911825466,-0.2866439192,0.259238592,-0.07162825859,0.2145499511,0.2163597885,-0.07240268526,0.002713658619,0.0321565203,0.01319608272,-0.01121055627,-0.005793427144,-0.008793893759,-0.006818711923,0.007582995036,0.0006686548777,0.008189974982,0.1938512869,-0.1576806753,-0.1999144802,0.1735948437,-0.09498865013,0.6946191645,0.6894471834,-0.1001170352,0.06646811973,0.3470482233,-0.08169605317,0.2092995184,0.03299350514,0.03374319838,0.04239405261,-0.08308854065,0.007765590802,-0.06368587704,-0.9840208923,2.362844722,2.681031802,-0.5930124399,1.37510472,-6.950820414,-6.99848666,1.470266987
#Exudyn explicit time integration (ExplicitEuler) solver solution file
#simulation started=2026-01-27,10:20:11
#columns contain: time, ODE2 displacements, ODE2 velocities, ODE2 accelerations
#number of system coordinates [nODE2, nODE1, nAlgebraic, nData] = [18,0,0,0]
#number of written coordinates [nODE2, nVel2, nAcc2, nODE1, nVel1, nAlgebraic, nData] = [18,18,18,0,0,0,0]
#total columns exported  (excl. time) = 54
#number of time steps (planned) = 200
#Exudyn version = 1.10.0; Python3.11.11; Windows AVX2 FLOAT64
#
#solution information = DogEnv
4.3,0.2239059611,-1.381418705,-0.4469115736,3.141193233,0.0009168110474,-1.39659284,0.0002016289121,0.0009532530141,-0.0009482383825,1.538964368e-06,0.2616349951,-0.2911825466,-0.2866439192,0.259238592,-0.07162825859,0.2145499511,0.2163597885,-0.07240268526,0.002713658619,0.0321565203,0.01319608272,-0.01121055627,-0.005793427144,-0.008793893759,-0.006818711923,0.007582995036,0.0006686548777,0.008189974982,0.1938512869,-0.1576806753,-0.1999144802,0.1735948437,-0.09498865013,0.6946191645,0.6894471834,-0.1001170352,0.06646811973,0.3470482233,-0.08169605317,0.2092995184,0.03299350514,0.03374319838,0.04239405261,-0.08308854065,0.007765590802,-0.06368587704,-0.9840208923,2.362844722,2.681031802,-0.5930124399,1.37510472,-6.950820414,-6.99848666,1.470266987
4.31,0.2239318433,-1.381105071,-0.4468108776,3.14117614,0.0008680134713,-1.396673504,0.0001375974624,0.001011443729,-0.0009426567639,6.88045267e-05,0.2646250919,-0.2917177025,-0.287488108,0.2622027783,-0.07909013639,0.2161688517,0.2178888546,-0.07985364242,0.002143468653,0.02876910122,0.007732100245,0.004321301141,-0.003769945983,-0.00706583589,-0.005306712195,0.004597420642,0.001154998946,0.005987226775,0.2889725714,-0.04671265435,-0.06359133037,0.295333281,-0.730314182,0.1361770105,0.1263601205,-0.7282379061,-0.09335669991,-0.546270314,-0.3356391976,0.5248601962,0.1449397021,0.2173561814,0.2568521642,-0.1953590535,0.1415152994,-0.1272236629,-4.665742325,-0.5970392766,0.9384542177,-3.786255863,7.18654042,-1.884891183,-2.07018697,7.301310431
4.32,0.2239487991,-1.380843781,-0.4467462172,3.141231948,0.0008344534333,-1.396733555,9.651996076e-05,0.001047851195,-0.0009245381408,0.000122116881,0.2673114352,-0.2921985226,-0.2880950261,0.2649773127,-0.08604292704,0.2174427755,0.219062202,-0.08678249671,0.001253117454,0.02350189695,0.005493054316,0.006036025174,-0.003142076997,-0.004958762157,-0.002973287126,0.002682972687,0.002427417778,0.004651177772,0.249952647,-0.04858021163,-0.05891429217,0.2601004534,-0.6603590094,0.1188853965,0.1090129485,-0.65778361,-0.08478173815,-0.5068965978,-0.1429545671,-0.006501361515,0.01600819948,0.1976798564,0.2066196542,-0.183804987,0.1107702077,-0.133658103,-3.394571655,-0.01155021353,0.1945899174,-3.270331152,6.725561933,-1.605279464,-1.51835774,6.745986564
#Exudyn explicit time integration (ExplicitEuler) solver solution file
#simulation started=2026-01-27,10:20:12
#columns contain: time, ODE2 displacements, ODE2 velocities, ODE2 accelerations
#number of system coordinates [nODE2, nODE1, nAlgebraic, nData] = [18,0,0,0]
#number of written coordinates [nODE2, nVel2, nAcc2, nODE1, nVel1, nAlgebraic, nData] = [18,18,18,0,0,0,0]
#total columns exported  (excl. time) = 54
#number of time steps (planned) = 200
#Exudyn version = 1.10.0; Python3.11.11; Windows AVX2 FLOAT64
#
#solution information = DogEnv
4.32,0.2239487991,-1.380843781,-0.4467462172,3.141231948,0.0008344534333,-1.396733555,9.651996076e-05,0.001047851195,-0.0009245381408,0.000122116881,0.2673114352,-0.2921985226,-0.2880950261,0.2649773127,-0.08604292704,0.2174427755,0.219062202,-0.08678249671,0.001253117454,0.02350189695,0.005493054316,0.006036025174,-0.003142076997,-0.004958762157,-0.002973287126,0.002682972687,0.002427417778,0.004651177772,0.249952647,-0.04858021163,-0.05891429217,0.2601004534,-0.6603590094,0.1188853965,0.1090129485,-0.65778361,-0.08478173815,-0.5068965978,-0.1429545671,-0.006501361515,0.01600819948,0.1976798564,0.2066196542,-0.183804987,0.1107702077,-0.133658103,-3.394571655,-0.01155021353,0.1945899174,-3.270331152,6.725561933,-1.605279464,-1.51835774,6.745986564
4.33,0.2239506192,-1.380672156,-0.4467345102,3.141399013,0.0008366134963,-1.396765652,9.661504521e-05,0.001065113944,-0.0008794831506,0.0001630157118,0.2699333129,-0.2919863873,-0.2877511212,0.2677383835,-0.09797105803,0.2142401171,0.2157634076,-0.09871483076,-0.001053367779,0.009789138986,-0.001975611452,0.02188825808,0.002455905493,-0.001195789228,0.002831069359,0.0004903981808,0.006464601436,0.00349840388,0.2351027192,0.01610707833,0.04353770726,0.2521806547,-1.14733858,-0.3222349607,-0.3340171528,-1.147626101,-0.2380011771,-1.43598888,-0.4108009266,0.2607796777,0.18698121,0.4056907058,0.459405042,-0.3031820284,0.2956067583,-0.1923525603,-5.952639945,-2.1421131,-1.209594865,-5.503698096,10.90685862,2.239882463,2.069495965,10.93210822
4.34,0.2239288249,-1.380642605,-0.4467681751,3.141617507,0.0008635913245,-1.396758671,0.000143129444,0.001053647969,-0.000803907078,0.0001866633557,0.272011348,-0.2919128914,-0.2873935657,0.2700046398,-0.1089183565,0.2111280239,0.2125343002,-0.1096633008,-0.003276720906,-0.003732256666,-0.004280840282,0.02102042594,0.002515214669,0.002488940411,0.006142346583,-0.002843678395,0.008390936594,0.001140340134,0.1818393513,-0.0005378870062,0.02677847833,0.202081096,-1.042620802,-0.3000989767,-0.3111416053,-1.042518482,-0.2073195614,-1.267504679,-0.1043493385,-0.2506445907,-0.08410999446,0.3240694514,0.237792369,-0.3256905066,0.1238439431,-0.239866597,-4.816760246,-1.451593036,-1.882076584,-4.590320014,9.998005485,2.166730774,2.3620714,10.04938044
#Exudyn explicit time integration (ExplicitEuler) solver solution file
#simulation started=2026-01-27,10:20:12
#columns contain: time, ODE2 displacements, ODE2 velocities, ODE2 accelerations
#number of system coordinates [nODE2, nODE1, nAlgebraic, nData] = [18,0,0,0]
#number of written coordinates [nODE2, nVel2, nAcc2, nODE1, nVel1, nAlgebraic, nData] = [18,18,18,0,0,0,0]
#total columns exported  (excl. time) = 54
#number of time steps (planned) = 200
#Exudyn version = 1.10.0; Python3.11.11; Windows AVX2 FLOAT64
#
#solution information = DogEnv
4.34,0.2239288249,-1.380642605,-0.4467681751,3.141617507,0.0008635913245,-1.396758671,0.000143129444,0.001053647969,-0.000803907078,0.0001866633557,0.272011348,-0.2919128914,-0.2873935657,0.2700046398,-0.1089183565,0.2111280239,0.2125343002,-0.1096633008,-0.003276720906,-0.003732256666,-0.004280840282,0.02102042594,0.002515214669,0.002488940411,0.006142346583,-0.002843678395,0.008390936594,0.001140340134,0.1818393513,-0.0005378870062,0.02677847833,0.202081096,-1.042620802,-0.3000989767,-0.3111416053,-1.042518482,-0.2073195614,-1.267504679,-0.1043493385,-0.2506445907,-0.08410999446,0.3240694514,0.237792369,-0.3256905066,0.1238439431,-0.239866597,-4.816760246,-1.451593036,-1.882076584,-4.590320014,9.998005485,2.166730774,2.3620714,10.04938044
4.35,0.2238799441,-1.380778383,-0.4468477878,3.141892165,0.0009283025802,-1.39671097,0.0002444112136,0.00102213004,-0.0006856239725,0.0001992353342,0.2722563122,-0.2915167868,-0.2865496466,0.2702976908,-0.1185250717,0.2052508339,0.2065619577,-0.1194079328,-0.006343770849,-0.02272760102,-0.01100048179,0.02843315482,0.008621206794,0.007226427346,0.01339497904,-0.004361013107,0.01446721216,0.0006118744872,-0.01983907487,0.03367766943,0.08219868791,-0.02158625901,-0.9071495254,-0.5735194466,-0.5849316611,-0.9200827607,-0.266864105,-1.706046463,-0.3958254954,-0.2160614711,0.03612142483,0.4703264078,0.3840707842,-0.4310377219,0.261405307,-0.2938971546,-4.279565218,-2.068667034,-2.55278504,-3.641712563,8.040069973,4.577156408,4.636332244,8.48264001
4.36,0.2238039663,-1.38108608,-0.4469700542,3.142162062,0.001009073934,-1.39661766,0.0003906460231,0.0009555318941,-0.0005340280445,0.0001896492457,0.2718589397,-0.2912811093,-0.2858639384,0.2699219846,-0.1272137974,0.1997375061,0.2009433961,-0.1282087719,-0.008810792778,-0.03856076907,-0.01290403848,0.0252975832,0.007178166979,0.01124598866,0.01543155148,-0.00895535322,0.01550729009,-0.002513860122,-0.05885751891,0.0132688067,0.05425714305,-0.05279910164,-0.8311926532,-0.5291755766,-0.5384667438,-0.8408455893,-0.2272370281,-1.460694491,-0.04757653214,-0.3587187869,-0.2015297812,0.3337167663,0.09933675194,-0.4211742698,0.02673476695,-0.2820924112,-3.554335973,-2.035109944,-2.839909649,-2.855920122,7.210511129,4.29539796,4.569733785,7.502595933
#Exudyn explicit time integration (ExplicitEuler) solver solution file
#simulation started=2026-01-27,10:20:12
#columns contain: time, ODE2 displacements, ODE2 velocities, ODE2 accelerations
#number of system coordinates [nODE2, nODE1, nAlgebraic, nData] = [18,0,0,0]
#number of written coordinates [nODE2, nVel2, nAcc2, nODE1, nVel1, nAlgebraic, nData] = [18,18,18,0,0,0,0]
#total columns exported  (excl. time) = 54
#number of time steps (planned) = 200
#Exudyn version = 1.10.0; Python3.11.11; Windows AVX2 FLOAT64
#
#solution information = DogEnv
4.36,0.2238039663,-1.38108608,-0.4469700542,3.142162062,0.001009073934,-1.39661766,0.0003906460231,0.0009555318941,-0.0005340280445,0.0001896492457,0.2718589397,-0.2912811093,-0.2858639384,0.2699219846,-0.1272137974,0.1997375061,0.2009433961,-0.1282087719,-0.008810792778,-0.03856076907,-0.01290403848,0.0252975832,0.007178166979,0.01124598866,0.01543155148,-0.00895535322,0.01550729009,-0.002513860122,-0.05885751891,0.0132688067,0.05425714305,-0.05279910164,-0.8311926532,-0.5291755766,-0.5384667438,-0.8408455893,-0.2272370281,-1.460694491,-0.04757653214,-0.3587187869,-0.2015297812,0.3337167663,0.09933675194,-0.4211742698,0.02673476695,-0.2820924112,-3.554335973,-2.035109944,-2.839909649,-2.855920122,7.210511129,4.29539796,4.569733785,7.502595933
4.37,0.2236996149,-1.381574343,-0.4471324901,3.142451039,0.001113778103,-1.396483483,0.0005747229815,0.0008634375216,-0.0003463383016,0.0001688683102,0.2686388257,-0.2908723892,-0.2849454832,0.2665272229,-0.1305540184,0.1924650984,0.1935899434,-0.1318359415,-0.0116690459,-0.05713812245,-0.01945815881,0.02654334701,0.0129571449,0.01579258034,0.02143406618,-0.00977437842,0.02204234696,-0.002117416751,-0.3702696385,0.03741294241,0.08597515274,-0.408921133,-0.3005404763,-0.7041068963,-0.7129367501,-0.328564155,-0.2097937452,-1.473962091,-0.4312232493,-0.5790203789,0.01620132867,0.453137787,0.2539711642,-0.4436325769,0.2478928358,-0.3198014119,-1.040680709,-1.632695965,-2.705828147,0.08792167247,1.660897203,5.926965346,6.21096976,3.403579852
4.38,0.2235731414,-1.38221451,-0.4473389828,3.142695648,0.001232837587,-1.396306383,0.0007915729292,0.0007391868701,-0.000125027239,0.0001305799677,0.264896521,-0.2905950719,-0.2842297119,0.2624936004,-0.1334854884,0.1857110334,0.186763171,-0.134991601,-0.01358858364,-0.0706168185,-0.02112782227,0.02275387011,0.01042063245,0.01935576942,0.02143351682,-0.01508312922,0.0216884822,-0.005385369903,-0.3776101164,0.01687670968,0.05653178424,-0.3974437584,-0.2861710501,-0.6467421877,-0.6524312087,-0.3046197946,-0.1750156436,-1.223803469,0.01413696561,-0.3064890135,-0.296974263,0.2703478451,-0.09806684959,-0.4674987826,-0.1251604263,-0.2514033655,-0.5628271792,-2.233326989,-2.962653584,0.9464085837,1.302849808,5.55996806,5.859497853,1.923055173
#Exudyn explicit time integration (ExplicitEuler) solver solution file
#simulation started=2026-01-27,10:20:12
#columns contain: time, ODE2 displacements, ODE2 velocities, ODE2 accelerations
#number of system coordinates [nODE2, nODE1, nAlgebraic, nData] = [18,0,0,0]
#number of written coordinates [nODE2, nVel2, nAcc2, nODE1, nVel1, nAlgebraic, nData] = [18,18,18,0,0,0,0]
#total columns exported  (excl. time) = 54
#number of time steps (planned) = 200
#Exudyn version = 1.10.0; Python3.11.11; Windows AVX2 FLOAT64
#
#solution information = DogEnv
4.38,0.2235731414,-1.38221451,-0.4473389828,3.142695648,0.001232837587,-1.396306383,0.0007915729292,0.0007391868701,-0.000125027239,0.0001305799677,0.264896521,-0.2905950719,-0.2842297119,0.2624936004,-0.1334854884,0.1857110334,0.186763171,-0.134991601,-0.01358858364,-0.0706168185,-0.02112782227,0.02275387011,0.01042063245,0.01935576942,0.02143351682,-0.01508312922,0.0216884822,-0.005385369903,-0.3776101164,0.01687670968,0.05653178424,-0.3974437584,-0.2861710501,-0.6467421877,-0.6524312087,-0.3046197946,-0.1750156436,-1.223803469,0.01413696561,-0.3064890135,-0.296974263,0.2703478451,-0.09806684959,-0.4674987826,-0.1251604263,-0.2514033655,-0.5628271792,-2.233326989,-2.962653584,0.9464085837,1.302849808,5.55996806,5.859497853,1.923055173
4.39,0.2234255602,-1.382999086,-0.4475703521,3.142933266,0.001352275002,-1.39609683,0.001014026536,0.0005814109625,0.0001096280421,8.376832026e-05,0.2589391373,-0.2904696628,-0.2836887158,0.2561292982,-0.1315985413,0.1789983433,0.1799951783,-0.1334595372,-0.01550650068,-0.08415117157,-0.02531395898,0.01980786478,0.01410184918,0.02273034234,0.02392612083,-0.01578971358,0.02630960297,-0.003825751568,-0.6279393446,0.007795328202,0.04563062665,-0.6971239356,0.1913539503,-0.6446975693,-0.6492474362,0.155446687,-0.1104891081,-0.9408534887,-0.2822427015,-0.7333617623,0.06198227295,0.3422429113,0.07503933011,-0.3079964313,0.2140234987,-0.2553806367,1.750012943,-1.144121264,-2.042681847,2.757779205,-3.289669287,5.616887423,6.000572481,-0.4835579374
4.4,0.2232654611,-1.383883584,-0.4478286028,3.143110803,0.001481591476,-1.395856173,0.001245846094,0.0004004414532,0.0003675587155,2.922726282e-05,0.2527638942,-0.2904676626,-0.2833435575,0.2494071206,-0.1298446523,0.1728238083,0.173791726,-0.1319697622,-0.01649070778,-0.09250815467,-0.02564677854,0.0165617943,0.01115929815,0.02508499003,0.02194594984,-0.02051437282,0.02452186755,-0.006851126356,-0.6061924534,-0.008692212487,0.02276837942,-0.6456916629,0.1593681448,-0.5902363038,-0.5917120392,0.1391135975,-0.08876617717,-0.7399905148,0.1362677472,-0.1642915008,-0.3516344757,0.1432834729,-0.2696072135,-0.4100674576,-0.2903883721,-0.1847342338,2.286040162,-1.842780321,-2.312721326,4.668474131,-3.121071699,5.277980989,5.512990946,-2.309371814
#Exudyn explicit time integration (ExplicitEuler) solver solution file
#simulation started=2026-01-27,10:20:12
#columns contain: time, ODE2 displacements, ODE2 velocities, ODE2 accelerations
#number of system coordinates [nODE2, nODE1, nAlgebraic, nData] = [18,0,0,0]
#number of written coordinates [nODE2, nVel2, nAcc2, nODE1, nVel1, nAlgebraic, nData] = [18,18,18,0,0,0,0]
#total columns exported  (excl. time) = 54
#number of time steps (planned) = 200
#Exudyn version = 1.10.0; Python3.11.11; Windows AVX2 FLOAT64
#
#solution information = DogEnv
4.4,0.2232654611,-1.383883584,-0.4478286028,3.143110803,0.001481591476,-1.395856173,0.001245846094,0.0004004414532,0.0003675587155,2.922726282e-05,0.2527638942,-0.2904676626,-0.2833435575,0.2494071206,-0.1298446523,0.1728238083,0.173791726,-0.1319697622,-0.01649070778,-0.09250815467,-0.02564677854,0.0165617943,0.01115929815,0.02508499003,0.02194594984,-0.02051437282,0.02452186755,-0.006851126356,-0.6061924534,-0.008692212487,0.02276837942,-0.6456916629,0.1593681448,-0.5902363038,-0.5917120392,0.1391135975,-0.08876617717,-0.7399905148,0.1362677472,-0.1642915008,-0.3516344757,0.1432834729,-0.2696072135,-0.4100674576,-0.2903883721,-0.1847342338,2.286040162,-1.842780321,-2.312721326,4.668474131,-3.121071699,5.277980989,5.512990946,-2.309371814
4.41,0.2230987361,-1.384826402,-0.4480571257,3.143235719,0.001537930039,-1.395606813,0.001426423747,0.0001604913399,0.0005665240071,-6.837390491e-05,0.2466796394,-0.2915136796,-0.2841984265,0.2433552485,-0.1255469218,0.1709658465,0.1719167121,-0.1276317691,-0.01672625508,-0.09509233648,-0.02036374558,0.01009276433,0.002518711441,0.02427640039,0.01485960414,-0.02508463702,0.01683588981,-0.01017805378,-0.5928723396,-0.114730951,-0.09939722576,-0.5765212745,0.4067969446,-0.164871365,-0.1638313899,0.4106897464,-0.005293220089,-0.1037209067,0.4015664463,-0.2842501144,-0.2656809261,-0.1751680368,-0.4373485117,0.07802396493,-0.3724630618,0.1227265877,3.540341433,0.1823280658,-0.3126154417,4.021009311,-5.222931143,1.404388755,1.549193011,-5.021774728
4.42,0.222931497,-1.385780343,-0.4482439701,3.143325247,0.001555148171,-1.39537345,0.001556449129,-8.236945508e-05,0.0007199486953,-0.0001634317958,0.240927259,-0.292650417,-0.2852019165,0.2377813731,-0.1217257582,0.1693846137,0.1703500767,-0.1237612227,-0.01669263885,-0.09549811514,-0.01721739505,0.007967379997,0.00119037478,0.02231959974,0.01128823307,-0.0232348937,0.01400336993,-0.008816844293,-0.5572412635,-0.1123510118,-0.1008120641,-0.5382273677,0.3580905267,-0.1514047918,-0.1497038722,0.3640380979,0.01171082284,0.01754496159,0.252237017,-0.1711806317,-0.07661199059,-0.2105604309,-0.3176588296,0.234692307,-0.2472323061,0.1333834512,3.553066813,0.3178198622,-0.004971632863,3.749967594,-4.540654828,1.301797877,1.32631545,-4.35956555
#Exudyn explicit time integration (ExplicitEuler) solver solution file
#simulation started=2026-01-27,10:20:12
#columns contain: time, ODE2 displacements, ODE2 velocities, ODE2 accelerations
#number of system coordinates [nODE2, nODE1, nAlgebraic, nData] = [18,0,0,0]
#number of written coordinates [nODE2, nVel2, nAcc2, nODE1, nVel1, nAlgebraic, nData] = [18,18,18,0,0,0,0]
#total columns exported  (excl. time) = 54
#number of time steps (planned) = 200
#Exudyn version = 1.10.0; Python3.11.11; Windows AVX2 FLOAT64
#
#solution information = DogEnv
4.42,0.222931497,-1.385780343,-0.4482439701,3.143325247,0.001555148171,-1.39537345,0.001556449129,-8.236945508e-05,0.0007199486953,-0.0001634317958,0.240927259,-0.292650417,-0.2852019165,0.2377813731,-0.1217257582,0.1693846137,0.1703500767,-0.1237612227,-0.01669263885,-0.09549811514,-0.01721739505,0.007967379997,0.00119037478,0.02231959974,0.01128823307,-0.0232348937,0.01400336993,-0.008816844293,-0.5572412635,-0.1123510118,-0.1008120641,-0.5382273677,0.3580905267,-0.1514047918,-0.1497038722,0.3640380979,0.01171082284,0.01754496159,0.252237017,-0.1711806317,-0.07661199059,-0.2105604309,-0.3176588296,0.234692307,-0.2472323061,0.1333834512,3.553066813,0.3178198622,-0.004971632863,3.749967594,-4.540654828,1.301797877,1.32631545,-4.35956555
4.43,0.2227736067,-1.386683877,-0.4483651871,3.143286827,0.001521823084,-1.395171742,0.001638128137,-0.0003080428575,0.0008210989115,-0.0002693322637,0.2368677971,-0.2953686303,-0.287980919,0.2340170991,-0.1169922003,0.175115399,0.1761202796,-0.1188365722,-0.0148239383,-0.0847430338,-0.00773591404,-0.009167395725,-0.004962469839,0.01753766129,0.005049358987,-0.01987876632,0.00750935241,-0.009573852537,-0.352576741,-0.2708609777,-0.2814844718,-0.3267382463,0.4439848817,0.5727365312,0.5801326897,0.4608146413,0.182821416,1.070862373,0.6360622053,-0.3394130218,-0.03926007004,-0.5372297125,-0.5442149917,0.6791595515,-0.3902819263,0.3866912182,5.480094096,4.136779275,3.586699054,4.376028077,-4.304904113,-5.239268493,-5.264950889,-4.509518137
4.44,0.22263415,-1.387479822,-0.4484192365,3.143189168,0.001472145521,-1.395021758,0.001665027123,-0.0004751415933,0.0008782705668,-0.0003475733331,0.2335757081,-0.2978850868,-0.2906230751,0.2309484162,-0.1127600854,0.1805873839,0.1816599011,-0.1144455585,-0.01307432481,-0.07448243618,-0.003680124986,-0.009736510337,-0.00491171828,0.01254402152,0.0005591688527,-0.01371660673,0.003991936186,-0.006221656126,-0.308074437,-0.2329931487,-0.2470225729,-0.2879789957,0.4025569594,0.5216928885,0.5275417366,0.4175217053,0.1679985137,0.9866069208,0.2403307267,0.07614119288,0.0123575387,-0.458190982,-0.375985486,0.5452068181,-0.322998088,0.2840763702,3.787854574,3.548265999,3.329011275,3.505921117,-3.977717094,-4.927393327,-5.132447055,-4.155114508
#Exudyn explicit time integration (ExplicitEuler) solver solution file
#simulation started=2026-01-27,10:20:12
#columns contain: time, ODE2 displacements, ODE2 velocities, ODE2 accelerations
#number of system coordinates [nODE2, nODE1, nAlgebraic, nData] = [18,0,0,0]
#number of written coordinates [nODE2, nVel2, nAcc2, nODE1, nVel1, nAlgebraic, nData] = [18,18,18,0,0,0,0]
#total columns exported  (excl. time) = 54
#number of time steps (planned) = 200
#Exudyn version = 1.10.0; Python3.11.11; Windows AVX2 FLOAT64
#
#solution information = DogEnv
4.44,0.22263415,-1.387479822,-0.4484192365,3.143189168,0.001472145521,-1.395021758,0.001665027123,-0.0004751415933,0.0008782705668,-0.0003475733331,0.2335757081,-0.2978850868,-0.2906230751,0.2309484162,-0.1127600854,0.1805873839,0.1816599011,-0.1144455585,-0.01307432481,-0.07448243618,-0.003680124986,-0.009736510337,-0.00491171828,0.01254402152,0.0005591688527,-0.01371660673,0.003991936186,-0.006221656126,-0.308074437,-0.2329931487,-0.2470225729,-0.2879789957,0.4025569594,0.5216928885,0.5275417366,0.4175217053,0.1679985137,0.9866069208,0.2403307267,0.07614119288,0.0123575387,-0.458190982,-0.375985486,0.5452068181,-0.322998088,0.2840763702,3.787854574,3.548265999,3.329011275,3.505921117,-3.977717094,-4.927393327,-5.132447055,-4.155114508
4.45,0.2225192706,-1.388133427,-0.4484166487,3.142992675,0.001412015742,-1.394924925,0.001655304783,-0.0005744544368,0.0009024014586,-0.0003933185364,0.2319425552,-0.3014284805,-0.2943909946,0.2292992763,-0.108613615,0.191710314,0.1928924594,-0.1102123454,-0.009843612885,-0.05598385292,0.00356831836,-0.02399877126,-0.005639148103,0.006720806407,-0.002806895202,-0.005728092718,0.001171950479,-0.002208937619,-0.1115678023,-0.3372937992,-0.3635806194,-0.1291792735,0.3923154158,1.083265483,1.096031004,0.3983698041,0.3135852085,1.775501588,0.4639295862,-0.1578242975,0.1296484209,-0.5604044056,-0.4015458488,0.7449485591,-0.2811014842,0.420623137,5.157541013,6.648008774,6.199912082,3.759850312,-3.017283368,-9.964004911,-10.0867015,-3.198255469
4.46,0.2224357416,-1.388609083,-0.4483647955,3.142756854,0.0013596118,-1.394883335,0.001608168193,-0.0006011912247,0.00089873968,-0.0003989127214,0.2310273008,-0.3044932858,-0.297734164,0.2281815723,-0.1048418857,0.2020613704,0.2033596092,-0.1063861257,-0.006892737017,-0.03932791214,0.006287634045,-0.02244755817,-0.005035930633,0.00175891231,-0.006535273654,-8.193206382e-05,-0.001988602256,0.0007822761522,-0.07499317238,-0.2768042249,-0.3057310214,-0.09521213025,0.3617015136,0.9872569061,0.9973968768,0.3667322503,0.2775146409,1.566013108,0.1329217263,0.3011594619,0.01182931032,-0.4343716934,-0.331785888,0.430237138,-0.3168693125,0.2144222575,2.72177497,5.580806115,5.436629434,3.045732309,-3.038111368,-9.212642199,-9.528974182,-3.094502542
#Exudyn explicit time integration (ExplicitEuler) solver solution file
#simulation started=2026-01-27,10:20:12
#columns contain: time, ODE2 displacements, ODE2 velocities, ODE2 accelerations
#number of system coordinates [nODE2, nODE1, nAlgebraic, nData] = [18,0,0,0]
#number of written coordinates [nODE2, nVel2, nAcc2, nODE1, nVel1, nAlgebraic, nData] = [18,18,18,0,0,0,0]
#total columns exported  (excl. time) = 54
#number of time steps (planned) = 200
#Exudyn version = 1.10.0; Python3.11.11; Windows AVX2 FLOAT64
#
#solution information = DogEnv
4.46,0.2224357416,-1.388609083,-0.4483647955,3.142756854,0.0013596118,-1.394883335,0.001608168193,-0.0006011912247,0.00089873968,-0.0003989127214,0.2310273008,-0.3044932858,-0.297734164,0.2281815723,-0.1048418857,0.2020613704,0.2033596092,-0.1063861257,-0.006892737017,-0.03932791214,0.006287634045,-0.02244755817,-0.005035930633,0.00175891231,-0.006535273654,-8.193206382e-05,-0.001988602256,0.0007822761522,-0.07499317238,-0.2768042249,-0.3057310214,-0.09521213025,0.3617015136,0.9872569061,0.9973968768,0.3667322503,0.2775146409,1.566013108,0.1329217263,0.3011594619,0.01182931032,-0.4343716934,-0.331785888,0.430237138,-0.3168693125,0.2144222575,2.72177497,5.580806115,5.436629434,3.045732309,-3.038111368,-9.212642199,-9.528974182,-3.094502542
4.47,0.2223826489,-1.388913179,-0.4482892096,3.14251857,0.001308078296,-1.394887329,0.001529752827,-0.0005781410787,0.0008655952711,-0.0003783129852,0.2312059801,-0.3070639637,-0.3006187524,0.2281010898,-0.1025921906,0.2119671888,0.2133735926,-0.1041145865,-0.003829745155,-0.02209757603,0.008534544454,-0.02325491823,-0.004954703681,-0.002416330387,-0.009140372863,0.004442422824,-0.004545343142,0.00320729594,0.0424614543,-0.2302336928,-0.2628846299,0.01468417262,0.2103868485,0.947450425,0.9571850221,0.2122003085,0.2782500581,1.561485286,0.115886918,0.2761859279,0.02727549349,-0.3612916044,-0.2642276677,0.3435307014,-0.2444636702,0.1766837378,1.946991186,5.239158104,5.119025243,2.245537742,-1.377135469,-8.658470778,-8.954461587,-1.371482323
4.48,0.2223575168,-1.389060178,-0.4482008197,3.142301698,0.001259107537,-1.394927572,0.001426387616,-0.0005196611546,0.0008086935771,-0.0003392704979,0.2317083204,-0.3091199953,-0.3030042699,0.2283495849,-0.1005562625,0.2210251578,0.2225136914,-0.1020597986,-0.001230187017,-0.007476718002,0.008935728438,-0.01999308088,-0.004883755059,-0.00549031489,-0.01142709208,0.007035438629,-0.006762898003,0.004474269055,0.05681975797,-0.1816972537,-0.2147131607,0.03436587421,0.1966998562,0.8645320338,0.8711918669,0.19869389,0.2425199068,1.36857182,-0.01357073318,0.3407151334,-0.001501908564,-0.257501799,-0.1891112311,0.1943261698,-0.1901667528,0.09065974626,1.108045199,4.507616832,4.53203475,1.730904214,-1.35100935,-7.930098916,-8.231145793,-1.325489038
#Exudyn explicit time integration (ExplicitEuler) solver solution file
#simulation started=2026-01-27,10:20:12
#columns contain: time, ODE2 displacements, ODE2 velocities, ODE2 accelerations
#number of system coordinates [nODE2, nODE1, nAlgebraic, nData] = [18,0,0,0]
#number of written coordinates [nODE2, nVel2, nAcc2, nODE1, nVel1, nAlgebraic, nData] = [18,18,18,0,0,0,0]
#total columns exported  (excl. time) = 54
#number of time steps (planned) = 200
#Exudyn version = 1.10.0; Python3.11.11; Windows AVX2 FLOAT64
#
#solution information = DogEnv
4.48,0.2223575168,-1.389060178,-0.4482008197,3.142301698,0.001259107537,-1.394927572,0.001426387616,-0.0005196611546,0.0008086935771,-0.0003392704979,0.2317083204,-0.3091199953,-0.3030042699,0.2283495849,-0.1005562625,0.2210251578,0.2225136914,-0.1020597986,-0.001230187017,-0.007476718002,0.008935728438,-0.01999308088,-0.004883755059,-0.00549031489,-0.01142709208,0.007035438629,-0.006762898003,0.004474269055,0.05681975797,-0.1816972537,-0.2147131607,0.03436587421,0.1966998562,0.8645320338,0.8711918669,0.19869389,0.2425199068,1.36857182,-0.01357073318,0.3407151334,-0.001501908564,-0.257501799,-0.1891112311,0.1943261698,-0.1901667528,0.09065974626,1.108045199,4.507616832,4.53203475,1.730904214,-1.35100935,-7.930098916,-8.231145793,-1.325489038
4.49,0.2223533026,-1.389088529,-0.4481308885,3.14217212,0.001212542739,-1.394990393,0.001302559757,-0.0004507394967,0.0007300656713,-0.0002984915504,0.2326500019,-0.3097563233,-0.3039430077,0.2292232449,-0.1018708097,0.2249633153,0.2264564172,-0.1033120558,0.0001648873936,0.0006070025246,0.005373575388,-0.008153636135,-0.004491934219,-0.006819311746,-0.01279986446,0.006816042796,-0.008503800027,0.003870323246,0.09120280409,-0.04369602865,-0.06923520143,0.09408354832,-0.132119892,0.3613842024,0.3590087489,-0.1257077166,0.1058540938,0.6306796347,-0.247154838,0.5158288686,0.009805988173,-0.07299246136,-0.03421686996,-0.002313617227,-0.06601893042,-0.01722192254,-1.159315325,1.558557431,2.087390485,-0.1634445663,1.542633635,-3.340143885,-3.693274846,1.510551313
4.5,0.222359934,-1.389052523,-0.4480869175,3.142107418,0.001168257926,-1.395061242,0.001174384817,-0.0003823673583,0.0006435814413,-0.0002600806266,0.2335228727,-0.3101140609,-0.3045385002,0.230154008,-0.1031151153,0.2284184494,0.2298766457,-0.10449414,0.00114615152,0.006523227776,0.003601778457,-0.005294803047,-0.004340852935,-0.007274381692,-0.01271600404,0.00686529128,-0.008659324737,0.003839190154,0.08449046765,-0.02776308028,-0.05024676995,0.09200591078,-0.1166890953,0.3299314485,0.3256992819,-0.1106630083,0.09077770216,0.5527506581,-0.1257458524,0.1685835027,0.02138773754,-0.0237021179,0.03824265671,0.002811588749,0.01755597282,0.0009924587869,-0.4061884372,1.536758139,1.736226521,-0.2064651186,1.496492458,-2.97367115,-3.07275869,1.459345959
#Exudyn explicit time integration (ExplicitEuler) solver solution file
#simulation started=2026-01-27,10:20:12
#columns contain: time, ODE2 displacements, ODE2 velocities, ODE2 accelerations
#number of system coordinates [nODE2, nODE1, nAlgebraic, nData] = [18,0,0,0]
#number of written coordinates [nODE2, nVel2, nAcc2, nODE1, nVel1, nAlgebraic, nData] = [18,18,18,0,0,0,0]
#total columns exported  (excl. time) = 54
#number of time steps (planned) = 200
#Exudyn version = 1.10.0; Python3.11.11; Windows AVX2 FLOAT64
#
#solution information = DogEnv
4.5,0.222359934,-1.389052523,-0.4480869175,3.142107418,0.001168257926,-1.395061242,0.001174384817,-0.0003823673583,0.0006435814413,-0.0002600806266,0.2335228727,-0.3101140609,-0.3045385002,0.230154008,-0.1031151153,0.2284184494,0.2298766457,-0.10449414,0.00114615152,0.006523227776,0.003601778457,-0.005294803047,-0.004340852935,-0.007274381692,-0.01271600404,0.00686529128,-0.008659324737,0.003839190154,0.08449046765,-0.02776308028,-0.05024676995,0.09200591078,-0.1166890953,0.3299314485,0.3256992819,-0.1106630083,0.09077770216,0.5527506581,-0.1257458524,0.1685835027,0.02138773754,-0.0237021179,0.03824265671,0.002811588749,0.01755597282,0.0009924587869,-0.4061884372,1.536758139,1.736226521,-0.2064651186,1.496492458,-2.97367115,-3.07275869,1.459345959
4.51,0.2223679962,-1.389005045,-0.448094277,3.142169547,0.001151830195,-1.395126599,0.001063242914,-0.0003186518837,0.0005694002308,-0.0002241055377,0.2340117344,-0.3093304419,-0.3038175364,0.2307835903,-0.1086816349,0.2265132257,0.2278720808,-0.1100356701,0.0003325857856,0.00217065739,-0.004097191514,0.01180375578,0.0001227916326,-0.005441101256,-0.009327395779,0.005666262783,-0.005960303926,0.003279844042,0.02972059218,0.08208003304,0.08518126581,0.04601607094,-0.5341082405,-0.1998603339,-0.2135764855,-0.5330251963,-0.09092668723,-0.5016936356,-0.4484170762,0.3552169566,0.1682642222,0.2467125067,0.323291558,-0.1944870084,0.2605943411,-0.1023454494,-2.242500717,-1.398879676,-0.6614998016,-2.029157174,5.055012502,1.523566925,1.313006523,5.020052205
4.52,0.2223670332,-1.389007078,-0.4481505394,3.142293301,0.001156794216,-1.395168962,0.0009839760725,-0.0002729158366,0.0005206491897,-0.0001973084946,0.2342100073,-0.3085682904,-0.3030072395,0.2311537161,-0.1137801942,0.2245912557,0.2258129228,-0.1151229633,-0.0005134408115,-0.002512938641,-0.006646617874,0.01226624017,0.000587285337,-0.003054816154,-0.006664511836,0.00341156614,-0.003930116894,0.002031858905,0.01064607155,0.07081552885,0.07625669343,0.02859883256,-0.4858961151,-0.1843392815,-0.1974498734,-0.4845927502,-0.07871944804,-0.4351352358,-0.1205207845,-0.0966102758,-0.01541951446,0.2210829505,0.2227061809,-0.2278435919,0.1625730528,-0.1275975032,-1.672786658,-1.010021957,-1.006344454,-1.542314177,4.589707025,1.553985802,1.739384369,4.639992447
#Exudyn explicit time integration (ExplicitEuler) solver solution file
#simulation started=2026-01-27,10:20:12
#columns contain: time, ODE2 displacements, ODE2 velocities, ODE2 accelerations
#number of system coordinates [nODE2, nODE1, nAlgebraic, nData] = [18,0,0,0]
#number of written coordinates [nODE2, nVel2, nAcc2, nODE1, nVel1, nAlgebraic, nData] = [18,18,18,0,0,0,0]
#total columns exported  (excl. time) = 54
#number of time steps (planned) = 200
#Exudyn version = 1.10.0; Python3.11.11; Windows AVX2 FLOAT64
#
#solution information = DogEnv
4.52,0.2223670332,-1.389007078,-0.4481505394,3.142293301,0.001156794216,-1.395168962,0.0009839760725,-0.0002729158366,0.0005206491897,-0.0001973084946,0.2342100073,-0.3085682904,-0.3030072395,0.2311537161,-0.1137801942,0.2245912557,0.2258129228,-0.1151229633,-0.0005134408115,-0.002512938641,-0.006646617874,0.01226624017,0.000587285337,-0.003054816154,-0.006664511836,0.00341156614,-0.003930116894,0.002031858905,0.01064607155,0.07081552885,0.07625669343,0.02859883256,-0.4858961151,-0.1843392815,-0.1974498734,-0.4845927502,-0.07871944804,-0.4351352358,-0.1205207845,-0.0966102758,-0.01541951446,0.2210829505,0.2227061809,-0.2278435919,0.1625730528,-0.1275975032,-1.672786658,-1.010021957,-1.006344454,-1.542314177,4.589707025,1.553985802,1.739384369,4.639992447
4.53,0.222349767,-1.389105405,-0.4482741603,3.142502539,0.001242459812,-1.395174937,0.000985893041,-0.0002185226556,0.0005499150498,-0.000155469284,0.2329040859,-0.3071913206,-0.301361204,0.2293336604,-0.1216373912,0.2188611589,0.2199243745,-0.1234290145,-0.002754612936,-0.01655180977,-0.01706155843,0.02161861556,0.01404563968,0.002555034761,0.006075515682,0.00556307415,0.008930143607,0.004239663529,-0.1633243546,0.1345114981,0.1669612689,-0.2503489686,-0.7431001479,-0.5628559592,-0.5816592258,-0.7853590155,-0.1769890264,-1.222774205,-0.5868632681,-0.2395306002,0.2624658999,0.651513501,0.5956530989,-0.5586312223,0.5790142807,-0.4456216756,-1.28156813,-2.280213644,-2.364328308,0.8594008416,6.965772907,4.596182279,4.804203436,9.671323527
4.54,0.222313673,-1.38932944,-0.4484608062,3.142712181,0.001376278169,-1.395120412,0.001062071689,-0.0002000940099,0.0006504624162,-0.000136188236,0.2311958999,-0.3059708631,-0.2998268177,0.2269286247,-0.1287459596,0.2134579854,0.2143496762,-0.1308814211,-0.004461918342,-0.02815709055,-0.01932580757,0.02044755158,0.01191930073,0.008081381548,0.008552807478,-0.002069580274,0.01041781826,-0.0001664610144,-0.1794800243,0.1086736322,0.1387762391,-0.2332307854,-0.67997657,-0.5175971892,-0.5328119428,-0.7097433561,-0.1638874904,-1.091140484,0.005751406185,-0.1269977058,-0.3114329208,0.4621150519,0.1377479234,-0.712042291,0.02684039128,-0.346066057,-1.853463851,-2.674653783,-2.945423158,0.4963991909,5.768444725,4.437277724,4.838623442,6.378792201
#Exudyn explicit time integration (ExplicitEuler) solver solution file
#simulation started=2026-01-27,10:20:12
#columns contain: time, ODE2 displacements, ODE2 velocities, ODE2 accelerations
#number of system coordinates [nODE2, nODE1, nAlgebraic, nData] = [18,0,0,0]
#number of written coordinates [nODE2, nVel2, nAcc2, nODE1, nVel1, nAlgebraic, nData] = [18,18,18,0,0,0,0]
#total columns exported  (excl. time) = 54
#number of time steps (planned) = 200
#Exudyn version = 1.10.0; Python3.11.11; Windows AVX2 FLOAT64
#
#solution information = DogEnv
4.54,0.222313673,-1.38932944,-0.4484608062,3.142712181,0.001376278169,-1.395120412,0.001062071689,-0.0002000940099,0.0006504624162,-0.000136188236,0.2311958999,-0.3059708631,-0.2998268177,0.2269286247,-0.1287459596,0.2134579854,0.2143496762,-0.1308814211,-0.004461918342,-0.02815709055,-0.01932580757,0.02044755158,0.01191930073,0.008081381548,0.008552807478,-0.002069580274,0.01041781826,-0.0001664610144,-0.1794800243,0.1086736322,0.1387762391,-0.2332307854,-0.67997657,-0.5175971892,-0.5328119428,-0.7097433561,-0.1638874904,-1.091140484,0.005751406185,-0.1269977058,-0.3114329208,0.4621150519,0.1377479234,-0.712042291,0.02684039128,-0.346066057,-1.853463851,-2.674653783,-2.945423158,0.4963991909,5.768444725,4.437277724,4.838623442,6.378792201
4.55,0.2222567423,-1.389702379,-0.4487273308,3.142876426,0.001686433024,-1.394993416,0.001301754832,-0.0001211858835,0.0009471916705,-6.905702622e-05,0.2266149045,-0.3043872261,-0.297802653,0.2185658088,-0.1351667218,0.2057037632,0.2064403027,-0.1396629553,-0.005876033495,-0.04239521802,-0.0358455976,-0.004140738041,0.05425320653,0.01994767277,0.04086316336,0.01901930224,0.05523697613,0.006178372299,-0.5591995095,0.1766827449,0.2154442788,-1.265793923,-0.6363559879,-0.7529997796,-0.7657053223,-0.9242116316,0.1219410202,-0.3761171413,-1.710584869,-3.946528127,2.669779129,1.755326885,0.8667532584,0.2309965997,3.470353189,-3.111701331,-13.80976833,3.122901072,1.196793608,-32.33328556,-4.838543131,6.415715104,8.1509719,18.23424862
4.56,0.2222040438,-1.390135735,-0.4491371488,3.142787094,0.002189029164,-1.394720572,0.001633171614,-5.13383514e-05,0.001503459139,-0.0001508348502,0.2205160821,-0.3026097977,-0.2956893944,0.2067732598,-0.1412940602,0.19849468,0.1991714057,-0.1474480092,-0.004916903949,-0.04447173056,-0.04219321965,-0.002494654991,0.03668368984,0.03284206322,0.02826273577,-0.01128141271,0.04600775303,-0.01398707986,-0.5691625501,0.164080039,0.1973585045,-0.9285686999,-0.5275754011,-0.6874627038,-0.6898167917,-0.6166798211,-0.01045554336,-0.466067397,0.5956814374,2.505457122,-2.959396685,0.750205438,1.167271406,-3.495276735,-2.434303881,0.6267774252,29.64439066,-5.30770607,-4.431347153,64.83484299,12.895404,6.798045692,6.846611413,28.80383478
#Exudyn explicit time integration (ExplicitEuler) solver solution file
#simulation started=2026-01-27,10:20:12
#columns contain: time, ODE2 displacements, ODE2 velocities, ODE2 accelerations
#number of system coordinates [nODE2, nODE1, nAlgebraic, nData] = [18,0,0,0]
#number of written coordinates [nODE2, nVel2, nAcc2, nODE1, nVel1, nAlgebraic, nData] = [18,18,18,0,0,0,0]
#total columns exported  (excl. time) = 54
#number of time steps (planned) = 200
#Exudyn version = 1.10.0; Python3.11.11; Windows AVX2 FLOAT64
#
#solution information = DogEnv
4.56,0.2222040438,-1.390135735,-0.4491371488,3.142787094,0.002189029164,-1.394720572,0.001633171614,-5.13383514e-05,0.001503459139,-0.0001508348502,0.2205160821,-0.3026097977,-0.2956893944,0.2067732598,-0.1412940602,0.19849468,0.1991714057,-0.1474480092,-0.004916903949,-0.04447173056,-0.04219321965,-0.002494654991,0.03668368984,0.03284206322,0.02826273577,-0.01128141271,0.04600775303,-0.01398707986,-0.5691625501,0.164080039,0.1973585045,-0.9285686999,-0.5275754011,-0.6874627038,-0.6898167917,-0.6166798211,-0.01045554336,-0.466067397,0.5956814374,2.505457122,-2.959396685,0.750205438,1.167271406,-3.495276735,-2.434303881,0.6267774252,29.64439066,-5.30770607,-4.431347153,64.83484299,12.895404,6.798045692,6.846611413,28.80383478
4.57,0.2221466877,-1.39064735,-0.4495890856,3.142878379,0.002519052843,-1.394350949,0.00184559651,-0.0002539013229,0.001943452551,-0.0002444040315,0.2105783854,-0.300928731,-0.2935622205,0.1927854539,-0.1439307224,0.1905751918,0.1912017658,-0.1517578556,-0.005691605246,-0.05295021287,-0.05107414912,0.005817046643,0.02984718857,0.04171954962,0.005093043674,-0.02802183757,0.04462749873,-0.006275419618,-1.305224027,0.1709997191,0.2121350739,-1.755315023,-0.3638839163,-0.764095385,-0.7655565645,-0.5036589564,0.1363628119,0.4656975494,-1.312677659,-1.163851261,-1.74595854,0.9535559479,-4.553056027,-2.416805573,-0.7752023869,-0.3747290455,-49.30391885,2.049016591,0.3736627019,-28.92799875,-13.78643328,6.770872169,8.316150134,8.199652587
4.58,0.22209733,-1.391136768,-0.4501387603,3.14293914,0.002690259438,-1.393900424,0.001740219467,-0.0006724321113,0.002303137404,-0.0003233363588,0.196479212,-0.2991779848,-0.2914552827,0.1758955166,-0.1474200604,0.1832913225,0.1839587058,-0.1558386804,-0.004292078353,-0.04452933435,-0.05543767433,0.01069358126,0.0051976622,0.04700141587,-0.01230724458,-0.05336655329,0.02679394004,-0.007208936025,-1.342048859,0.1707482134,0.2044921272,-1.472507378,-0.2544492271,-0.6898545795,-0.6832060015,-0.2888202517,0.07609711957,0.6946757133,0.6629245227,1.282997119,-1.291840935,0.1620460913,2.930915324,-1.102876456,-1.085288276,0.5536876004,48.86121049,-2.652233131,-2.24927484,59.22719073,30.6477127,7.939196065,7.835929963,22.87962705
#Exudyn explicit time integration (ExplicitEuler) solver solution file
#simulation started=2026-01-27,10:20:12
#columns contain: time, ODE2 displacements, ODE2 velocities, ODE2 accelerations
#number of system coordinates [nODE2, nODE1, nAlgebraic, nData] = [18,0,0,0]
#number of written coordinates [nODE2, nVel2, nAcc2, nODE1, nVel1, nAlgebraic, nData] = [18,18,18,0,0,0,0]
#total columns exported  (excl. time) = 54
#number of time steps (planned) = 200
#Exudyn version = 1.10.0; Python3.11.11; Windows AVX2 FLOAT64
#
#solution information = DogEnv
4.58,0.22209733,-1.391136768,-0.4501387603,3.14293914,0.002690259438,-1.393900424,0.001740219467,-0.0006724321113,0.002303137404,-0.0003233363588,0.196479212,-0.2991779848,-0.2914552827,0.1758955166,-0.1474200604,0.1832913225,0.1839587058,-0.1558386804,-0.004292078353,-0.04452933435,-0.05543767433,0.01069358126,0.0051976622,0.04700141587,-0.01230724458,-0.05336655329,0.02679394004,-0.007208936025,-1.342048859,0.1707482134,0.2044921272,-1.472507378,-0.2544492271,-0.6898545795,-0.6832060015,-0.2888202517,0.07609711957,0.6946757133,0.6629245227,1.282997119,-1.291840935,0.1620460913,2.930915324,-1.102876456,-1.085288276,0.5536876004,48.86121049,-2.652233131,-2.24927484,59.22719073,30.6477127,7.939196065,7.835929963,22.87962705
4.59,0.2220558851,-1.391566698,-0.450617791,3.14307535,0.002754328713,-1.393422871,0.001871818604,-0.001194768961,0.002582289597,-0.00040193005,0.1869245325,-0.2981658066,-0.2900901801,0.164680324,-0.1469220417,0.1786831272,0.179391463,-0.1560517418,-0.004369046948,-0.04431059563,-0.03854385146,0.01812961809,0.01027152551,0.04876371865,0.03199077189,-0.04968906507,0.03063202223,-0.01298523493,-0.6727757876,0.07114361808,0.1128312039,-0.8411849534,0.07598276192,-0.4249858665,-0.4231229322,0.0294843087,-0.1130704258,-0.731140579,1.800430852,1.195530689,0.08412804519,0.1849016323,0.2315778803,-0.08858140136,-0.1555588127,-1.556286204,12.08546644,-5.402760436,-4.26425312,32.79160246,-7.876017724,4.749457114,4.357161592,-1.438356712
4.6,0.2220057193,-1.392048783,-0.4509322054,3.143292129,0.00284779484,-1.392931941,0.002171295346,-0.001696038235,0.002871405263,-0.0005524186194,0.1803439757,-0.2976677058,-0.2891484629,0.1568942875,-0.1464140196,0.1746422413,0.1753628082,-0.1560463157,-0.005665599668,-0.05201448825,-0.02591436021,0.02242802217,0.008529919781,0.04917718229,0.02750339504,-0.04993719911,0.02763003982,-0.01281983547,-0.657500619,0.03371100902,0.07835479323,-0.7775063684,0.03021498247,-0.3844176988,-0.3827572629,-0.03137980633,-0.1140506264,-0.6716185628,0.8046903853,-0.3062685527,-0.09445703136,0.01416774721,-0.4390104246,0.1105108139,-0.1274154364,0.8094613539,-0.580693072,-2.234696186,-2.530349243,-4.815815295,-3.585328265,3.683616783,3.932073753,-4.997316886
#Exudyn explicit time integration (ExplicitEuler) solver solution file
#simulation started=2026-01-27,10:20:12
#columns contain: time, ODE2 displacements, ODE2 velocities, ODE2 accelerations
#number of system coordinates [nODE2, nODE1, nAlgebraic, nData] = [18,0,0,0]
#number of written coordinates [nODE2, nVel2, nAcc2, nODE1, nVel1, nAlgebraic, nData] = [18,18,18,0,0,0,0]
#total columns exported  (excl. time) = 54
#number of time steps (planned) = 200
#Exudyn version = 1.10.0; Python3.11.11; Windows AVX2 FLOAT64
#
#solution information = DogEnv
4.6,0.2220057193,-1.392048783,-0.4509322054,3.143292129,0.00284779484,-1.392931941,0.002171295346,-0.001696038235,0.002871405263,-0.0005524186194,0.1803439757,-0.2976677058,-0.2891484629,0.1568942875,-0.1464140196,0.1746422413,0.1753628082,-0.1560463157,-0.005665599668,-0.05201448825,-0.02591436021,0.02242802217,0.008529919781,0.04917718229,0.02750339504,-0.04993719911,0.02763003982,-0.01281983547,-0.657500619,0.03371100902,0.07835479323,-0.7775063684,0.03021498247,-0.3844176988,-0.3827572629,-0.03137980633,-0.1140506264,-0.6716185628,0.8046903853,-0.3062685527,-0.09445703136,0.01416774721,-0.4390104246,0.1105108139,-0.1274154364,0.8094613539,-0.580693072,-2.234696186,-2.530349243,-4.815815295,-3.585328265,3.683616783,3.932073753,-4.997316886
4.61,0.2219491877,-1.392567209,-0.4511414973,3.143448729,0.002891319006,-1.392449117,0.002402672075,-0.002202829759,0.003110268009,-0.0007061599417,0.1746278435,-0.2980836451,-0.2892398787,0.1509715638,-0.1445599981,0.1739539704,0.1747063946,-0.1541391115,-0.005721812764,-0.05178736963,-0.01669614281,0.01382494545,0.001080280828,0.046443499,0.01810751501,-0.0499884174,0.01974200317,-0.01604408641,-0.5478541055,-0.0504134414,-0.02135076389,-0.5095542051,0.1637043294,-0.05310574354,-0.04754272362,0.1755712847,-0.026508033,-0.01670031393,0.6381936492,-0.08825233288,-0.3654913311,-0.4594993093,-0.804903244,0.4564818416,-0.6529176069,0.4688638196,1.786958268,-0.07897016177,-0.5733817735,4.579319562,-3.266639684,0.6845126444,0.7031405268,-3.781829535
4.62,0.2218907777,-1.393084804,-0.451284174,3.143580086,0.002891229111,-1.392007695,0.002551261122,-0.002674998383,0.003282127291,-0.0008400035981,0.1692501996,-0.2985832941,-0.2894724929,0.1460222329,-0.14306917,0.1734532477,0.174260748,-0.1525366593,-0.005943534714,-0.05160396004,-0.0123657821,0.01226556918,-0.0007104857947,0.04180585388,0.01202780165,-0.04415675334,0.01499249747,-0.01089631544,-0.5262312056,-0.04881611582,-0.02447129846,-0.4819393489,0.1355310726,-0.04721547726,-0.04183525788,0.1472324668,-0.01632945475,0.05569102697,0.2898218528,-0.1847942719,-0.0968156399,-0.4584906612,-0.4957319225,0.6211230991,-0.3877834496,0.406624174,2.497874797,0.3290247245,-0.1285508123,2.72213223,-2.442079516,0.5323236263,0.4977910691,-2.192607332
#Exudyn explicit time integration (ExplicitEuler) solver solution file
#simulation started=2026-01-27,10:20:12
#columns contain: time, ODE2 displacements, ODE2 velocities, ODE2 accelerations
#number of system coordinates [nODE2, nODE1, nAlgebraic, nData] = [18,0,0,0]
#number of written coordinates [nODE2, nVel2, nAcc2, nODE1, nVel1, nAlgebraic, nData] = [18,18,18,0,0,0,0]
#total columns exported  (excl. time) = 54
#number of time steps (planned) = 200
#Exudyn version = 1.10.0; Python3.11.11; Windows AVX2 FLOAT64
#
#solution information = DogEnv
4.62,0.2218907777,-1.393084804,-0.451284174,3.143580086,0.002891229111,-1.392007695,0.002551261122,-0.002674998383,0.003282127291,-0.0008400035981,0.1692501996,-0.2985832941,-0.2894724929,0.1460222329,-0.14306917,0.1734532477,0.174260748,-0.1525366593,-0.005943534714,-0.05160396004,-0.0123657821,0.01226556918,-0.0007104857947,0.04180585388,0.01202780165,-0.04415675334,0.01499249747,-0.01089631544,-0.5262312056,-0.04881611582,-0.02447129846,-0.4819393489,0.1355310726,-0.04721547726,-0.04183525788,0.1472324668,-0.01632945475,0.05569102697,0.2898218528,-0.1847942719,-0.0968156399,-0.4584906612,-0.4957319225,0.6211230991,-0.3877834496,0.406624174,2.497874797,0.3290247245,-0.1285508123,2.72213223,-2.442079516,0.5323236263,0.4977910691,-2.192607332
4.63,0.2218392424,-1.393547796,-0.4513704859,3.143598398,0.002855103585,-1.391621694,0.002643474812,-0.003083534321,0.003398523394,-0.0009818966076,0.1658955778,-0.2999809833,-0.2907805136,0.1437008093,-0.1408565351,0.1772884774,0.1781678161,-0.1498035798,-0.004499699071,-0.04153440113,-0.005424298165,-0.00147059643,-0.005018134301,0.03473623704,0.005357393619,-0.03633251948,0.008198919384,-0.01450073635,-0.281162327,-0.1365435418,-0.131799642,-0.1523448081,0.1986636365,0.3841252755,0.393094727,0.2514741788,0.1089412506,0.8513906033,0.4527346137,-0.09474435239,-0.1190666428,-0.797868135,-0.7430590106,1.015718062,-0.6228211612,0.4938147841,3.341534288,2.772020773,2.218293006,3.654387428,-2.317058984,-3.220011851,-3.423326265,-2.789388623
4.64,0.2217993315,-1.393922643,-0.451409,3.143583043,0.002801359006,-1.391312375,0.002666033245,-0.003397943175,0.003452848627,-0.001100679676,0.1632291374,-0.3012149337,-0.2919900009,0.1423062022,-0.1389725431,0.1809712138,0.1819280768,-0.1474125621,-0.003496499007,-0.03349524316,-0.002772580928,-0.001404592881,-0.005597358056,0.02721629645,-0.000435583284,-0.02664793306,0.002872299034,-0.009331462898,-0.2527969873,-0.1104353986,-0.1100247901,-0.1287547139,0.1787201491,0.352337171,0.3587698483,0.2273031061,0.09385869711,0.76470127,0.1339491224,0.04327826407,-0.027148955,-0.7022705079,-0.4583954086,0.905630022,-0.4633116662,0.4578815189,2.627898931,2.488529796,2.12936209,1.864700323,-1.799181038,-3.093802565,-3.356126484,-2.223379622
#Exudyn explicit time integration (ExplicitEuler) solver solution file
#simulation started=2026-01-27,10:20:12
#columns contain: time, ODE2 displacements, ODE2 velocities, ODE2 accelerations
#number of system coordinates [nODE2, nODE1, nAlgebraic, nData] = [18,0,0,0]
#number of written coordinates [nODE2, nVel2, nAcc2, nODE1, nVel1, nAlgebraic, nData] = [18,18,18,0,0,0,0]
#total columns exported  (excl. time) = 54
#number of time steps (planned) = 200
#Exudyn version = 1.10.0; Python3.11.11; Windows AVX2 FLOAT64
#
#solution information = DogEnv
4.64,0.2217993315,-1.393922643,-0.451409,3.143583043,0.002801359006,-1.391312375,0.002666033245,-0.003397943175,0.003452848627,-0.001100679676,0.1632291374,-0.3012149337,-0.2919900009,0.1423062022,-0.1389725431,0.1809712138,0.1819280768,-0.1474125621,-0.003496499007,-0.03349524316,-0.002772580928,-0.001404592881,-0.005597358056,0.02721629645,-0.000435583284,-0.02664793306,0.002872299034,-0.009331462898,-0.2527969873,-0.1104353986,-0.1100247901,-0.1287547139,0.1787201491,0.352337171,0.3587698483,0.2273031061,0.09385869711,0.76470127,0.1339491224,0.04327826407,-0.027148955,-0.7022705079,-0.4583954086,0.905630022,-0.4633116662,0.4578815189,2.627898931,2.488529796,2.12936209,1.864700323,-1.799181038,-3.093802565,-3.356126484,-2.223379622
4.65,0.2217758028,-1.394182144,-0.4514146032,3.143490633,0.002735353239,-1.391078299,0.002644577654,-0.003613992605,0.00345967433,-0.00118748146,0.1622114538,-0.3028129792,-0.2936841231,0.1424996051,-0.1366653118,0.1872782212,0.1883185998,-0.1445699185,-0.001293279843,-0.01884013408,0.001223931035,-0.01183803267,-0.006723674867,0.01951772721,-0.004499806425,-0.01642888099,-0.001544944606,-0.007071275348,-0.0559280822,-0.1455030639,-0.1587153821,0.05740420095,0.2143753589,0.61497488,0.6238965095,0.2658194982,0.1935008663,1.316174177,0.2269506082,-0.01796985028,0.005760686769,-0.7403209286,-0.4885835771,0.9630347474,-0.4521066161,0.4472236881,3.077515088,4.09217781,3.668536083,1.799437139,-1.691394064,-5.286268812,-5.539706858,-2.070095528
4.66,0.2217719578,-1.3943083,-0.4513955402,3.143377524,0.002667843576,-1.390917591,0.002578468922,-0.003734958408,0.003422656143,-0.001237267079,0.16176994,-0.3040780399,-0.2950969008,0.1431469361,-0.134600502,0.1931711228,0.1942858865,-0.1420109223,0.0004967568549,-0.006538862813,0.002257656154,-0.01043685473,-0.006813076402,0.01276955627,-0.008482399321,-0.008054076235,-0.00578153473,-0.003013607029,-0.03427549077,-0.1081765308,-0.1241561329,0.071134319,0.1987220484,0.5636698385,0.5695056154,0.2459675036,0.1660147996,1.152442531,0.01771914242,0.2051695127,-0.01496769722,-0.6127272767,-0.3225933398,0.7361417638,-0.3832196438,0.3545818548,1.677443089,3.45107505,3.266613545,1.090106212,-1.489747549,-4.948649943,-5.267075889,-1.931100856
#Exudyn explicit time integration (ExplicitEuler) solver solution file
#simulation started=2026-01-27,10:20:12
#columns contain: time, ODE2 displacements, ODE2 velocities, ODE2 accelerations
#number of system coordinates [nODE2, nODE1, nAlgebraic, nData] = [18,0,0,0]
#number of written coordinates [nODE2, nVel2, nAcc2, nODE1, nVel1, nAlgebraic, nData] = [18,18,18,0,0,0,0]
#total columns exported  (excl. time) = 54
#number of time steps (planned) = 200
#Exudyn version = 1.10.0; Python3.11.11; Windows AVX2 FLOAT64
#
#solution information = DogEnv
4.66,0.2217719578,-1.3943083,-0.4513955402,3.143377524,0.002667843576,-1.390917591,0.002578468922,-0.003734958408,0.003422656143,-0.001237267079,0.16176994,-0.3040780399,-0.2950969008,0.1431469361,-0.134600502,0.1931711228,0.1942858865,-0.1420109223,0.0004967568549,-0.006538862813,0.002257656154,-0.01043685473,-0.006813076402,0.01276955627,-0.008482399321,-0.008054076235,-0.00578153473,-0.003013607029,-0.03427549077,-0.1081765308,-0.1241561329,0.071134319,0.1987220484,0.5636698385,0.5695056154,0.2459675036,0.1660147996,1.152442531,0.01771914242,0.2051695127,-0.01496769722,-0.6127272767,-0.3225933398,0.7361417638,-0.3832196438,0.3545818548,1.677443089,3.45107505,3.266613545,1.090106212,-1.489747549,-4.948649943,-5.267075889,-1.931100856
4.67,0.2217881317,-1.394300588,-0.451366151,3.143246725,0.002597814661,-1.390820114,0.002483525775,-0.003775715025,0.003349474428,-0.001252625813,0.1622759728,-0.3049738073,-0.2961908289,0.14461653,-0.1326382812,0.1987515388,0.1999313815,-0.1396010327,0.002635006998,0.00750224889,0.003408292238,-0.01322407683,-0.006918977843,0.006842493829,-0.01079191918,-0.0004095745271,-0.008869839056,7.041149042e-06,0.07426115329,-0.07140316598,-0.09288909895,0.1639964369,0.1851685891,0.5357258574,0.5413545771,0.2280777029,0.1879441309,1.252764574,0.03778265418,0.1751142479,0.009036655311,-0.5357019591,-0.2723220903,0.6418881112,-0.3059161791,0.3043992759,1.395918808,3.333844118,3.177661989,0.7123433638,-1.216702378,-4.477979853,-4.75745907,-1.552724413
4.68,0.2218232987,-1.394166437,-0.4513320463,3.143125362,0.002528638376,-1.390776274,0.002363524341,-0.003751240621,0.003246573897,-0.001238826527,0.1630695757,-0.3055325469,-0.2969690154,0.1462842234,-0.1308443668,0.2038921957,0.2051140985,-0.1373953546,0.004368921608,0.0191676606,0.003271841099,-0.01092068957,-0.006933869914,0.002063692753,-0.0130882404,0.005084326143,-0.01161869812,0.002650634892,0.08343690293,-0.04091119286,-0.06308797326,0.1690085841,0.1736540852,0.4925091104,0.4952805891,0.2130351556,0.1597672816,1.085966541,-0.04788381434,0.2475834719,-0.003211810393,-0.4238975002,-0.1881689953,0.4740770494,-0.2367408761,0.2279829639,0.660377225,2.803373475,2.793312178,0.3403813263,-1.110153165,-4.159437205,-4.433680877,-1.465550593
#Exudyn explicit time integration (ExplicitEuler) solver solution file
#simulation started=2026-01-27,10:20:12
#columns contain: time, ODE2 displacements, ODE2 velocities, ODE2 accelerations
#number of system coordinates [nODE2, nODE1, nAlgebraic, nData] = [18,0,0,0]
#number of written coordinates [nODE2, nVel2, nAcc2, nODE1, nVel1, nAlgebraic, nData] = [18,18,18,0,0,0,0]
#total columns exported  (excl. time) = 54
#number of time steps (planned) = 200
#Exudyn version = 1.10.0; Python3.11.11; Windows AVX2 FLOAT64
#
#solution information = DogEnv
4.68,0.2218232987,-1.394166437,-0.4513320463,3.143125362,0.002528638376,-1.390776274,0.002363524341,-0.003751240621,0.003246573897,-0.001238826527,0.1630695757,-0.3055325469,-0.2969690154,0.1462842234,-0.1308443668,0.2038921957,0.2051140985,-0.1373953546,0.004368921608,0.0191676606,0.003271841099,-0.01092068957,-0.006933869914,0.002063692753,-0.0130882404,0.005084326143,-0.01161869812,0.002650634892,0.08343690293,-0.04091119286,-0.06308797326,0.1690085841,0.1736540852,0.4925091104,0.4952805891,0.2130351556,0.1597672816,1.085966541,-0.04788381434,0.2475834719,-0.003211810393,-0.4238975002,-0.1881689953,0.4740770494,-0.2367408761,0.2279829639,0.660377225,2.803373475,2.793312178,0.3403813263,-1.110153165,-4.159437205,-4.433680877,-1.465550593
4.69,0.2218741334,-1.393925634,-0.4513049933,3.143037091,0.002462762994,-1.390774457,0.002227277078,-0.003677008113,0.003121323064,-0.001202039067,0.1641663739,-0.3052576107,-0.2968969943,0.1482264884,-0.1298815034,0.2063739901,0.2076140302,-0.1360566299,0.005672485282,0.02829320125,0.002170893076,-0.006865582492,-0.006365855486,-0.001537693492,-0.01418453404,0.009400941036,-0.01334851653,0.004571755615,0.1131315514,0.04117252616,0.02202214551,0.197836579,0.09144105569,0.2314412902,0.2314218525,0.1274728552,0.1073792376,0.7790360801,-0.09364092494,0.283632823,0.01810782143,-0.3083323596,-0.1094285666,0.3335682061,-0.1418958242,0.1608141019,-0.08088151141,1.306100034,1.457792009,-0.2065548519,-0.3769596725,-1.644565227,-1.894332802,-0.7335041879
4.7,0.2219358432,-1.393606133,-0.4512874445,3.142979952,0.002399789031,-1.390803715,0.00208082771,-0.003568077238,0.002981908181,-0.001149079111,0.1652959629,-0.3047838256,-0.2966087452,0.1501900485,-0.1289849466,0.2086089789,0.209838642,-0.1348164346,0.006646688283,0.03548249762,0.001372726749,-0.004706850594,-0.006230983555,-0.004208498211,-0.01502731845,0.01226626221,-0.01443783253,0.005963868836,0.1129188145,0.05337178676,0.03535884414,0.194571104,0.08786110018,0.2155800373,0.2136622581,0.1206156529,0.08785888475,0.6610857921,-0.06827528592,0.1774174619,0.01416193209,-0.228821079,-0.05855636124,0.2440656589,-0.07790476031,0.1186645703,0.001060834273,1.111008866,1.215407684,-0.3876547837,-0.3543422692,-1.533690372,-1.684665366,-0.6568823264
#Exudyn explicit time integration (ExplicitEuler) solver solution file
#simulation started=2026-01-27,10:20:12
#columns contain: time, ODE2 displacements, ODE2 velocities, ODE2 accelerations
#number of system coordinates [nODE2, nODE1, nAlgebraic, nData] = [18,0,0,0]
#number of written coordinates [nODE2, nVel2, nAcc2, nODE1, nVel1, nAlgebraic, nData] = [18,18,18,0,0,0,0]
#total columns exported  (excl. time) = 54
#number of time steps (planned) = 200
#Exudyn version = 1.10.0; Python3.11.11; Windows AVX2 FLOAT64
#
#solution information = DogEnv
4.7,0.2219358432,-1.393606133,-0.4512874445,3.142979952,0.002399789031,-1.390803715,0.00208082771,-0.003568077238,0.002981908181,-0.001149079111,0.1652959629,-0.3047838256,-0.2966087452,0.1501900485,-0.1289849466,0.2086089789,0.209838642,-0.1348164346,0.006646688283,0.03548249762,0.001372726749,-0.004706850594,-0.006230983555,-0.004208498211,-0.01502731845,0.01226626221,-0.01443783253,0.005963868836,0.1129188145,0.05337178676,0.03535884414,0.194571104,0.08786110018,0.2155800373,0.2136622581,0.1206156529,0.08785888475,0.6610857921,-0.06827528592,0.1774174619,0.01416193209,-0.228821079,-0.05855636124,0.2440656589,-0.07790476031,0.1186645703,0.001060834273,1.111008866,1.215407684,-0.3876547837,-0.3543422692,-1.533690372,-1.684665366,-0.6568823264
4.71,0.2220031176,-1.393238736,-0.4512866362,3.142983415,0.002348611938,-1.390853668,0.001932749907,-0.003433911599,0.002838222052,-0.00108344766,0.1661970974,-0.3034876533,-0.2954136819,0.1518997981,-0.1292798222,0.2074616722,0.2086618131,-0.1348220587,0.006714041821,0.03745381726,-0.0009806677167,0.003153735008,-0.004492170093,-0.005599896297,-0.01454935266,0.01420202477,-0.01422631053,0.006932014809,0.08069938991,0.1336628209,0.1271356959,0.1620257458,-0.02684988991,-0.1186738619,-0.123708329,0.0003524016406,-0.005103169863,0.1221389284,-0.1487495906,0.2452402181,0.0582591144,-0.09529639901,0.04866554068,0.1043610982,0.03533679098,0.04726163512,-0.7787566438,-0.8009379207,-0.4739933682,-0.938845328,0.5316565419,1.491918281,1.347527064,0.2227776388
4.72,0.2220699159,-1.392858836,-0.4513017178,3.143021906,0.002305427768,-1.390913638,0.001789720363,-0.003287777834,0.002697855819,-0.001012330865,0.1669742378,-0.3021864276,-0.2941682118,0.1534745352,-0.1295238856,0.2063468986,0.2074933661,-0.1348068374,0.006635346436,0.03846626909,-0.001880650216,0.004246162253,-0.004211093452,-0.006335548385,-0.01403624927,0.01494545658,-0.01382363988,0.007251735767,0.07517892412,0.1267192641,0.1217270111,0.1529402918,-0.02207544997,-0.1043626082,-0.1098322516,0.002739698666,-0.01074118973,0.08034433534,-0.04829431784,0.04319511408,0.0132187202,-0.05524988264,0.05688320135,0.05104361509,0.04649599463,0.02060395022,-0.4437476969,-0.6594966781,-0.5851178283,-0.8704997112,0.4320124889,1.360943793,1.368708591,0.2376867798
#Exudyn explicit time integration (ExplicitEuler) solver solution file
#simulation started=2026-01-27,10:20:12
#columns contain: time, ODE2 displacements, ODE2 velocities, ODE2 accelerations
#number of system coordinates [nODE2, nODE1, nAlgebraic, nData] = [18,0,0,0]
#number of written coordinates [nODE2, nVel2, nAcc2, nODE1, nVel1, nAlgebraic, nData] = [18,18,18,0,0,0,0]
#total columns exported  (excl. time) = 54
#number of time steps (planned) = 200
#Exudyn version = 1.10.0; Python3.11.11; Windows AVX2 FLOAT64
#
#solution information = DogEnv
4.72,0.2220699159,-1.392858836,-0.4513017178,3.143021906,0.002305427768,-1.390913638,0.001789720363,-0.003287777834,0.002697855819,-0.001012330865,0.1669742378,-0.3021864276,-0.2941682118,0.1534745352,-0.1295238856,0.2063468986,0.2074933661,-0.1348068374,0.006635346436,0.03846626909,-0.001880650216,0.004246162253,-0.004211093452,-0.006335548385,-0.01403624927,0.01494545658,-0.01382363988,0.007251735767,0.07517892412,0.1267192641,0.1217270111,0.1529402918,-0.02207544997,-0.1043626082,-0.1098322516,0.002739698666,-0.01074118973,0.08034433534,-0.04829431784,0.04319511408,0.0132187202,-0.05524988264,0.05688320135,0.05104361509,0.04649599463,0.02060395022,-0.4437476969,-0.6594966781,-0.5851178283,-0.8704997112,0.4320124889,1.360943793,1.368708591,0.2376867798
4.73,0.2221309807,-1.392497503,-0.4513349847,3.143121356,0.002282030558,-1.390975619,0.001661591925,-0.003133505866,0.002571357913,-0.0009358041994,0.1671455024,-0.3003573557,-0.2922750433,0.1543137511,-0.1307976985,0.2024160978,0.203508387,-0.1359330002,0.005556700584,0.03362358003,-0.004459115465,0.01223172456,-0.001293021201,-0.005855539058,-0.01167484249,0.01543570206,-0.01154904768,0.007648951994,0.00115932089,0.1778533015,0.1882173817,0.0631267607,-0.1190257702,-0.3840508694,-0.3911915694,-0.1056259556,-0.1035307277,-0.4764872426,-0.1400692669,0.08822254503,0.08138170736,0.085716282,0.1829972114,-0.07372621331,0.1753438838,-0.0538662351,-0.9896848163,-2.198211239,-1.985878574,-1.262062017,1.044089625,3.784494345,3.781888026,0.9848465391
4.74,0.2221815742,-1.392184189,-0.4513836722,3.143243158,0.002270521014,-1.391029899,0.001552563156,-0.002983978888,0.00246301052,-0.0008625006691,0.1671141319,-0.298680218,-0.2904920813,0.1548925577,-0.1319401803,0.1987580872,0.1997826523,-0.1369428069,0.004565623889,0.0290559778,-0.00506635197,0.01184937586,-0.001163379235,-0.005000328423,-0.01020821031,0.01440222747,-0.01021121032,0.006989820286,-0.007163814293,0.1578666416,0.1682037763,0.05304283633,-0.1096570952,-0.3477073851,-0.3538919948,-0.09640777164,-0.09525813104,-0.4386491208,-0.006187808997,-0.09477180676,-0.01980222016,0.08172489581,0.1246992377,-0.112659411,0.1095341451,-0.0667816019,-0.7470132418,-1.880629172,-1.977014894,-0.8936866904,0.8634338393,3.477131981,3.614097593,0.8750493227
#Exudyn explicit time integration (ExplicitEuler) solver solution file
#simulation started=2026-01-27,10:20:12
#columns contain: time, ODE2 displacements, ODE2 velocities, ODE2 accelerations
#number of system coordinates [nODE2, nODE1, nAlgebraic, nData] = [18,0,0,0]
#number of written coordinates [nODE2, nVel2, nAcc2, nODE1, nVel1, nAlgebraic, nData] = [18,18,18,0,0,0,0]
#total columns exported  (excl. time) = 54
#number of time steps (planned) = 200
#Exudyn version = 1.10.0; Python3.11.11; Windows AVX2 FLOAT64
#
#solution information = DogEnv
4.74,0.2221815742,-1.392184189,-0.4513836722,3.143243158,0.002270521014,-1.391029899,0.001552563156,-0.002983978888,0.00246301052,-0.0008625006691,0.1671141319,-0.298680218,-0.2904920813,0.1548925577,-0.1319401803,0.1987580872,0.1997826523,-0.1369428069,0.004565623889,0.0290559778,-0.00506635197,0.01184937586,-0.001163379235,-0.005000328423,-0.01020821031,0.01440222747,-0.01021121032,0.006989820286,-0.007163814293,0.1578666416,0.1682037763,0.05304283633,-0.1096570952,-0.3477073851,-0.3538919948,-0.09640777164,-0.09525813104,-0.4386491208,-0.006187808997,-0.09477180676,-0.01980222016,0.08172489581,0.1246992377,-0.112659411,0.1095341451,-0.0667816019,-0.7470132418,-1.880629172,-1.977014894,-0.8936866904,0.8634338393,3.477131981,3.614097593,0.8750493227
4.75,0.2222185355,-1.391938519,-0.4514457065,3.14340151,0.00227752734,-1.391072489,0.001467787911,-0.002840245014,0.002378129442,-0.0007907309272,0.1663054434,-0.2967768998,-0.2883911912,0.1545024956,-0.1332381205,0.1933040145,0.1942773018,-0.1382420431,0.002873852508,0.02026137802,-0.007064798157,0.01666584369,0.00168314131,-0.003337865056,-0.006953147891,0.01382842549,-0.00696857853,0.006872247783,-0.09814739255,0.1805592677,0.2022510082,-0.06552943556,-0.1210495598,-0.5271592986,-0.5331235274,-0.1215413255,-0.1520907163,-0.8022403744,-0.09052404643,-0.1009391508,0.04657026025,0.1914767258,0.2244005204,-0.1973140586,0.2185350856,-0.1274617442,-0.8329605697,-2.711192966,-2.799065186,-0.9552602275,0.6778436678,5.012941721,5.13808044,0.9937851846
4.76,0.2222400469,-1.391774007,-0.4515180454,3.143560947,0.002293620615,-1.39109699,0.001407020865,-0.002712744392,0.002316622113,-0.0007284432551,0.1652865387,-0.2950995678,-0.2865062975,0.1538189023,-0.134418503,0.1882739399,0.1891959979,-0.139413805,0.001441944424,0.01271948347,-0.007191632696,0.01509567018,0.001365558016,-0.001614616966,-0.005343535672,0.01163897101,-0.005491751339,0.005607212312,-0.1054776376,0.1551132924,0.1746710165,-0.07048388636,-0.1151773026,-0.4790602715,-0.4832280262,-0.1130591994,-0.1351426537,-0.7092116704,0.03998072575,-0.1776434526,-0.06425350008,0.1510256538,0.1227984553,-0.2115374069,0.1077411136,-0.1126588157,-0.6682738081,-2.419478408,-2.676226582,-0.3596640016,0.5372197022,4.60511437,4.798739442,0.7709728452
#Exudyn explicit time integration (ExplicitEuler) solver solution file
#simulation started=2026-01-27,10:20:12
#columns contain: time, ODE2 displacements, ODE2 velocities, ODE2 accelerations
#number of system coordinates [nODE2, nODE1, nAlgebraic, nData] = [18,0,0,0]
#number of written coordinates [nODE2, nVel2, nAcc2, nODE1, nVel1, nAlgebraic, nData] = [18,18,18,0,0,0,0]
#total columns exported  (excl. time) = 54
#number of time steps (planned) = 200
#Exudyn version = 1.10.0; Python3.11.11; Windows AVX2 FLOAT64
#
#solution information = DogEnv
4.76,0.2222400469,-1.391774007,-0.4515180454,3.143560947,0.002293620615,-1.39109699,0.001407020865,-0.002712744392,0.002316622113,-0.0007284432551,0.1652865387,-0.2950995678,-0.2865062975,0.1538189023,-0.134418503,0.1882739399,0.1891959979,-0.139413805,0.001441944424,0.01271948347,-0.007191632696,0.01509567018,0.001365558016,-0.001614616966,-0.005343535672,0.01163897101,-0.005491751339,0.005607212312,-0.1054776376,0.1551132924,0.1746710165,-0.07048388636,-0.1151773026,-0.4790602715,-0.4832280262,-0.1130591994,-0.1351426537,-0.7092116704,0.03998072575,-0.1776434526,-0.06425350008,0.1510256538,0.1227984553,-0.2115374069,0.1077411136,-0.1126588157,-0.6682738081,-2.419478408,-2.676226582,-0.3596640016,0.5372197022,4.60511437,4.798739442,0.7709728452
4.77,0.2222460841,-1.391691855,-0.4515938871,3.14372308,0.002314290655,-1.391104747,0.001364849656,-0.002602726017,0.002273093327,-0.0006742278661,0.1636968909,-0.2934483765,-0.2846248911,0.1524994977,-0.1349851573,0.1826321492,0.1835258239,-0.1400189562,-0.0001767095421,0.003993729384,-0.007814124911,0.01574714093,0.002305647997,0.0001093032308,-0.003239831281,0.01013618718,-0.003369186839,0.004987988835,-0.1703331961,0.1540886296,0.1766167174,-0.1482920561,-0.05310745994,-0.5413468468,-0.5439793766,-0.0563966661,-0.1444859087,-0.7838891982,0.001861762454,-0.1952103174,-0.02864603271,0.1706496531,0.1430316357,-0.2108352631,0.1404957621,-0.1195801523,-0.3724576051,-2.569819864,-2.849052697,-0.1904625415,-0.1929411162,5.159073095,5.334006256,0.2397625205
4.78,0.2222374876,-1.391688892,-0.4516702685,3.143870856,0.002334450285,-1.39109602,0.001337850905,-0.00251179567,0.002244550458,-0.0006299739937,0.1619788282,-0.2920306157,-0.2829965411,0.1510220332,-0.1355265086,0.1774668098,0.1783430723,-0.1405748652,-0.001525552612,-0.003298430551,-0.007332361592,0.01380619872,0.00164827921,0.001566707092,-0.002268909827,0.008082087132,-0.00245229836,0.003908144013,-0.1730610761,0.1296149562,0.1491657369,-0.1466200049,-0.05516847686,-0.4919569716,-0.4928093209,-0.05495993786,-0.1259989485,-0.6778864368,0.07863566935,-0.1877063807,-0.07774540099,0.1210298068,0.06783635798,-0.1840627437,0.06288744808,-0.08990106544,-0.2041737031,-2.328011032,-2.621403099,0.2625737827,-0.1942693595,4.723117912,4.890432343,0.1081783329
#Exudyn explicit time integration (ExplicitEuler) solver solution file
#simulation started=2026-01-27,10:20:12
#columns contain: time, ODE2 displacements, ODE2 velocities, ODE2 accelerations
#number of system coordinates [nODE2, nODE1, nAlgebraic, nData] = [18,0,0,0]
#number of written coordinates [nODE2, nVel2, nAcc2, nODE1, nVel1, nAlgebraic, nData] = [18,18,18,0,0,0,0]
#total columns exported  (excl. time) = 54
#number of time steps (planned) = 200
#Exudyn version = 1.10.0; Python3.11.11; Windows AVX2 FLOAT64
#
#solution information = DogEnv
4.78,0.2222374876,-1.391688892,-0.4516702685,3.143870856,0.002334450285,-1.39109602,0.001337850905,-0.00251179567,0.002244550458,-0.0006299739937,0.1619788282,-0.2920306157,-0.2829965411,0.1510220332,-0.1355265086,0.1774668098,0.1783430723,-0.1405748652,-0.001525552612,-0.003298430551,-0.007332361592,0.01380619872,0.00164827921,0.001566707092,-0.002268909827,0.008082087132,-0.00245229836,0.003908144013,-0.1730610761,0.1296149562,0.1491657369,-0.1466200049,-0.05516847686,-0.4919569716,-0.4928093209,-0.05495993786,-0.1259989485,-0.6778864368,0.07863566935,-0.1877063807,-0.07774540099,0.1210298068,0.06783635798,-0.1840627437,0.06288744808,-0.08990106544,-0.2041737031,-2.328011032,-2.621403099,0.2625737827,-0.1942693595,4.723117912,4.890432343,0.1081783329
4.79,0.222217549,-1.391746385,-0.451737137,3.143986058,0.002340222367,-1.391076781,0.001313119524,-0.002440684879,0.002217656445,-0.0005965342302,0.1602931074,-0.2909082822,-0.281718986,0.1497456392,-0.1351736184,0.1731630017,0.1740393381,-0.1401289449,-0.002449573587,-0.008092407125,-0.006044317494,0.01018007291,-0.0001895737647,0.002125877225,-0.00264966341,0.006438098039,-0.002890859528,0.003028803251,-0.1662062237,0.1023882358,0.1156825038,-0.1200847058,0.03134968932,-0.4080002594,-0.4069199348,0.04133789381,-0.08715802597,-0.443239439,0.1173804333,-0.1774747566,-0.09295054061,0.02237123237,-0.01157728373,-0.07996010667,-0.01463325863,-0.02804732048,0.3078075371,-1.772850283,-2.073101345,0.5412627638,-0.9000794477,4.014375271,4.140673952,-0.7579594996
4.8,0.2221889413,-1.3918481,-0.4517922211,3.14408022,0.002334913477,-1.391054849,0.001286342429,-0.002379078489,0.002188504269,-0.00056725706,0.1586473735,-0.2899695155,-0.2806599957,0.1485681502,-0.1349022652,0.1692752227,0.1701673782,-0.1397508267,-0.003259634699,-0.01217774735,-0.005001478957,0.008712342198,-0.0008067591237,0.002223822061,-0.002699411573,0.005961407051,-0.00292050371,0.002847755679,-0.1627880643,0.08551919934,0.0963770259,-0.115458329,0.02306903881,-0.3697994262,-0.3677939233,0.03440333083,-0.07495386986,-0.3751230348,0.0935164709,-0.1290966509,-0.04610023717,-0.0006397706928,-0.005290738799,-0.02734501266,-0.0005826969248,-0.01250011069,0.3768121915,-1.585218997,-1.799260055,0.4549513399,-0.7610184462,3.637807591,3.708751095,-0.6411928193
#Exudyn explicit time integration (ExplicitEuler) solver solution file
#simulation started=2026-01-27,10:20:12
#columns contain: time, ODE2 displacements, ODE2 velocities, ODE2 accelerations
#number of system coordinates [nODE2, nODE1, nAlgebraic, nData] = [18,0,0,0]
#number of written coordinates [nODE2, nVel2, nAcc2, nODE1, nVel1, nAlgebraic, nData] = [18,18,18,0,0,0,0]
#total columns exported  (excl. time) = 54
#number of time steps (planned) = 200
#Exudyn version = 1.10.0; Python3.11.11; Windows AVX2 FLOAT64
#
#solution information = DogEnv
4.8,0.2221889413,-1.3918481,-0.4517922211,3.14408022,0.002334913477,-1.391054849,0.001286342429,-0.002379078489,0.002188504269,-0.00056725706,0.1586473735,-0.2899695155,-0.2806599957,0.1485681502,-0.1349022652,0.1692752227,0.1701673782,-0.1397508267,-0.003259634699,-0.01217774735,-0.005001478957,0.008712342198,-0.0008067591237,0.002223822061,-0.002699411573,0.005961407051,-0.00292050371,0.002847755679,-0.1627880643,0.08551919934,0.0963770259,-0.115458329,0.02306903881,-0.3697994262,-0.3677939233,0.03440333083,-0.07495386986,-0.3751230348,0.0935164709,-0.1290966509,-0.04610023717,-0.0006397706928,-0.005290738799,-0.02734501266,-0.0005826969248,-0.01250011069,0.3768121915,-1.585218997,-1.799260055,0.4549513399,-0.7610184462,3.637807591,3.708751095,-0.6411928193
4.81,0.2221572481,-1.391961956,-0.4518277439,3.144111989,0.002305262678,-1.39103692,0.001248156571,-0.002324133421,0.002147308268,-0.0005442470076,0.1577046956,-0.2896115994,-0.2802948936,0.1482834535,-0.1338265285,0.1678743614,0.1687868263,-0.1384187903,-0.003099603834,-0.01064259589,-0.002286874188,0.0009357703746,-0.004097688958,0.001142022247,-0.004701793921,0.005651456186,-0.005035433804,0.002346326908,-0.07594777022,0.03014230564,0.02758425864,-0.005616653078,0.09829371793,-0.124210996,-0.1206297621,0.1236001172,0.009312150836,0.1267190499,0.1860991906,-0.1415606419,-0.0867848103,-0.141415945,-0.1150599915,0.1117124579,-0.1167930451,0.06815815277,1.0986738,-0.1867425542,-0.458313676,0.7739227349,-1.098709366,1.472711483,1.506078377,-1.209583744
4.82,0.222126676,-1.392062376,-0.4518437402,3.144117981,0.002262182483,-1.391032232,0.001196798632,-0.002261404101,0.002092663729,-0.0005173765993,0.1569901399,-0.2893218051,-0.280038765,0.1482548727,-0.1328945969,0.1667011535,0.1676489046,-0.1372393346,-0.003015978157,-0.009450192343,-0.001084538538,0.0004656121492,-0.004398495464,-0.0001837974267,-0.005487031438,0.006918946482,-0.005805150203,0.003013120358,-0.06744190996,0.02772368369,0.02384808567,-0.00056467377,0.08824117499,-0.1106333706,-0.1072800718,0.1123814822,0.007956539103,0.1137957772,0.07337668027,-0.003834963497,-0.004741163094,-0.1219258786,-0.05667608156,0.1240836934,-0.054634784,0.05870822346,0.7199714121,-0.2435792802,-0.3089113432,0.3913638851,-0.9380923784,1.264545651,1.217576045,-1.068083994
#Exudyn explicit time integration (ExplicitEuler) solver solution file
#simulation started=2026-01-27,10:20:13
#columns contain: time, ODE2 displacements, ODE2 velocities, ODE2 accelerations
#number of system coordinates [nODE2, nODE1, nAlgebraic, nData] = [18,0,0,0]
#number of written coordinates [nODE2, nVel2, nAcc2, nODE1, nVel1, nAlgebraic, nData] = [18,18,18,0,0,0,0]
#total columns exported  (excl. time) = 54
#number of time steps (planned) = 200
#Exudyn version = 1.10.0; Python3.11.11; Windows AVX2 FLOAT64
#
#solution information = DogEnv
4.82,0.222126676,-1.392062376,-0.4518437402,3.144117981,0.002262182483,-1.391032232,0.001196798632,-0.002261404101,0.002092663729,-0.0005173765993,0.1569901399,-0.2893218051,-0.280038765,0.1482548727,-0.1328945969,0.1667011535,0.1676489046,-0.1372393346,-0.003015978157,-0.009450192343,-0.001084538538,0.0004656121492,-0.004398495464,-0.0001837974267,-0.005487031438,0.006918946482,-0.005805150203,0.003013120358,-0.06744190996,0.02772368369,0.02384808567,-0.00056467377,0.08824117499,-0.1106333706,-0.1072800718,0.1123814822,0.007956539103,0.1137957772,0.07337668027,-0.003834963497,-0.004741163094,-0.1219258786,-0.05667608156,0.1240836934,-0.054634784,0.05870822346,0.7199714121,-0.2435792802,-0.3089113432,0.3913638851,-0.9380923784,1.264545651,1.217576045,-1.068083994
4.83,0.2221028761,-1.39211753,-0.4518383936,3.144052403,0.002197424336,-1.391043982,0.001130293488,-0.002188045535,0.00202234623,-0.000487466295,0.1572656746,-0.2897817687,-0.2806551484,0.1492143502,-0.1311864822,0.1691191538,0.1700978115,-0.1352255701,-0.001748599073,-0.001576464086,0.001876759995,-0.009306881022,-0.007254436875,-0.002281562238,-0.007447525923,0.008299800215,-0.007839455575,0.003490773066,0.05459982823,-0.04501750312,-0.06411867597,0.1170220381,0.1601590194,0.2450617178,0.2496949019,0.1891545876,0.1161354691,0.7295464939,0.1784016263,-0.09434809694,-0.02394541644,-0.2124583604,-0.1128340337,0.2238015767,-0.1129621362,0.11840676,1.659778848,1.771863762,1.553901222,0.6108798912,-1.1576185,-1.93751598,-1.978856342,-1.338789143
4.84,0.2220908385,-1.392099018,-0.4518138403,3.143961089,0.002125086825,-1.391076418,0.001051238768,-0.002094975896,0.001939274235,-0.0004474616511,0.1578686698,-0.2901537561,-0.2812211773,0.1504091146,-0.1296405985,0.1714742201,0.1724944627,-0.1333995711,-0.0006761192396,0.00517472291,0.002806224318,-0.008585168524,-0.007140943571,-0.004134806226,-0.008288873907,0.01022128734,-0.008710249409,0.004447715271,0.06447334555,-0.0298984474,-0.04913350864,0.1215322544,0.1490180878,0.2258769986,0.2294120404,0.1759498793,0.09925450946,0.6258919012,0.03318865595,0.1459540344,0.02540511578,-0.1590681614,-0.06131013951,0.1589324517,-0.06674769325,0.0757624728,0.6092218683,1.347773009,1.437341829,0.3193596021,-1.080971813,-1.874733513,-2.009339474,-1.303808431
#Exudyn explicit time integration (ExplicitEuler) solver solution file
#simulation started=2026-01-27,10:20:13
#columns contain: time, ODE2 displacements, ODE2 velocities, ODE2 accelerations
#number of system coordinates [nODE2, nODE1, nAlgebraic, nData] = [18,0,0,0]
#number of written coordinates [nODE2, nVel2, nAcc2, nODE1, nVel1, nAlgebraic, nData] = [18,18,18,0,0,0,0]
#total columns exported  (excl. time) = 54
#number of time steps (planned) = 200
#Exudyn version = 1.10.0; Python3.11.11; Windows AVX2 FLOAT64
#
#solution information = DogEnv
4.84,0.2220908385,-1.392099018,-0.4518138403,3.143961089,0.002125086825,-1.391076418,0.001051238768,-0.002094975896,0.001939274235,-0.0004474616511,0.1578686698,-0.2901537561,-0.2812211773,0.1504091146,-0.1296405985,0.1714742201,0.1724944627,-0.1333995711,-0.0006761192396,0.00517472291,0.002806224318,-0.008585168524,-0.007140943571,-0.004134806226,-0.008288873907,0.01022128734,-0.008710249409,0.004447715271,0.06447334555,-0.0298984474,-0.04913350864,0.1215322544,0.1490180878,0.2258769986,0.2294120404,0.1759498793,0.09925450946,0.6258919012,0.03318865595,0.1459540344,0.02540511578,-0.1590681614,-0.06131013951,0.1589324517,-0.06674769325,0.0757624728,0.6092218683,1.347773009,1.437341829,0.3193596021,-1.080971813,-1.874733513,-2.009339474,-1.303808431
4.85,0.2220943169,-1.391986654,-0.4517723379,3.143815836,0.002040669231,-1.391128181,0.0009613465234,-0.001983964967,0.001844928777,-0.0003983188275,0.1593924702,-0.2911025519,-0.2824485139,0.152392998,-0.1275376361,0.1770030393,0.1780624231,-0.131041674,0.001370715174,0.01728142431,0.005228952795,-0.01661572993,-0.008704901453,-0.006211187771,-0.009396040639,0.01220750059,-0.00984610262,0.005572760007,0.177655848,-0.08670507965,-0.1172536695,0.2130994148,0.200133869,0.5412021602,0.5460884819,0.2239541822,0.1910440414,1.127836843,0.1331794502,0.02093179042,0.03191703143,-0.184838871,-0.06236686704,0.2000663017,-0.06375847577,0.1068098715,1.415008557,3.113464561,3.011596725,0.4330898449,-1.194251086,-4.713773462,-4.803458755,-1.325274198
4.86,0.222116986,-1.391760961,-0.4517162253,3.14365731,0.001955604672,-1.391198308,0.0008646698152,-0.001853984146,0.001743554745,-0.000338604577,0.1612077104,-0.2918289623,-0.283477737,0.1545430321,-0.1255954734,0.1821864839,0.1832876537,-0.128868519,0.003133257586,0.02768078176,0.005784633696,-0.01470206271,-0.008292187944,-0.007722005486,-0.009897396756,0.01363069375,-0.01039769215,0.006275602783,0.1834187542,-0.0593600335,-0.0888792265,0.2165802026,0.1881913836,0.4955719737,0.4988976569,0.210498049,0.1624699057,0.9588977517,0.001731148976,0.2645692797,0.04279884372,-0.1202836638,-0.03461320015,0.09625095929,-0.04193077334,0.04436063775,0.1101496535,2.458137225,2.668592838,0.2211950236,-1.183452633,-4.395749981,-4.573887419,-1.347472302
#Exudyn explicit time integration (ExplicitEuler) solver solution file
#simulation started=2026-01-27,10:20:13
#columns contain: time, ODE2 displacements, ODE2 velocities, ODE2 accelerations
#number of system coordinates [nODE2, nODE1, nAlgebraic, nData] = [18,0,0,0]
#number of written coordinates [nODE2, nVel2, nAcc2, nODE1, nVel1, nAlgebraic, nData] = [18,18,18,0,0,0,0]
#total columns exported  (excl. time) = 54
#number of time steps (planned) = 200
#Exudyn version = 1.10.0; Python3.11.11; Windows AVX2 FLOAT64
#
#solution information = DogEnv
4.86,0.222116986,-1.391760961,-0.4517162253,3.14365731,0.001955604672,-1.391198308,0.0008646698152,-0.001853984146,0.001743554745,-0.000338604577,0.1612077104,-0.2918289623,-0.283477737,0.1545430321,-0.1255954734,0.1821864839,0.1832876537,-0.128868519,0.003133257586,0.02768078176,0.005784633696,-0.01470206271,-0.008292187944,-0.007722005486,-0.009897396756,0.01363069375,-0.01039769215,0.006275602783,0.1834187542,-0.0593600335,-0.0888792265,0.2165802026,0.1881913836,0.4955719737,0.4988976569,0.210498049,0.1624699057,0.9588977517,0.001731148976,0.2645692797,0.04279884372,-0.1202836638,-0.03461320015,0.09625095929,-0.04193077334,0.04436063775,0.1101496535,2.458137225,2.668592838,0.2211950236,-1.183452633,-4.395749981,-4.573887419,-1.347472302
4.87,0.2221594546,-1.391419711,-0.4516507334,3.14348297,0.001868309559,-1.391282459,0.0007632834061,-0.001711202065,0.001637192597,-0.0002713506182,0.1636731808,-0.2926012016,-0.2845818929,0.1572541315,-0.1237162314,0.1884252973,0.1895643467,-0.1267947737,0.005313737846,0.04029182015,0.007122702221,-0.0177647751,-0.0086483912,-0.009037300707,-0.01024078336,0.0148706858,-0.01074835677,0.007103355992,0.2610293249,-0.06442048852,-0.09855480733,0.2802142115,0.1795193004,0.6021278557,0.6059075889,0.1981162932,0.1985571338,1.146172517,0.06104851951,0.1834400106,0.05040071162,-0.102278494,-0.01347423988,0.08342779197,-0.01683281659,0.04352752204,0.3200304432,3.015304142,3.112417617,0.1163471817,-0.9012362499,-5.283474549,-5.418297755,-0.978662882
4.88,0.2222218689,-1.39096326,-0.4515782488,3.143317896,0.001784379494,-1.391376925,0.0006604916731,-0.001559923509,0.001529116457,-0.0001991394377,0.1662796509,-0.293107771,-0.2854199644,0.1600584898,-0.121965824,0.1941914105,0.1953601943,-0.1248628186,0.007133807561,0.05079470773,0.00724057476,-0.01504195199,-0.00813301,-0.009772253343,-0.01027758572,0.01525988346,-0.01083049106,0.007265947045,0.2589884955,-0.0376087736,-0.06943168998,0.2802573174,0.1704629096,0.551249469,0.5533439354,0.1881248794,0.1663896787,0.9604740407,-0.02167182701,0.3050557294,0.0513244613,-0.04748269751,0.009902569401,0.004816047628,0.004725681675,-0.002689480526,-0.4897763389,2.41237619,2.71527531,-0.1209853343,-0.9036232238,-4.888773989,-5.063805488,-1.006665083
#Exudyn explicit time integration (ExplicitEuler) solver solution file
#simulation started=2026-01-27,10:20:13
#columns contain: time, ODE2 displacements, ODE2 velocities, ODE2 accelerations
#number of system coordinates [nODE2, nODE1, nAlgebraic, nData] = [18,0,0,0]
#number of written coordinates [nODE2, nVel2, nAcc2, nODE1, nVel1, nAlgebraic, nData] = [18,18,18,0,0,0,0]
#total columns exported  (excl. time) = 54
#number of time steps (planned) = 200
#Exudyn version = 1.10.0; Python3.11.11; Windows AVX2 FLOAT64
#
#solution information = DogEnv
4.88,0.2222218689,-1.39096326,-0.4515782488,3.143317896,0.001784379494,-1.391376925,0.0006604916731,-0.001559923509,0.001529116457,-0.0001991394377,0.1662796509,-0.293107771,-0.2854199644,0.1600584898,-0.121965824,0.1941914105,0.1953601943,-0.1248628186,0.007133807561,0.05079470773,0.00724057476,-0.01504195199,-0.00813301,-0.009772253343,-0.01027758572,0.01525988346,-0.01083049106,0.007265947045,0.2589884955,-0.0376087736,-0.06943168998,0.2802573174,0.1704629096,0.551249469,0.5533439354,0.1881248794,0.1663896787,0.9604740407,-0.02167182701,0.3050557294,0.0513244613,-0.04748269751,0.009902569401,0.004816047628,0.004725681675,-0.002689480526,-0.4897763389,2.41237619,2.71527531,-0.1209853343,-0.9036232238,-4.888773989,-5.063805488,-1.006665083
4.89,0.222301732,-1.390406343,-0.4515061614,3.143177249,0.001705526554,-1.391476455,0.000558862684,-0.001406979802,0.001421966759,-0.0001258513564,0.1692212538,-0.293115172,-0.2857351062,0.1632147607,-0.1210677712,0.1984683306,0.1996539806,-0.1237965682,0.00873081384,0.05998194437,0.007123399617,-0.01250450128,-0.007559555303,-0.01004431755,-0.009994114557,0.01519292766,-0.01055645506,0.007272274832,0.2954496143,0.01085976579,-0.01813165965,0.3186710638,0.08541388053,0.4061876761,0.4070285631,0.1019268343,0.1359622957,0.7839128733,-0.02810193409,0.3030992473,0.05868038234,-0.003263801933,0.04162012026,-0.03965780699,0.03744730314,-0.02599082702,-0.9850753646,1.551023126,1.924363594,-0.5820848352,-0.07378916285,-3.464947762,-3.621471854,-0.1728978469
4.9,0.2223953168,-1.389770326,-0.4514366362,3.143066268,0.00163271807,-1.391576456,0.0004614302725,-0.001257604948,0.001318656913,-5.470983122e-05,0.1721255877,-0.2929348749,-0.2858265878,0.166368464,-0.1202176124,0.2023630505,0.2035501472,-0.1227862736,0.009954131211,0.06703739189,0.00675711513,-0.009745192842,-0.007001489107,-0.009897711533,-0.009443119937,0.01462487139,-0.01006041621,0.006927242762,0.2852407776,0.02482601039,-0.0005232425084,0.311681957,0.0845419932,0.3728502443,0.3723543605,0.1000485676,0.1093841094,0.6309746577,-0.04111690684,0.2536672565,0.05501112555,0.03075696094,0.06767386724,-0.07104502231,0.06119490651,-0.04155523693,-1.038501983,1.243640208,1.603092697,-0.7819814026,-0.1088999642,-3.208096724,-3.322697422,-0.2079774195
#Exudyn explicit time integration (ExplicitEuler) solver solution file
#simulation started=2026-01-27,10:20:13
#columns contain: time, ODE2 displacements, ODE2 velocities, ODE2 accelerations
#number of system coordinates [nODE2, nODE1, nAlgebraic, nData] = [18,0,0,0]
#number of written coordinates [nODE2, nVel2, nAcc2, nODE1, nVel1, nAlgebraic, nData] = [18,18,18,0,0,0,0]
#total columns exported  (excl. time) = 54
#number of time steps (planned) = 200
#Exudyn version = 1.10.0; Python3.11.11; Windows AVX2 FLOAT64
#
#solution information = DogEnv
4.9,0.2223953168,-1.389770326,-0.4514366362,3.143066268,0.00163271807,-1.391576456,0.0004614302725,-0.001257604948,0.001318656913,-5.470983122e-05,0.1721255877,-0.2929348749,-0.2858265878,0.166368464,-0.1202176124,0.2023630505,0.2035501472,-0.1227862736,0.009954131211,0.06703739189,0.00675711513,-0.009745192842,-0.007001489107,-0.009897711533,-0.009443119937,0.01462487139,-0.01006041621,0.006927242762,0.2852407776,0.02482601039,-0.0005232425084,0.311681957,0.0845419932,0.3728502443,0.3723543605,0.1000485676,0.1093841094,0.6309746577,-0.04111690684,0.2536672565,0.05501112555,0.03075696094,0.06767386724,-0.07104502231,0.06119490651,-0.04155523693,-1.038501983,1.243640208,1.603092697,-0.7819814026,-0.1088999642,-3.208096724,-3.322697422,-0.2079774195
4.91,0.2224977415,-1.389083068,-0.4513777122,3.143011161,0.001573326244,-1.391671947,0.0003736905233,-0.001115344022,0.001224326921,1.222447643e-05,0.174975972,-0.2920235399,-0.2850971134,0.1695346929,-0.1207277907,0.2031265018,0.2043030494,-0.1231437147,0.01040663706,0.06971148566,0.005161545422,-0.002648983378,-0.005228949694,-0.009107868779,-0.008159431289,0.01366224702,-0.008843806117,0.006350080464,0.2742810149,0.09565311064,0.08251974492,0.3107823251,-0.04873845455,0.06449484905,0.06211721527,-0.03385291626,0.02587250673,0.1558576239,-0.1090953375,0.3223219595,0.08476911185,0.09507293001,0.1198009478,-0.1240645408,0.111025533,-0.07318399604,-1.985727524,-0.489663618,0.1351144322,-1.497345437,0.9884516428,-0.3767088923,-0.5018671071,0.8440775468
4.92,0.2226028621,-1.388379607,-0.4513302591,3.14299582,0.001524241363,-1.39175816,0.0002980969071,-0.0009850313406,0.001141297529,7.206733013e-05,0.1776314736,-0.2910877341,-0.2842698793,0.1725668494,-0.1211677988,0.2037532912,0.2049027283,-0.1234409073,0.01059694793,0.07085643256,0.004421145891,-0.0007023303079,-0.004643357106,-0.008112838404,-0.006943661353,0.01237741763,-0.007757863594,0.005608161606,0.2573777552,0.09160027725,0.08255135059,0.2954723102,-0.03936409462,0.06084327656,0.05797553794,-0.02561512268,0.01242979034,0.07456875142,-0.04834659922,0.1272145341,0.04500299538,0.1023979467,0.1219428367,-0.1305653593,0.1066920449,-0.07492709693,-1.523173884,-0.3931848685,-0.097096732,-1.523761874,0.8758490705,-0.3632435441,-0.3717570279,0.7822890153
#Exudyn explicit time integration (ExplicitEuler) solver solution file
#simulation started=2026-01-27,10:20:13
#columns contain: time, ODE2 displacements, ODE2 velocities, ODE2 accelerations
#number of system coordinates [nODE2, nODE1, nAlgebraic, nData] = [18,0,0,0]
#number of written coordinates [nODE2, nVel2, nAcc2, nODE1, nVel1, nAlgebraic, nData] = [18,18,18,0,0,0,0]
#total columns exported  (excl. time) = 54
#number of time steps (planned) = 200
#Exudyn version = 1.10.0; Python3.11.11; Windows AVX2 FLOAT64
#
#solution information = DogEnv
4.92,0.2226028621,-1.388379607,-0.4513302591,3.14299582,0.001524241363,-1.39175816,0.0002980969071,-0.0009850313406,0.001141297529,7.206733013e-05,0.1776314736,-0.2910877341,-0.2842698793,0.1725668494,-0.1211677988,0.2037532912,0.2049027283,-0.1234409073,0.01059694793,0.07085643256,0.004421145891,-0.0007023303079,-0.004643357106,-0.008112838404,-0.006943661353,0.01237741763,-0.007757863594,0.005608161606,0.2573777552,0.09160027725,0.08255135059,0.2954723102,-0.03936409462,0.06084327656,0.05797553794,-0.02561512268,0.01242979034,0.07456875142,-0.04834659922,0.1272145341,0.04500299538,0.1023979467,0.1219428367,-0.1305653593,0.1066920449,-0.07492709693,-1.523173884,-0.3931848685,-0.097096732,-1.523761874,0.8758490705,-0.3632435441,-0.3717570279,0.7822890153
4.93,0.2227051807,-1.387691779,-0.4512996177,3.143045482,0.001496956674,-1.391831361,0.0002430836701,-0.0008654282995,0.001077050479,0.000125929236,0.1798056404,-0.2895777368,-0.2827246144,0.1751346048,-0.1227303292,0.201202993,0.2023310958,-0.124898239,0.00979538159,0.06626663946,0.001979084686,0.007844741405,-0.001608010717,-0.006434405145,-0.004324453334,0.01123063736,-0.005317862342,0.004947118561,0.1984646,0.1467962573,0.156758491,0.2405107877,-0.147585253,-0.253341027,-0.2569001642,-0.1375500007,-0.0858446621,-0.5006434608,-0.1457375429,0.2108886407,0.1023933585,0.1772087904,0.1924878676,-0.1795548394,0.1746292827,-0.1070667741,-2.392481443,-2.05072833,-1.494088098,-2.126563257,1.574139231,2.428731608,2.373993798,1.479229863
4.94,0.2227989211,-1.387053827,-0.4512847288,3.143128302,0.001483588146,-1.391887236,0.0002083032582,-0.0007624273781,0.001031251966,0.0001698608817,0.1816848291,-0.2882021496,-0.2812350115,0.1774381866,-0.1241312034,0.1987866838,0.1998801557,-0.1262016687,0.008947060294,0.06127950449,0.001171041986,0.008360526429,-0.001206663481,-0.00475965545,-0.002699688475,0.009344396316,-0.003921323443,0.003824131471,0.178055841,0.1287103808,0.1407820209,0.2203499676,-0.1327301951,-0.2300382218,-0.2331862995,-0.1231585576,-0.08407006313,-0.4970197051,-0.03516995682,-0.0263048816,0.008720547087,0.1561213434,0.1403348518,-0.1858878374,0.1162855993,-0.1107571266,-1.827289794,-1.680895926,-1.639464088,-1.914281914,1.399453455,2.223046738,2.308506568,1.380954551
#Exudyn explicit time integration (ExplicitEuler) solver solution file
#simulation started=2026-01-27,10:20:13
#columns contain: time, ODE2 displacements, ODE2 velocities, ODE2 accelerations
#number of system coordinates [nODE2, nODE1, nAlgebraic, nData] = [18,0,0,0]
#number of written coordinates [nODE2, nVel2, nAcc2, nODE1, nVel1, nAlgebraic, nData] = [18,18,18,0,0,0,0]
#total columns exported  (excl. time) = 54
#number of time steps (planned) = 200
#Exudyn version = 1.10.0; Python3.11.11; Windows AVX2 FLOAT64
#
#solution information = DogEnv
4.94,0.2227989211,-1.387053827,-0.4512847288,3.143128302,0.001483588146,-1.391887236,0.0002083032582,-0.0007624273781,0.001031251966,0.0001698608817,0.1816848291,-0.2882021496,-0.2812350115,0.1774381866,-0.1241312034,0.1987866838,0.1998801557,-0.1262016687,0.008947060294,0.06127950449,0.001171041986,0.008360526429,-0.001206663481,-0.00475965545,-0.002699688475,0.009344396316,-0.003921323443,0.003824131471,0.178055841,0.1287103808,0.1407820209,0.2203499676,-0.1327301951,-0.2300382218,-0.2331862995,-0.1231585576,-0.08407006313,-0.4970197051,-0.03516995682,-0.0263048816,0.008720547087,0.1561213434,0.1403348518,-0.1858878374,0.1162855993,-0.1107571266,-1.827289794,-1.680895926,-1.639464088,-1.914281914,1.399453455,2.223046738,2.308506568,1.380954551
4.95,0.2228799302,-1.386490569,-0.4512872963,3.143260177,0.001493119429,-1.391924374,0.0001998253244,-0.0006724924251,0.001009362979,0.0002064845139,0.1826874077,-0.2864977199,-0.2792826417,0.1788117017,-0.1254440939,0.1939136303,0.1949949551,-0.127482826,0.007266433533,0.05136452679,-0.001387658009,0.01488267764,0.002102042959,-0.002588585386,0.0005841166637,0.008194363184,-0.0008422233572,0.003163297033,0.07739689515,0.1611831595,0.1903265763,0.1128343543,-0.1213386141,-0.4738609194,-0.4762565207,-0.1183720217,-0.1580079269,-0.9491896084,-0.1416618263,0.01841776342,0.07056016571,0.2196111722,0.202483331,-0.2212664817,0.1823184405,-0.1365088495,-2.107822919,-2.741779259,-2.617784296,-2.011590809,0.8867966942,4.382808219,4.405784246,0.9711744473
4.96,0.2229450087,-1.386022656,-0.4513053785,3.143405519,0.001514649423,-1.391940089,0.0002136258668,-0.0006020940491,0.001007748678,0.0002311206371,0.1833671998,-0.2850130742,-0.2775111769,0.1798498325,-0.1266160446,0.1893860759,0.1904475882,-0.1286203398,0.005756330336,0.04224976798,-0.002018003017,0.01392403387,0.00203246367,-0.0006099287851,0.00204028035,0.005868055554,0.000379214772,0.0017619866,0.05910370915,0.1360747148,0.1636841286,0.09521540557,-0.1131541396,-0.4318462736,-0.4332419441,-0.1091716219,-0.1445880925,-0.875246986,-0.008517462079,-0.1478219315,-0.04184576366,0.175044422,0.1079575872,-0.2229721984,0.08565580327,-0.1323261159,-1.643863762,-2.369097141,-2.642152011,-1.609294044,0.7682587662,4.016932409,4.147410748,0.880992774
#Exudyn explicit time integration (ExplicitEuler) solver solution file
#simulation started=2026-01-27,10:20:13
#columns contain: time, ODE2 displacements, ODE2 velocities, ODE2 accelerations
#number of system coordinates [nODE2, nODE1, nAlgebraic, nData] = [18,0,0,0]
#number of written coordinates [nODE2, nVel2, nAcc2, nODE1, nVel1, nAlgebraic, nData] = [18,18,18,0,0,0,0]
#total columns exported  (excl. time) = 54
#number of time steps (planned) = 200
#Exudyn version = 1.10.0; Python3.11.11; Windows AVX2 FLOAT64
#
#solution information = DogEnv
4.96,0.2229450087,-1.386022656,-0.4513053785,3.143405519,0.001514649423,-1.391940089,0.0002136258668,-0.0006020940491,0.001007748678,0.0002311206371,0.1833671998,-0.2850130742,-0.2775111769,0.1798498325,-0.1266160446,0.1893860759,0.1904475882,-0.1286203398,0.005756330336,0.04224976798,-0.002018003017,0.01392403387,0.00203246367,-0.0006099287851,0.00204028035,0.005868055554,0.000379214772,0.0017619866,0.05910370915,0.1360747148,0.1636841286,0.09521540557,-0.1131541396,-0.4318462736,-0.4332419441,-0.1091716219,-0.1445880925,-0.875246986,-0.008517462079,-0.1478219315,-0.04184576366,0.175044422,0.1079575872,-0.2229721984,0.08565580327,-0.1323261159,-1.643863762,-2.369097141,-2.642152011,-1.609294044,0.7682587662,4.016932409,4.147410748,0.880992774
4.97,0.2229927885,-1.385658728,-0.451335057,3.143567691,0.001547204215,-1.391936367,0.0002467783196,-0.0005493002376,0.001023752449,0.0002456142226,0.1831204835,-0.2834437149,-0.2755982742,0.1799253805,-0.126563329,0.183565806,0.1846322469,-0.1285691512,0.003862450787,0.03083216192,-0.003705725056,0.0163162647,0.003804273599,0.001373126134,0.004303733637,0.00442369697,0.002548134868,0.0009293249349,-0.04401650266,0.1461757839,0.181013744,-0.01501401599,0.009278073033,-0.5610082709,-0.5609808623,0.009229783968,-0.1715205928,-1.050472026,-0.08022006875,-0.1478017502,-0.001255913829,0.1894463929,0.1260043002,-0.2162946935,0.1151374199,-0.1299668319,-1.257408019,-2.732208,-3.03798218,-1.21005761,-0.6947759907,5.195673208,5.284229033,-0.448537862
4.98,0.2230232361,-1.385400596,-0.4513737568,3.143722111,0.001583206719,-1.391914131,0.0002941586969,-0.0005158913536,0.001052985189,0.0002486028396,0.1826249465,-0.2821125167,-0.2739376279,0.1797261898,-0.1265046986,0.1782055253,0.1792778609,-0.1285001023,0.002240847211,0.0208717725,-0.003856666751,0.01447948062,0.00328981456,0.003001457473,0.005044606505,0.002280439419,0.003174280643,-0.0003033758087,-0.05469937916,0.1201932818,0.1510430608,-0.02433256126,0.002480499079,-0.5112955416,-0.5100837838,0.004566970828,-0.153400152,-0.9438594094,0.02959847092,-0.1959186419,-0.07009793797,0.1365021597,0.04040857553,-0.1951056804,0.03168688394,-0.1085642186,-0.9353934379,-2.488523523,-2.911505272,-0.7953012731,-0.644550779,4.751055102,4.874945759,-0.4468589534
#Exudyn explicit time integration (ExplicitEuler) solver solution file
#simulation started=2026-01-27,10:20:13
#columns contain: time, ODE2 displacements, ODE2 velocities, ODE2 accelerations
#number of system coordinates [nODE2, nODE1, nAlgebraic, nData] = [18,0,0,0]
#number of written coordinates [nODE2, nVel2, nAcc2, nODE1, nVel1, nAlgebraic, nData] = [18,18,18,0,0,0,0]
#total columns exported  (excl. time) = 54
#number of time steps (planned) = 200
#Exudyn version = 1.10.0; Python3.11.11; Windows AVX2 FLOAT64
#
#solution information = DogEnv
4.98,0.2230232361,-1.385400596,-0.4513737568,3.143722111,0.001583206719,-1.391914131,0.0002941586969,-0.0005158913536,0.001052985189,0.0002486028396,0.1826249465,-0.2821125167,-0.2739376279,0.1797261898,-0.1265046986,0.1782055253,0.1792778609,-0.1285001023,0.002240847211,0.0208717725,-0.003856666751,0.01447948062,0.00328981456,0.003001457473,0.005044606505,0.002280439419,0.003174280643,-0.0003033758087,-0.05469937916,0.1201932818,0.1510430608,-0.02433256126,0.002480499079,-0.5112955416,-0.5100837838,0.004566970828,-0.153400152,-0.9438594094,0.02959847092,-0.1959186419,-0.07009793797,0.1365021597,0.04040857553,-0.1951056804,0.03168688394,-0.1085642186,-0.9353934379,-2.488523523,-2.911505272,-0.7953012731,-0.644550779,4.751055102,4.874945759,-0.4468589534
4.99,0.223038438,-1.385236101,-0.4514111202,3.14385515,0.001609815364,-1.39187893,0.0003433021436,-0.0005027501783,0.001083235477,0.0002398843391,0.1817096971,-0.2809647705,-0.2725038924,0.1791779559,-0.1250104045,0.1730786958,0.1741718469,-0.1269442222,0.000844800463,0.01229200704,-0.003570578311,0.01208895045,0.002181569095,0.003941207538,0.004839079187,0.0005749077327,0.002948894765,-0.001259583514,-0.09797092637,0.1044416074,0.1303832575,-0.06139890122,0.1436786244,-0.4895556183,-0.4869393682,0.1498771772,-0.1276674384,-0.7865211691,0.04724291394,-0.2094018832,-0.0719469815,0.06906667292,-0.01236669547,-0.1196467857,-0.01059213511,-0.06020376317,-0.1831593039,-2.179986707,-2.634359051,-0.250070653,-1.999626801,4.612196857,4.717203628,-1.826171075
5,0.2230408127,-1.385150619,-0.4514439795,3.143966772,0.001628473685,-1.391836732,0.0003906995021,-0.0005020722884,0.001111948562,0.0002247560672,0.180723095,-0.2800263397,-0.271326193,0.1785557471,-0.1236692443,0.1684042818,0.169528015,-0.1255335152,-0.0003575989104,0.004877080657,-0.002958750463,0.01029557177,0.001573660366,0.004443399659,0.004600630516,-0.00037051155,0.002765579928,-0.001727581741,-0.09918691189,0.08330448543,0.1053427938,-0.06280206683,0.1247293305,-0.4455875289,-0.4421435132,0.132378262,-0.1130872816,-0.6982439301,0.06970924423,-0.1603662193,-0.05335791068,0.0330076976,-0.03466800312,-0.07241536215,-0.02614887042,-0.03440635213,-0.07135184705,-2.022827799,-2.373217781,-0.07788287533,-1.785315705,4.192139674,4.257662008,-1.660069463
#simulation finished=2026-01-27,10:20:13
#Solver Info: cpuTime=0,stepReductionFailed(or step failed)=0,discontinuousIterationSuccessful=1,newtonSolutionDiverged=0,massMatrixNotInvertible=0,total time steps=200,total Newton iterations=0,total Newton jacobians=0
